Actual,Predicted,Placement_Probability
-1,0,7.721352205665174e-65
0,0,0.40099927641855937
0,0,2.4259165319029496e-23
-1,0,1.5422148276766425e-47
0,0,0.006721767361555405
0,1,0.9992385207630202
0,0,2.7288389848735356e-05
0,0,4.5041033414024224e-27
-1,0,3.0484237394293535e-37
0,0,2.4708944861408808e-15
-1,0,3.0509065634071557e-40
0,0,1.8330517342337162e-25
0,0,1.245975350965675e-13
0,0,1.7085051752278878e-18
0,0,3.936813215831113e-28
0,0,3.557351967082467e-23
-1,0,2.1342284027662273e-48
0,0,1.4745909316894802e-13
0,0,8.233765155745979e-57
-1,0,1.7259868016528447e-48
0,0,8.405472868656272e-12
0,1,0.9999997544531459
-1,0,2.0393531310378705e-42
0,0,1.3828225274205938e-21
0,0,1.9368262475704676e-21
0,0,2.2922013816020515e-21
0,0,3.22951900332327e-05
0,0,6.020772585197184e-24
-1,0,1.4324262895283218e-65
0,1,0.9999999969244722
0,0,1.1732003907957259e-36
0,0,2.418029334802301e-11
0,0,0.0007922964240690091
-1,0,5.347918043772098e-39
0,0,4.3276931888882125e-11
-1,0,3.391509569332729e-54
0,0,4.259305924756147e-28
0,0,4.774617383184142e-35
0,0,2.580590710415984e-06
-1,0,1.834544684422839e-28
-1,0,1.0243661326433821e-71
0,0,5.04081712938305e-28
0,0,2.880396343128654e-35
0,0,8.881330911438713e-08
-1,0,5.673728419186591e-50
0,0,0.0005657986584497836
0,0,0.016183188969714886
0,0,1.3735294938884394e-34
-1,0,3.1423875027736647e-63
-1,0,4.044242450598789e-44
0,1,0.9999999956923156
0,0,4.678156851344235e-43
0,0,5.066665722423037e-09
-1,0,6.658785895786374e-57
0,0,3.232253604206725e-08
0,0,2.3114705835050703e-14
-1,0,3.818216298443709e-39
0,0,3.828433630684503e-11
-1,0,2.1302661771205733e-79
0,0,2.723847185556303e-36
0,0,7.161508972983498e-05
-1,0,5.930457065524159e-44
-1,0,1.2302860793993015e-42
0,0,2.435811716183364e-38
-1,0,5.612705126437675e-48
0,0,5.67041507298469e-10
0,0,9.98018398199224e-24
0,0,0.0001740593472813196
0,0,1.6352154498292766e-18
-1,0,2.1565619878156829e-41
0,0,1.107632123492892e-31
-1,0,6.189791665690704e-78
-1,0,6.589826801649652e-64
0,0,1.5488616054916917e-25
0,0,4.7590940345417013e-23
0,1,0.9942793861958388
-1,0,7.9468087234341575e-50
-1,0,4.0072645124170206e-48
0,0,9.366708543639127e-35
0,1,0.9992385207630202
-1,0,3.786386353780247e-46
0,0,6.638662835269593e-08
0,0,2.171152866974849e-28
-1,0,4.7386708795379154e-45
0,0,3.796518511023201e-18
0,1,0.9992385207630202
0,0,8.362590651096494e-31
0,0,7.441840909902177e-15
0,0,2.446309799191065e-16
-1,0,2.441768189956116e-47
0,0,2.171152866974849e-28
0,0,1.8222159257206085e-41
0,1,0.9990989279903394
-1,0,1.4682628787143743e-35
0,0,1.0843716992616038e-36
-1,0,6.671171020485046e-26
-1,0,8.641436821073962e-66
0,0,5.869040622127983e-51
-1,0,5.603573618612056e-42
0,0,5.9705813851081395e-31
0,0,2.2866097625940118e-12
0,0,5.3665961013753406e-14
0,0,1.5589823265548547e-49
0,0,1.393312311622911e-11
-1,0,2.441768189956116e-47
0,0,4.281147042893906e-09
0,1,0.9999999999986742
0,0,3.389528996133585e-14
-1,0,1.2927734737762597e-63
-1,0,1.8033448640096864e-48
-1,0,1.2406283778782928e-35
0,0,3.3291723128390846e-31
0,0,5.3532181883172974e-05
0,0,1.6365472699680573e-21
0,0,1.7465749979454618e-16
0,1,0.9994562134587772
-1,0,1.0252004394896646e-74
-1,0,1.378009711562139e-46
-1,0,8.396701212802101e-46
0,1,0.9965410596904526
-1,0,1.5184570476534982e-73
-1,0,3.1713845930481664e-59
0,0,1.051090601413312e-07
0,0,2.1894044845211654e-21
0,0,5.062516872584793e-06
-1,0,1.6165922037804546e-59
0,0,1.473390911201053e-10
0,0,3.7319517022968447e-38
-1,0,1.4670680082045027e-32
0,0,1.0357415715332485e-36
0,0,2.878052280156661e-32
0,0,7.27203549645797e-51
0,0,1.6489617536437498e-11
0,0,9.818442758420582e-47
0,0,5.044922681204763e-31
0,0,2.2828843849974286e-06
0,0,2.158814385035967e-07
0,0,3.064055638164784e-18
0,1,0.9999999999986742
0,0,4.774617383184142e-35
-1,0,7.43407486640563e-49
-1,0,7.077597730253018e-37
-1,0,4.6732748913519326e-77
-1,0,2.6638632086492874e-75
0,0,8.873316656139749e-05
-1,0,1.901900110816763e-75
0,0,8.355785185195329e-28
0,0,1.2946554049325164e-23
-1,0,1.300994983453923e-41
0,1,0.999858646546025
0,0,1.5606109252407948e-15
0,1,0.9999999999994289
0,1,0.999858646546025
0,0,6.236746048963398e-68
0,0,4.830459715057283e-40
-1,0,1.2788691610703645e-61
-1,0,1.792684663173798e-64
0,1,0.9984372666531418
0,0,1.2864739575969873e-45
0,0,2.294068291532774e-24
-1,0,7.908084963129628e-32
0,0,5.3532181883172974e-05
0,0,0.00047812109245736937
0,0,7.810302679148827e-24
-1,0,3.1765526385135695e-65
0,0,2.139447392157629e-57
0,0,7.869549898647515e-14
0,1,0.6084988841351642
-1,0,7.721352205665174e-65
-1,0,7.792602726726618e-61
0,0,1.438599890710249e-43
0,0,6.644070211645717e-11
0,0,5.01625388380276e-10
0,1,0.9999999992008601
0,0,2.1805055445739427e-06
0,0,2.4219697227804224e-17
0,0,1.2376019765904868e-26
-1,0,6.339485247213496e-45
0,1,0.9999998518682707
0,0,9.955838221251546e-15
-1,0,3.9625375208909624e-52
-1,0,6.2917573747442274e-55
0,0,1.3140695966537855e-40
-1,0,7.508785110959402e-48
0,0,1.3186590962348087e-15
-1,0,1.525001432026061e-51
0,0,1.051090601413312e-07
0,0,4.284633890950767e-12
0,0,7.108101405054281e-15
0,0,5.032616046299734e-22
0,0,3.3950525267696046e-20
0,0,1.4745909316894802e-13
0,0,7.167854559611443e-08
-1,0,6.5189504923919e-62
0,0,5.960867635781796e-25
0,0,6.687484537229184e-35
-1,0,1.2155642390077357e-43
0,0,1.2345829579362693e-17
0,0,1.7140780261319198e-30
0,0,1.1763397953180034e-08
-1,0,2.705542014263679e-49
-1,0,9.389613661225664e-44
0,0,4.666744908677183e-34
0,0,0.00010501250477314298
0,0,4.7552210897181836e-20
0,0,3.834672394527096e-17
-1,0,3.8213260888759234e-42
0,0,4.711742422540337e-24
0,0,2.7194156625508767e-30
0,0,2.4443189953096283e-13
0,0,5.636895273781009e-26
-1,0,7.060332567479584e-28
0,0,1.834544684422839e-28
0,1,0.9989337726694644
-1,0,7.351099609213826e-53
-1,0,2.7327319079853004e-48
0,0,5.618568466924002e-14
0,0,7.113890680467999e-18
0,0,3.4089007651373125e-35
0,0,3.02370544305288e-07
0,0,5.911175823646644e-32
0,0,7.888793901484382e-23
0,0,1.1646355662313986e-09
-1,0,2.673166976966571e-50
-1,0,2.398288098920413e-64
0,0,1.73342561664568e-26
0,0,3.5901782356558933e-19
0,0,5.931817588197557e-07
0,0,1.452471104970429e-33
0,1,0.8348283043583623
-1,0,1.8988058424819605e-69
0,0,2.431848808236626e-32
0,0,8.903049889268079e-17
0,0,2.2758624382147467e-40
0,0,7.020205869401002e-07
0,0,3.805802423564017e-27
0,0,4.493115986610375e-18
0,0,2.405693269800122e-30
0,0,4.4167022513287995e-38
-1,0,5.853377313157886e-79
-1,0,1.8266719275116836e-50
-1,0,6.184754420909266e-75
0,0,0.0005657986584497836
0,0,1.1615273855343287e-37
-1,0,3.978700500313965e-67
-1,0,6.714762430346353e-50
0,0,2.7105742342131294e-18
0,1,0.9998805588889413
0,0,3.22951900332327e-05
0,0,1.9305291886686415e-09
0,0,1.5606109252407948e-15
-1,0,1.0896815751619162e-54
0,1,0.9999999986753256
0,0,1.5488616054916917e-25
0,0,1.0431774000864238e-17
0,0,3.4291717963635414e-19
0,0,8.369401659788264e-34
0,0,8.376218215784732e-37
0,0,2.5674319311537952e-25
0,0,3.0286337483402524e-13
-1,0,1.9100970929985912e-53
-1,0,8.286128528977824e-35
-1,0,1.8435279552094775e-46
0,0,6.351276483114235e-14
0,0,1.4548380322500973e-39
0,0,5.028520509602316e-19
0,0,1.1142186588335777e-15
0,0,3.0590706180256284e-12
-1,0,9.760402516762386e-63
0,0,3.949654425449154e-40
0,0,1.651648879455752e-17
0,0,8.405472868656272e-12
0,0,1.7390797537561401e-38
0,0,4.5456659720714137e-23
0,1,0.9999999999956888
-1,0,2.7011402725866727e-43
-1,0,2.575806453845305e-37
-1,0,3.1967542119438007e-43
-1,0,1.0218672836420765e-62
0,0,4.2489157312335314e-19
0,0,3.5989575687867074e-28
-1,0,7.43407486640563e-49
-1,0,5.293751723570979e-09
0,0,7.948636537937332e-13
-1,0,2.073784555619372e-28
0,0,2.6912531050508096e-37
0,1,0.9959089985382445
-1,0,7.835778547163029e-36
-1,0,6.93461059926037e-45
0,0,6.727251669574452e-19
0,1,0.9920058436002769
0,0,3.0540843807503397e-06
0,0,3.2053085466883795e-15
0,0,1.0457283603198083e-26
0,0,4.795195463698525e-13
-1,0,1.385075956319704e-27
0,0,1.106730733844393e-28
-1,0,2.309058414082285e-48
0,0,7.895219020932577e-26
-1,0,1.6966332085219005e-68
-1,0,1.6281980935101489e-40
0,0,0.2238077031813989
0,0,1.8375342336430842e-34
0,0,7.895219020932577e-26
0,1,0.9998805588889413
-1,0,1.6057281592196266e-72
0,1,0.9932368483549753
0,1,0.9951619999287135
-1,0,3.968994818473495e-58
-1,0,5.659887869267966e-41
-1,0,2.4298697726923084e-29
0,0,2.1605731223451685e-10
0,0,1.761257433543827e-09
0,0,5.618568466924002e-14
-1,0,6.216468993119381e-56
-1,0,2.9837201552212274e-79
0,0,5.627724410151942e-20
0,0,0.009389440805964612
-1,0,5.650679598174863e-35
-1,0,9.913113781324748e-37
0,0,8.328618659335301e-16
-1,0,4.9631634702768763e-54
0,0,1.0887947936473882e-51
-1,0,5.027364185155403e-56
0,0,9.32865744694565e-20
0,0,1.4518748960567007e-39
0,0,5.04081712938305e-28
-1,0,2.4602909005167596e-37
-1,0,2.882742315249851e-38
-1,0,8.879289409460461e-45
0,0,3.033569168959572e-19
0,0,5.317527416372916e-18
0,0,2.1640939635684868e-16
-1,0,1.6445610007897324e-39
0,0,1.63122648622615e-09
-1,0,3.6077583706817892e-37
-1,0,5.873820730153923e-54
0,0,1.1133119090695486e-12
-1,0,6.692931236369285e-38
0,0,2.7194156625508767e-30
0,0,4.2523763098009485e-22
0,0,2.842465595557004e-24
-1,0,1.3130002084456176e-37
0,0,1.307666307251037e-22
-1,0,1.6308513831150705e-46
-1,0,1.3693015148945244e-68
-1,0,5.261248418290143e-62
-1,0,2.4115760926684616e-39
0,0,4.9430012316171056e-39
0,0,7.025928484688983e-10
0,0,1.9368262475704676e-21
0,0,6.671171020485046e-26
-1,0,5.311978231741062e-52
0,1,0.9998805588889413
0,0,8.34219086372491e-22
-1,0,8.783788984166056e-43
0,0,2.33090122705489e-07
0,1,0.9999999999995175
0,0,0.00010501250477314298
0,0,3.566051027667371e-32
0,0,5.965722533381234e-28
0,0,4.288123560604897e-15
0,0,1.6378801748231558e-24
0,0,1.5606109252407948e-15
0,0,3.780226148346115e-40
0,0,1.4622982420963354e-20
0,0,1.2480057755559494e-19
0,0,3.038512632272637e-25
0,0,1.71199206899197e-18
0,0,6.615557878686589e-33
-1,0,1.727392551569133e-51
-1,0,4.526158721307038e-45
-1,0,2.6797038734281455e-59
-1,0,1.825185384162372e-47
-1,0,1.1770271692879572e-48
0,0,4.766849389851813e-29
0,0,7.942167941078665e-10
-1,0,1.8988058424819605e-69
0,0,1.1693860540159974e-24
0,0,5.012169152941938e-07
0,0,3.4005850584763966e-26
0,0,1.2345829579362693e-17
-1,0,4.456433361829761e-71
0,0,1.3921784164293802e-08
-1,0,1.3556773600499887e-69
0,0,2.7194156625508767e-30
0,1,0.9998805588889413
0,0,2.5826991605907027e-09
0,0,5.716768061418223e-40
-1,0,3.226252983303984e-39
-1,0,8.253899801570874e-66
0,1,0.9999999999995923
0,0,1.8004109386801184e-42
0,0,9.864808473458237e-19
0,0,5.0831923429232956e-21
-1,0,7.307644693982249e-69
-1,0,7.345117293468112e-50
-1,0,4.0376627299909146e-38
0,0,0.03126115450608706
-1,0,1.3802552975616008e-52
0,0,3.226252983303984e-39
0,0,2.8757101247801666e-29
0,0,1.7494211929537326e-22
-1,0,5.5500590460877094e-52
0,0,1.3921784164293802e-08
-1,0,6.503048099284418e-53
-1,0,2.3171229965450073e-23
0,0,4.8671025084005334e-30
-1,0,6.226599266962727e-62
-1,0,7.47828159876224e-33
0,0,3.406126605922099e-32
-1,0,1.214295718910688e-77
0,0,6.676604432892822e-29
0,0,8.302981623584156e-50
-1,0,2.3015511489087364e-36
0,0,1.0370108144187132e-33
0,0,1.106730733844393e-28
0,0,8.821646157306968e-21
-1,0,4.2299180284104354e-10
-1,0,1.1019813144883682e-50
-1,0,5.930457065524159e-44
0,0,1.4781968599114456e-22
0,1,0.999858646546025
0,0,0.2238077031813989
0,0,0.003598531040656893
-1,0,2.3943862394694266e-58
-1,0,8.765898633159968e-43
0,0,1.2237885103348718e-30
0,0,4.7648926981924025e-35
-1,0,4.712560391374961e-70
0,1,0.9989337726694644
0,0,1.6392141652780324e-27
0,0,7.048845863539417e-22
0,1,0.9999999999995923
0,0,0.016183188969714886
-1,0,1.1085342472886326e-34
0,0,3.2427967660062927e-20
-1,0,5.065500652026937e-46
0,0,1.2386099558365183e-29
0,1,0.9993565019537491
0,0,5.915990249174953e-35
0,0,1.3839487832241056e-24
-1,0,1.6044214196349534e-69
-1,0,2.135966649776955e-51
0,0,6.671171020485046e-26
0,0,3.8377955878171246e-20
-1,0,2.580003953225386e-43
-1,0,5.303335987101377e-46
0,1,0.9844369487419924
0,0,1.8424479774374199e-06
0,0,3.7996106294414844e-21
0,0,2.427892347684611e-26
0,0,1.2155642390077357e-43
0,0,3.656742303273772e-11
-1,0,2.5674319311537952e-25
0,0,9.35908592784218e-32
-1,0,4.0072645124170206e-48
0,1,0.9999999999998941
0,0,7.875959344595554e-17
0,0,1.244961377615366e-10
0,0,7.901649373393629e-29
-1,0,7.484372371716805e-36
0,1,0.6852339549895139
-1,0,7.854939966371026e-45
-1,0,4.0343768850683874e-35
0,0,1.5631540757098234e-21
0,0,2.559084635907331e-13
0,1,0.9998805588889413
0,0,3.21314672899341e-24
0,0,5.024428305847582e-16
0,0,2.55492051814063e-07
0,0,7.522751206489462e-17
0,0,8.355785185195329e-28
0,0,3.3345974870397084e-37
0,0,0.1959069714273571
0,0,1.5513856094280592e-31
0,0,8.412318803336641e-15
-1,0,4.244481712180734e-53
-1,0,4.9712513743810947e-60
0,0,1.3175859730958574e-12
-1,0,5.006941139019994e-41
0,0,1.1058300777456724e-25
-1,0,6.313731871307203e-30
-1,0,6.339485247213496e-45
0,0,2.418029334802301e-11
0,0,2.1676205418395502e-22
0,0,1.3735294938884394e-34
-1,0,3.0509065634071557e-40
0,0,7.968073937293274e-22
0,1,0.9996718776349772
0,0,4.0343768850683874e-35
0,0,5.609427105166668e-08
-1,0,1.9447264586398566e-36
0,0,1.9483056267697424e-05
0,0,1.849966633038735e-21
0,0,1.1130558994204029e-49
0,0,1.640549242216866e-30
-1,0,7.03003388765574e-50
-1,0,1.3626290875726804e-50
0,0,9.422407683759871e-19
0,0,6.671171020485046e-26
-1,0,4.9418645726029233e-76
-1,0,1.0858890156240374e-79
0,0,4.2523763098009485e-22
-1,0,1.6057281592196266e-72
0,0,5.024428305847582e-16
0,0,2.0653600619689428e-13
0,1,0.9998805588889413
0,0,4.2489157312335314e-19
-1,0,7.301697741792662e-66
0,0,2.388545349701074e-49
0,0,1.3862040474544595e-30
-1,0,4.0409512511078485e-41
-1,0,3.0509065634071557e-40
-1,0,9.31133866057407e-51
0,0,8.369401659788264e-34
0,0,5.592160559952959e-42
0,0,2.55492051814063e-07
0,0,4.027813215096964e-29
0,0,7.901649373393629e-29
0,0,0.0011093640295040171
0,0,3.840921324828111e-23
0,0,5.222839240361905e-35
0,0,4.5456659720714137e-23
-1,0,3.5254377581939194e-73
-1,0,3.9625375208909624e-52
0,0,2.580590710415984e-06
0,0,2.5481025914668344e-35
-1,0,2.441768189956116e-47
0,0,3.796518511023201e-18
-1,0,4.518794954130151e-39
0,0,1.6476198034942192e-08
0,0,6.282965881029379e-12
0,0,1.0491393469077487e-38
0,0,1.1636864344394692e-06
0,0,2.8663605482007157e-17
0,0,6.692931236369285e-38
0,0,2.0704106424221792e-22
0,1,0.9998805588889413
0,0,7.441840909902177e-15
0,0,2.2513845976197793e-38
-1,0,2.882742315249851e-38
0,0,6.010977178038067e-18
0,0,1.106730733844393e-28
0,1,0.932831014183391
0,0,1.4670680082045027e-32
-1,0,7.047224958786225e-59
-1,0,5.044922681204763e-31
-1,0,3.3859918028590996e-48
-1,0,1.9253769916930236e-37
0,0,2.0653600619689428e-13
-1,0,2.0410141057860515e-45
-1,0,9.663289328916949e-64
-1,0,3.1449468566254667e-66
0,0,4.277644770729762e-06
-1,0,5.843854247267756e-73
-1,0,1.4694587224003547e-38
0,0,1.720375232657027e-36
0,0,7.981058602877195e-28
0,1,0.9999999999999105
0,0,5.675033411349332e-13
0,0,3.7996106294414844e-21
-1,0,4.9591244539996964e-51
0,0,2.540843333322191e-32
-1,0,4.9712513743810947e-60
-1,0,1.2396187560429067e-32
0,0,1.734837425190889e-29
0,0,1.63122648622615e-09
-1,0,5.669111146035177e-47
0,0,1.7263837891219283e-11
0,0,3.3790953960844723e-48
0,0,9.351469515320518e-29
0,1,0.9816338355076064
-1,0,1.6139621129370481e-53
0,0,1.556801531688063e-06
0,0,1.157275767810206e-31
-1,0,8.714080347150865e-59
0,0,4.694495711145824e-18
0,1,0.9844369487419924
-1,0,4.774617383184142e-35
-1,0,1.392991914999771e-48
-1,0,1.5409597751624147e-44
-1,0,9.854513906211028e-53
-1,0,5.2903989761905145e-37
-1,0,3.778674444826563e-46
0,0,4.259305924756147e-28
0,0,5.0707923525965856e-12
-1,0,2.058171722567489e-38
0,0,1.5225203534379646e-45
0,0,3.2348862549994657e-11
0,1,0.9999725424628295
-1,0,1.2819964761112316e-70
0,0,0.00047812109245736937
0,0,1.640549242216866e-30
0,0,1.1684344090954047e-21
-1,0,2.976441638397635e-70
0,0,4.0343768850683874e-35
-1,0,2.560579962972497e-53
-1,0,5.930457065524159e-44
-1,0,3.2019635993971456e-49
0,0,2.4259165319029496e-23
-1,0,9.921187631515645e-40
0,0,1.550123093743037e-28
0,0,7.888793901484382e-23
0,1,0.9999999999994289
0,0,1.6298963422268864e-06
-1,0,5.2990201388518615e-43
0,0,2.5674319311537952e-25
-1,0,6.916103494710097e-73
0,0,7.441840909902177e-15
0,0,4.0245353856975e-26
0,0,1.830069477749748e-19
0,0,5.702822520165369e-31
-1,0,1.3693015148945244e-68
-1,0,4.778506125543243e-38
0,0,2.8663605482007157e-17
-1,0,7.502674470947918e-45
-1,0,6.703837946643906e-44
0,0,8.412318803336641e-15
-1,0,8.326703466716184e-53
0,0,7.51662920088619e-14
0,0,4.4821554143918466e-09
0,0,3.018092803104663e-38
0,0,5.006037046531996e-10
0,1,0.9999999999999545
0,1,0.9990989279903394
-1,0,1.5472452679827101e-59
0,0,1.9499303994070067e-08
0,0,9.321065797084003e-17
0,0,3.4319647250006903e-22
-1,0,1.720375232657027e-36
-1,0,6.154616920930008e-57
0,0,2.549131128566999e-44
0,0,2.4076526145120276e-33
0,0,2.405693269800122e-30
0,0,1.1596376556853977e-31
0,1,0.9993263087946075
0,0,2.4219697227804224e-17
0,0,1.393312311622911e-11
0,0,1.5413139677510024e-07
0,0,2.4007934825799043e-30
-1,0,2.0297679407739597e-70
-1,0,4.998795169979502e-35
0,0,1.3910261329202112e-05
0,0,3.593102297849996e-22
-1,0,8.376218215784732e-37
0,0,1.8390308346557032e-37
-1,0,5.213142964389462e-66
0,0,2.3095895115574323e-11
0,0,3.22362746262712e-36
0,0,1.4757919293316246e-16
0,0,5.7964708154700995e-43
0,0,3.7471741344515083e-53
0,0,3.406126605922099e-32
-1,0,2.976441638397635e-70
0,0,1.0448773478770192e-23
0,0,3.5901782356558933e-19
0,0,8.206995344283468e-45
0,0,5.062516872584793e-06
0,0,5.032616046299734e-22
0,0,1.3862040474544595e-30
0,1,0.999858646546025
-1,0,2.3015511489087364e-36
0,0,5.01625388380276e-10
0,0,1.504919319193715e-40
0,0,2.1324915703387613e-45
-1,0,4.2306819531346725e-41
-1,0,1.8033448640096864e-48
-1,0,8.676684781449813e-81
0,0,5.684281369090422e-19
0,0,9.896985787063434e-31
0,0,2.4239423240377386e-20
0,0,3.802705266271382e-24
0,0,5.012169152941938e-07
0,0,2.563254885639639e-19
-1,0,1.5422148276766425e-47
0,0,5.330530766501031e-27
0,0,1.9384037181123954e-24
0,0,3.834672394527096e-17
0,1,0.9999999999997922
0,0,1.1114993872479387e-06
0,1,0.9999999999988798
0,0,8.821646157306968e-21
-1,0,2.163596323208721e-53
0,1,0.9998248619036796
-1,0,2.0548232104387475e-32
0,0,2.55492051814063e-07
0,1,0.9998805588889413
0,0,1.0414802179899897e-11
0,0,5.632307975397648e-23
0,1,0.9993565019537491
-1,0,1.8988058424819605e-69
0,0,5.9705813851081395e-31
0,0,4.483964648587977e-18
0,0,4.288123560604897e-15
-1,0,1.2302860793993015e-42
0,0,7.054586877591848e-25
-1,0,4.3977484349028356e-60
-1,0,5.286093656064435e-34
0,0,8.843218392804481e-30
0,0,7.379803202805118e-22
0,0,5.0914758444559516e-27
0,0,1.8390308346557032e-37
0,1,0.9426474162674192
-1,0,4.158731393258075e-61
0,0,5.334872278945704e-30
-1,0,3.4116771837985895e-38
0,0,1.3910261329202112e-05
0,0,1.2864739575969873e-45
-1,0,1.9100970929985912e-53
0,0,7.813455293998654e-33
0,0,1.2439480750043335e-07
-1,0,3.731093528012813e-75
-1,0,1.8237000505601423e-44
0,0,1.051090601413312e-07
-1,0,8.721177630691391e-62
0,1,0.9965410596904526
-1,0,1.1741559174252292e-39
0,0,7.161508972983498e-05
0,0,2.1676205418395502e-22
0,0,4.5041033414024224e-27
-1,0,6.524259927029634e-65
0,0,2.171152866974849e-28
-1,0,2.121612233858546e-64
-1,0,3.2157637135155272e-27
0,1,0.9999999999956888
0,0,3.362629505848779e-30
-1,0,1.9003523468651696e-72
0,0,1.4745909316894802e-13
-1,0,3.4116771837985895e-38
0,0,1.954698749130934e-17
0,0,6.716306866684025e-13
0,0,1.2307826821972879e-51
-1,0,1.1476283249283448e-38
0,0,0.04324379515738642
0,0,7.048845863539417e-22
0,0,9.351469515320518e-29
0,0,9.336255279914276e-23
0,0,9.343859301025919e-26
0,0,3.617412516388001e-09
0,0,2.446309799191065e-16
0,0,1.244961377615366e-10
0,0,3.389528996133585e-14
-1,0,5.8343466747890584e-67
-1,0,3.956090728913551e-46
-1,0,4.269721526201282e-37
-1,0,1.7376644928092056e-35
0,0,2.7149913493464646e-24
0,0,4.791293137283377e-10
0,0,3.593102297849996e-22
0,0,9.336255279914276e-23
0,0,4.204913508534805e-26
0,1,0.9999999999996556
-1,0,9.84649431501496e-50
-1,0,1.1436340858323474e-63
0,0,6.293204517341921e-18
-1,0,5.626430296842883e-57
0,1,0.9999999999999545
-1,0,4.7348145550526137e-42
-1,0,2.058171722567489e-38
0,0,1.4575439623199484e-08
0,0,4.674349773100033e-40
0,0,8.843218392804481e-30
0,0,1.849966633038735e-21
-1,0,4.925797465953793e-64
-1,0,1.3567815071579768e-72
0,0,2.388545349701074e-49
0,0,6.981528826439205e-32
0,0,1.546341707946259e-19
-1,0,7.466114918809766e-27
0,0,3.787257231408364e-09
-1,0,3.1662249556582915e-53
-1,0,1.1770271692879572e-48
-1,0,1.5447280001137704e-53
0,0,9.305901025692803e-11
0,0,8.762361721363063e-34
0,0,8.873316656139749e-05
-1,0,1.724582195734095e-45
0,0,1.7960189982082107e-33
-1,0,1.9447264586398566e-36
-1,0,1.3052386059929366e-53
0,0,2.431848808236626e-32
-1,0,4.794092793097745e-50
0,0,1.6392141652780324e-27
-1,0,3.1739675639155715e-62
0,0,1.307666307251037e-22
-1,0,7.03003388765574e-50
-1,0,4.786293114534561e-44
0,0,3.2507266210763825e-29
0,0,5.31320001915583e-15
0,0,1.6255491206356872e-34
0,0,1.241638822011879e-38
0,0,4.0451710147047915e-07
0,0,4.2916160724425385e-18
0,0,1.3208079652737745e-21
-1,0,4.25139846220624e-59
-1,0,3.2045714756900003e-52
-1,0,9.896985787063434e-31
0,0,8.286128528977824e-35
0,0,2.0687257448089396e-19
0,0,4.021260223791537e-23
-1,0,1.0491393469077487e-38
0,0,5.67041507298469e-10
0,1,0.9999999999999105
-1,0,4.259305924756147e-28
-1,0,9.389613661225664e-44
0,0,5.960867635781796e-25
-1,0,3.997489151239407e-39
0,0,4.7707318054788186e-32
-1,0,2.996579663882408e-57
-1,0,4.774617383184142e-35
0,0,1.1085342472886326e-34
0,0,6.93461059926037e-45
0,0,3.632167762444981e-24
0,1,0.9783369542742287
-1,0,2.8123818548864742e-68
0,1,0.9583694221825518
0,0,8.800126545259483e-12
0,0,0.0025718657341346736
0,0,3.5960287415803777e-25
0,1,0.9993565019537491
0,0,4.7474846528992134e-14
0,0,1.3816971881626484e-18
0,0,2.873369875446854e-26
0,0,9.848759068795418e-13
-1,0,2.703340247527637e-46
-1,0,3.22362746262712e-36
0,0,3.2157637135155272e-27
0,0,4.7590940345417013e-23
0,0,3.3978176665729514e-23
-1,0,3.155205133970507e-78
-1,0,2.0410141057860515e-45
0,0,1.1655841184965904e-12
-1,0,1.8375342336430842e-34
0,0,3.0409873840345674e-28
-1,0,8.872063454750324e-42
-1,0,4.0508328934303704e-50
0,0,1.0482855586082968e-35
-1,1,0.9999999999999243
0,0,7.901649373393629e-29
0,0,1.3197330933895799e-18
0,0,3.5814203176355973e-10
-1,0,3.942321835349864e-71
0,0,1.1004413912056756e-07
-1,0,3.20979360205068e-58
0,1,0.9999999928594738
0,0,2.427892347684611e-26
0,0,1.245975350965675e-13
0,0,6.602083664681204e-33
-1,0,7.854939966371026e-45
0,0,9.445449006646926e-28
0,0,1.5488616054916917e-25
0,0,5.01625388380276e-10
-1,0,1.363738896595526e-53
0,0,2.8951666204267813e-16
0,1,0.9997657107404385
-1,0,1.7376644928092056e-35
0,0,3.653766317555724e-08
-1,0,1.1722456417726087e-33
-1,0,1.2282844836075022e-36
0,0,1.0482855586082968e-35
0,0,1.3910261329202112e-05
0,1,0.9999999999998941
0,0,3.134721931233666e-54
-1,0,3.942321835349864e-71
-1,0,7.43407486640563e-49
0,0,9.389613661225664e-44
-1,0,3.744124688787847e-50
0,0,1.9384037181123954e-24
0,0,0.0004040247674651655
0,0,1.5580719098852974e-09
0,0,1.8330517342337162e-25
0,0,2.7017542518399355e-06
-1,0,3.968994818473495e-58
0,0,1.8148133985614606e-26
-1,0,2.2472048698177837e-69
0,1,0.9999999999997089
0,0,5.675033411349332e-13
-1,0,2.43382945562937e-35
0,0,1.0934873805358252e-29
0,0,4.008186207552437e-11
0,0,6.701086161822739e-50
-1,1,0.9999999999939615
0,0,2.1640939635684868e-16
0,0,5.684281369090422e-19
-1,0,6.31887416326509e-33
0,0,3.3950525267696046e-20
-1,0,2.1268003719822935e-73
0,0,1.8004109386801184e-42
-1,0,2.2786513792859166e-37
0,0,4.0114507213352924e-14
-1,0,3.1713845930481664e-59
-1,0,1.0210356893139184e-59
-1,0,9.31133866057407e-51
0,0,1.051090601413312e-07
-1,0,3.5741258725303795e-10
0,0,7.060332567479584e-28
0,0,4.527199560482874e-08
0,0,4.4967754569005835e-21
-1,0,7.047224958786225e-59
0,0,1.1040309638102035e-19
0,0,1.550123093743037e-28
0,0,3.0540843807503397e-06
0,0,4.0550646162759685e-16
0,0,4.500437907688766e-24
-1,0,1.1712916697230626e-30
0,0,4.423899649617059e-44
-1,0,1.699398019065163e-74
0,0,2.0514801461224273e-26
-1,0,6.979923401455172e-69
0,0,4.04846728706625e-10
-1,0,1.5577136286708338e-46
-1,0,1.9178882772706698e-68
-1,0,3.350926112035852e-55
-1,0,1.6308513831150705e-46
0,0,6.66031745718429e-20
0,0,3.626258460673529e-18
0,0,1.1636864344394692e-06
0,0,5.074922318111189e-15
0,0,2.7083683722627447e-15
0,0,1.2843809477654508e-39
0,0,0.0009375332382105298
0,0,1.1485630240929926e-41
0,0,1.1142186588335777e-15
-1,0,4.466555609972427e-34
-1,0,1.741913734615768e-44
0,0,1.8439519744909458e-09
0,0,8.308294840798664e-07
0,0,5.37971944285338e-23
-1,0,3.4089007651373125e-35
-1,0,1.6321796488892335e-49
0,0,3.984492420232641e-27
0,0,5.028520509602316e-19
-1,0,4.280162597700753e-46
0,0,0.026543175832651634
0,1,0.9998805588889413
0,0,2.0619994296936182e-07
0,0,3.808902103372316e-30
0,0,4.9349592886660055e-33
0,0,9.258425092807076e-30
0,0,1.2439480750043335e-07
0,0,4.5224753389525024e-42
-1,0,2.831409883770436e-55
0,0,4.774617383184142e-35
0,0,5.37096698764952e-17
0,0,1.834544684422839e-28
-1,0,7.786261116291391e-58
0,0,7.935698323424418e-07
0,0,2.3171229965450073e-23
0,0,1.6462518977665187e-05
-1,0,9.207410366328138e-55
-1,0,1.842027694445755e-43
-1,0,4.4811247484389835e-46
0,0,5.716768061418223e-40
0,1,0.9994562134587772
0,1,0.9998327148965553
0,0,1.935250060772097e-18
0,0,2.0653600619689428e-13
-1,0,1.9238101222848876e-34
-1,0,7.752847189917048e-80
-1,0,2.8563843833430998e-42
-1,0,7.848547625967482e-42
0,1,0.9998805588889413
0,0,1.1674835386223097e-18
-1,0,1.9348050438029856e-55
-1,0,2.842959053828388e-70
0,0,2.1478012210701278e-26
-1,0,4.24102755822704e-50
-1,0,9.160436902573607e-74
0,0,5.941487522337556e-13
0,0,3.452360987245786e-06
-1,0,3.546401776745981e-57
0,0,6.671171020485046e-26
-1,0,2.431848808236626e-32
0,0,4.7098083511347884e-30
-1,0,3.0328715899828375e-56
0,0,2.7288389848735356e-05
0,0,1.461108225600357e-17
0,0,0.004255991032263699
0,0,1.1693860540159974e-24
-1,0,1.2978213232639872e-32
0,0,1.7306054454043953e-20
0,0,4.027813215096964e-29
0,0,6.671171020485046e-26
0,0,3.3400315020309256e-43
-1,0,2.882742315249851e-38
0,0,1.102234776916496e-13
0,0,4.0310937141624986e-32
-1,0,7.472195782471048e-30
-1,0,4.419283023500047e-78
0,0,5.612705126437675e-48
0,0,3.403354704314215e-29
0,0,5.032616046299734e-22
0,0,9.351469515320518e-29
-1,0,2.2996781494379604e-33
0,0,1.354885671808899e-29
0,0,1.5606109252407948e-15
-1,0,2.1782347953136495e-40
0,0,1.6392141652780324e-27
0,0,9.32865744694565e-20
0,0,0.029901125253923085
-1,0,9.83848125015226e-47
0,0,4.051764609718294e-13
-1,0,3.027937304280285e-50
0,0,2.7172026054571218e-27
0,0,3.793428908967092e-15
0,0,1.8454538059063856e-12
0,0,4.754127611350969e-57
0,0,9.896985787063434e-31
0,0,4.242003020448644e-13
0,0,2.7149913493464646e-24
0,0,7.102316840895373e-12
0,1,0.9999963631396123
0,0,2.0531509978583253e-29
0,0,1.0975046514901697e-35
0,0,3.0409873840345674e-28
0,0,1.087908733794526e-48
-1,0,7.012884752596111e-41
-1,1,0.999999999996922
-1,0,2.2800954629609113e-09
0,1,0.9932368483549753
0,0,3.3978176665729514e-23
0,0,1.2726373987897445e-43
0,0,4.527199560482874e-08
-1,0,1.640549242216866e-30
0,0,0.32339194064008353
-1,0,7.981058602877195e-28
0,0,5.911175823646644e-32
0,0,4.715579955660356e-27
0,0,7.875959344595554e-17
-1,0,1.363738896595526e-53
0,0,3.3950525267696046e-20
0,0,5.028520509602316e-19
0,0,1.2365948176367158e-23
-1,0,2.176462150538501e-37
-1,0,1.9332305018577068e-52
0,0,9.905046501622984e-34
0,0,1.385075956319704e-27
0,1,0.9998805588889413
0,0,2.7172026054571218e-27
0,0,5.646081082125484e-32
0,1,0.9998020269621885
-1,0,1.1741559174252292e-39
0,0,8.80729391019878e-15
-1,0,2.655202393759833e-63
0,0,4.051764609718294e-13
0,0,1.0519467847708032e-10
0,0,1.9336751566725847e-15
0,1,0.7830138077940757
0,0,3.0872987876274755e-08
0,0,2.418029334802301e-11
0,0,7.447902003316221e-18
0,0,0.0003414075220396442
0,0,2.5737102657474815e-34
0,0,7.108101405054281e-15
-1,0,2.858710798645885e-45
0,0,2.2978066742118306e-30
0,0,4.284633890950767e-12
-1,0,1.943143842659515e-33
0,0,2.5653425582321527e-22
0,0,5.268907383700733e-22
0,0,4.778506125543243e-38
0,0,1.5618819828615133e-18
-1,0,1.7941447359349422e-67
-1,0,1.3862040474544595e-30
0,0,2.571615783524933e-31
0,0,6.705375374079349e-07
0,0,5.679655507961418e-16
0,1,0.9993565019537491
0,1,0.8348283043583623
0,0,2.897524622371182e-19
-1,0,6.916103494710097e-73
-1,0,2.3763597031461146e-68
0,0,2.1676205418395502e-22
0,0,5.627724410151942e-20
0,0,1.9159948812488528e-19
-1,0,1.6418854065245565e-33
0,0,8.298132842859078e-10
0,0,3.031100454131891e-16
0,0,9.8064941478774e-35
0,0,3.389528996133585e-14
0,0,2.0481425207552906e-20
0,1,0.9998805588889413
0,0,7.901649373393629e-29
-1,0,7.748319683493768e-40
0,0,3.1850529149821593e-37
0,0,7.955110396919457e-16
0,0,2.169385985464201e-25
-1,0,7.484372371716805e-36
0,0,4.7348145550526137e-42
0,0,1.2510576180366379e-28
0,0,3.4291717963635414e-19
0,0,8.355785185195329e-28
0,0,3.418021623856797e-07
-1,0,6.916103494710097e-73
-1,0,2.536126221224918e-63
0,0,7.856746033221046e-08
-1,0,1.724582195734095e-45
-1,0,7.867740270365439e-51
0,0,9.351469515320518e-29
0,0,3.2427967660062927e-20
0,0,0.03126115450608706
-1,0,1.0268710922682508e-80
-1,0,3.5989575687867074e-28
0,0,5.924560888077438e-10
-1,0,3.5835130182596495e-50
-1,0,1.809227065715243e-60
-1,0,8.340272550133722e-59
0,0,2.450296272573125e-22
0,0,1.5724246471355295e-05
0,0,2.7105742342131294e-18
-1,0,5.864264404148025e-48
-1,0,8.606332051184104e-51
0,0,0.04324379515738642
0,0,3.4116771837985895e-38
0,0,2.1676205418395502e-22
-1,0,3.015636682924302e-35
-1,0,1.8957166083213897e-63
0,0,2.580590710415984e-06
0,1,0.9816338355076064
0,0,3.6144556193065793e-06
0,0,8.585337678600485e-42
0,0,5.326192787173765e-24
0,0,0.48391075050036786
0,0,2.8951666204267813e-16
0,0,2.712781892753289e-21
0,0,4.7629701337298295e-26
0,0,1.1058300777456724e-25
0,0,7.001475243178576e-35
-1,0,6.698382371636508e-41
-1,0,1.3589924999624244e-78
0,0,0.28767782301535344
0,0,2.2959367219899193e-27
0,0,2.1478012210701278e-26
0,0,2.892810537420604e-13
-1,0,1.0508490102062969e-44
0,0,4.7590940345417013e-23
0,0,0.28767782301535344
0,0,4.2350997625924516e-07
0,1,0.5975154997679958
-1,0,2.2777160407040246e-43
0,0,5.03671491865439e-25
-1,0,2.512937522778948e-67
0,0,5.303335987101377e-46
0,0,7.020205869401002e-07
0,0,1.3978570574751334e-23
-1,0,1.2840856002400278e-76
0,0,3.601888781410235e-31
-1,1,0.999999999999936
-1,0,2.673166976966571e-50
0,0,1.0287810390252492e-49
0,0,2.735586670042864e-14
0,1,0.9844369487419924
0,0,5.330530766501031e-27
0,1,0.9999999963601642
0,0,1.8270920732037005e-13
0,0,4.068291541684264e-28
-1,0,4.689596700493855e-52
-1,0,2.2860839493378172e-49
0,0,9.32865744694565e-20
0,0,1.0834892389174987e-33
-1,0,1.1010845234612298e-47
0,0,0.08144701269395363
0,0,6.2013044764100685e-47
0,0,4.5041033414024224e-27
0,0,4.0147178937786107e-17
0,0,1.3862040474544595e-30
-1,0,2.5211342940551043e-79
-1,0,3.394271823533359e-57
0,0,4.0179877272082143e-20
0,0,8.348985257573758e-25
0,0,3.3867706015254e-11
0,0,0.0006395363169878249
0,0,2.171152866974849e-28
0,0,7.490468105371856e-39
0,0,0.4420512703997204
0,0,2.868695088706371e-20
0,0,2.1822862362630107e-09
0,0,4.681967030307286e-46
-1,0,2.174690948339473e-34
0,0,9.250890597948134e-27
0,0,1.1674835386223097e-18
-1,0,1.7095034907945154e-58
-1,0,5.347918043772098e-39
-1,0,9.854513906211028e-53
0,0,9.931453215061106e-06
-1,0,2.441768189956116e-47
-1,0,2.303425673865598e-39
0,0,1.3907256073484559e-42
0,0,6.361626437421493e-20
0,0,9.880884032004308e-25
0,0,0.0011093640295040171
-1,0,2.289809320840789e-55
0,0,2.822204337179308e-43
0,0,1.6418854065245565e-33
0,0,1.9305291886686415e-09
-1,0,2.8850901980751786e-41
0,0,4.83944418924056e-09
0,0,3.0615621134862414e-15
0,0,1.6485825696178205e-48
-1,0,2.172921187542567e-31
0,0,8.391727286934673e-06
0,0,2.0498106541235996e-23
0,1,0.9998805588889413
0,0,1.3839487832241056e-24
0,0,3.2027000705578363e-12
-1,0,1.1732003907957259e-36
-1,0,6.974243148447029e-66
0,0,6.671171020485046e-26
0,1,0.999999999998143
0,0,7.901649373393629e-29
-1,0,1.4658741100787493e-29
-1,0,1.2819964761112316e-70
0,0,0.00047812109245736937
0,0,1.6298963422268864e-06
0,0,6.288083115310014e-15
-1,0,2.2860839493378172e-49
-1,0,2.5481025914668344e-35
0,0,2.3171229965450073e-23
-1,0,2.4233849307125674e-57
0,0,4.4821554143918466e-09
-1,0,1.2406283778782928e-35
0,0,7.948636537937332e-13
0,0,1.0039530146393816e-07
0,0,1.0440270279870707e-20
-1,0,1.8988058424819605e-69
0,1,0.7203891326027229
0,1,0.9998805588889413
0,0,0.03126115450608706
0,0,3.4005850584763966e-26
-1,0,3.5254377581939194e-73
-1,0,9.929268057547507e-43
0,0,3.000941879495715e-17
0,0,6.430792264541595e-22
0,0,2.169385985464201e-25
-1,0,3.331117618356493e-71
0,0,8.328618659335301e-16
0,0,0.0050329637533317725
0,0,2.5890148359765907e-18
0,0,3.5814203176355973e-10
0,0,5.04081712938305e-28
-1,0,1.0896815751619162e-54
0,0,1.2365948176367158e-23
0,0,1.1124058959823904e-09
0,0,3.831551742887748e-14
-1,0,2.8563843833430998e-42
-1,0,2.07547357343961e-31
0,0,6.010977178038067e-18
0,0,4.4821554143918466e-09
0,1,0.9999999999998745
-1,0,2.882742315249851e-38
0,1,0.9951619999287135
0,0,1.3066021300318718e-19
-1,0,1.6321796488892335e-49
0,1,0.9999997093994294
0,0,1.9289544092606153e-06
0,0,1.6476198034942192e-08
0,0,1.9336751566725847e-15
0,0,1.3805727647043939e-15
-1,0,2.571615783524933e-31
-1,0,1.7287994464147265e-54
-1,0,3.619526259821962e-49
0,0,5.326192787173765e-24
0,0,1.461108225600357e-17
0,0,5.3218583380886955e-21
0,0,5.020339432320708e-13
-1,0,8.676684781449813e-81
0,0,3.7996106294414844e-21
0,0,2.2767970156192934e-34
0,0,0.007035147419316433
-1,0,7.861337513090156e-48
0,0,1.640549242216866e-30
0,0,2.3866015544576105e-46
0,0,4.004924190353743e-08
-1,0,2.7282859301117955e-42
0,0,1.556801531688063e-06
0,0,9.880884032004308e-25
-1,0,8.286128528977824e-35
-1,0,1.724582195734095e-45
-1,0,4.237576215259549e-47
0,0,3.1974792610175238e-06
0,0,4.027813215096964e-29
-1,0,4.518794954130151e-39
-1,0,4.000744952520354e-42
-1,0,1.0966115035658272e-32
-1,0,2.0144864941513946e-80
0,0,4.198072386518963e-20
0,0,5.032616046299734e-22
0,0,5.632307975397648e-23
0,0,3.21314672899341e-24
0,0,2.8881032878683805e-07
0,0,2.7194156625508767e-30
0,0,2.4403416510443696e-07
0,0,5.03671491865439e-25
0,0,2.569523005789419e-28
0,0,0.1959069714273571
0,0,3.1974792610175238e-06
0,0,1.1485630240929926e-41
0,0,9.366708543639127e-35
-1,0,7.908084963129628e-32
0,0,6.361626437421493e-20
0,0,8.362590651096494e-31
0,1,0.9959089985382445
-1,0,9.152982150382359e-71
0,0,0.021532464321724475
0,0,5.36222877183607e-11
-1,0,6.2917573747442274e-55
0,0,5.07905564729837e-18
0,0,1.051090601413312e-07
0,0,9.366708543639127e-35
0,1,0.9998805588889413
0,0,5.941487522337556e-13
0,0,1.7465749979454618e-16
0,0,5.975444194183082e-34
0,0,3.744124688787847e-50
0,0,3.210531874170051e-21
0,0,5.6139960825584796e-11
0,0,0.0007922964240690091
-1,0,8.396701212802101e-46
-1,0,1.2152847161055524e-80
0,0,8.426027404349548e-21
0,0,7.528878198230449e-20
0,0,1.8454538059063856e-12
0,0,1.5438259101107562e-13
0,0,5.632307975397648e-23
-1,0,5.848613841959344e-76
-1,0,1.699398019065163e-74
-1,0,7.746537932488375e-77
0,0,5.266744607768723e-28
0,0,1.464681183545831e-26
-1,0,2.534062324851265e-60
0,0,1.6418854065245565e-33
0,0,2.2749441610314573e-31
-1,0,4.754127611350969e-57
-1,0,6.64795248228144e-51
0,0,1.5618819828615133e-18
0,0,7.935698323424418e-07
0,0,6.030583954819403e-30
0,0,0.022520688130908524
0,0,0.0005657986584497836
-1,0,1.4634892278150458e-23
-1,0,2.7077455742540704e-52
0,1,0.9998805588889413
0,1,0.6852339549895139
-1,0,3.3148855175611866e-53
0,0,2.2959367219899193e-27
0,0,3.0615621134862414e-15
-1,0,1.030457526700425e-55
0,0,4.670545793051519e-37
-1,0,1.6295241982819473e-43
0,0,5.032616046299734e-22
0,0,1.2282844836075022e-36
0,0,3.568955439177831e-35
0,0,7.856746033221046e-08
0,0,2.056496784972049e-35
0,1,0.9999999928594738
0,1,0.999999999996922
-1,0,1.2406283778782928e-35
0,0,3.0261690490368774e-10
0,0,6.293204517341921e-18
0,0,0.0006695437149103229
0,0,1.0406326518618274e-08
0,0,4.1868685613790145e-48
0,0,1.0431774000864238e-17
-1,0,1.0482855586082968e-35
0,1,0.9942793861958388
0,0,4.021260223791537e-23
0,0,2.2513845976197793e-38
-1,0,2.3015511489087364e-36
-1,1,0.9999999999988798
0,1,0.9083862650299876
0,0,5.659887869267966e-41
-1,0,1.1436340858323474e-63
-1,0,2.2435488129981096e-63
0,0,4.466555609972427e-34
-1,0,6.573751512163661e-55
-1,0,2.4135402287135027e-42
0,0,4.0451710147047915e-07
0,0,1.9415625146100953e-30
0,0,4.7098083511347884e-30
-1,0,3.939113578729219e-68
0,0,4.5077717604709036e-30
0,0,3.2348862549994657e-11
-1,0,3.3338306856341035e-74
-1,0,1.8062835704243135e-54
0,0,2.822204337179308e-43
-1,0,1.5299757251873227e-63
0,0,8.321840839792042e-13
0,0,4.787391699250803e-07
0,0,8.814467112604074e-18
0,0,1.9384037181123954e-24
-1,0,9.8064941478774e-35
0,0,7.927423198660269e-41
0,0,1.849966633038735e-21
-1,0,2.0112090550607254e-74
0,0,5.650679598174863e-35
-1,0,2.5299395695258896e-54
0,0,8.193643094250211e-39
0,0,0.007035147419316433
0,0,2.569523005789419e-28
0,0,6.638662835269593e-08
0,0,3.956090728913551e-46
-1,0,2.1250695844770674e-70
-1,0,2.0598480243352582e-41
0,0,1.0448773478770192e-23
-1,0,2.6616953600736057e-72
0,1,0.9993565019537491
-1,0,1.809227065715243e-60
0,0,8.910301081238252e-20
0,1,0.9942793861958388
-1,0,2.1817844172929523e-46
-1,0,1.3757677789857195e-40
0,0,1.1684344090954047e-21
0,0,6.671171020485046e-26
-1,0,8.805268644667835e-52
0,0,1.3218837125997809e-24
0,0,1.1655841184965904e-12
0,0,2.7149913493464646e-24
0,0,5.727401030850407e-09
0,1,0.7830138077940757
0,0,1.6476198034942192e-08
-1,0,4.658081029808999e-65
0,0,9.336255279914276e-23
-1,0,4.273199050289117e-40
0,0,1.4745909316894802e-13
-1,0,7.001475243178576e-35
0,0,2.0498106541235996e-23
0,0,8.355785185195329e-28
0,0,2.0531509978583253e-29
0,0,3.4235927558839643e-13
-1,0,2.43382945562937e-35
-1,0,1.7390797537561401e-38
0,0,4.302110684324354e-27
0,0,3.2157637135155272e-27
-1,0,1.1653160886850888e-49
-1,0,1.0210356893139184e-59
-1,0,1.9269451372561015e-40
-1,0,3.7563373814732305e-62
-1,0,3.231510441556403e-45
-1,0,1.7376644928092056e-35
0,0,2.7105742342131294e-18
-1,1,0.999999999998431
-1,0,6.298330090558916e-21
0,0,8.80729391019878e-15
-1,0,6.64254238679573e-48
0,0,4.288123560604897e-15
0,0,4.0245353856975e-26
0,0,1.6281980935101489e-40
0,0,3.5785044829341515e-07
0,0,1.244961377615366e-10
0,0,8.792964935951334e-09
0,1,0.9959089985382445
-1,0,1.4694587224003547e-38
-1,0,6.61017414588911e-30
0,0,1.3816971881626484e-18
0,0,4.787391699250803e-07
-1,0,4.9418645726029233e-76
-1,0,1.3119316905042843e-34
0,0,1.309797262589662e-28
-1,0,5.617276459053861e-51
0,1,0.9773428762557226
0,0,6.705375374079349e-07
-1,0,1.3119316905042843e-34
0,1,0.9999999999998745
0,0,1.2198097002678268e-18
0,0,8.391727286934673e-06
0,0,7.472195782471048e-30
-1,0,8.376218215784732e-37
0,0,4.0114507213352924e-14
0,0,7.484372371716805e-36
-1,0,1.1622634988823997e-09
0,0,8.792964935951334e-09
0,0,2.892810537420604e-13
0,0,2.584802676467035e-12
0,0,5.028520509602316e-19
0,0,2.984406429068036e-42
-1,0,1.032977382069809e-64
0,0,3.557351967082467e-23
0,0,9.880884032004308e-25
0,0,1.6418854065245565e-33
-1,0,6.276409198802805e-46
0,0,6.0158728879338476e-21
0,0,3.593102297849996e-22
0,1,0.9999999999994289
0,0,2.0514801461224273e-26
-1,0,4.3977484349028356e-60
-1,0,1.2436621798530318e-44
-1,0,4.0508328934303704e-50
-1,0,3.3175853644165836e-56
0,0,1.2500395088985268e-25
0,0,8.355785185195329e-28
0,0,4.5456659720714137e-23
0,0,1.3119316905042843e-34
0,0,2.5258235216564853e-48
0,0,7.031650838352552e-13
-1,0,7.484372371716805e-36
0,0,1.3165137215334465e-09
-1,0,5.655281859538912e-38
0,0,1.928514560013446e-43
-1,0,3.997489151239407e-39
0,0,1.2406283778782928e-35
0,0,1.051090601413312e-07
0,0,0.16432136011213958
0,0,2.55492051814063e-07
0,0,6.441271796691049e-28
0,0,2.0636792740863612e-10
0,0,3.866908250315262e-10
0,0,2.0636792740863612e-10
0,0,0.0002437761885872327
0,0,5.641486308342603e-29
-1,0,6.64254238679573e-48
-1,0,3.5225687613182766e-70
0,1,0.9998805588889413
0,0,1.5372007424567592e-35
0,0,8.814467112604074e-18
0,0,8.881330911438713e-08
0,0,1.0448773478770192e-23
0,0,2.4259165319029496e-23
0,0,2.294068291532774e-24
-1,0,8.213679626577607e-48
-1,1,0.9999999999928537
0,1,0.9999990550019013
-1,0,5.545542414918757e-49
0,0,4.799100966115538e-16
-1,0,1.6938728961463739e-62
-1,0,1.9348050438029856e-55
0,0,6.62094599632771e-36
0,1,0.9998805588889413
-1,1,0.9999999999998517
0,1,0.9932368483549753
0,1,0.999858646546025
0,0,2.0636792740863612e-10
-1,0,5.646081082125484e-32
0,0,1.444800099440385e-21
-1,0,1.0896815751619162e-54
0,0,6.020772585197184e-24
-1,0,3.777149804994481e-37
0,0,1.556801531688063e-06
0,0,1.5526491533836072e-34
0,0,5.618568466924002e-14
-1,0,3.414455863746211e-41
0,0,8.265915264072515e-26
0,0,1.7565569887903148e-37
0,0,1.716178532087827e-27
0,0,1.1151261471092032e-18
0,0,4.826528692931464e-37
0,0,8.348985257573758e-25
-1,0,2.878052280156661e-32
0,0,8.286128528977824e-35
0,0,5.623144575006029e-17
-1,0,2.4115760926684616e-39
0,0,1.547601143837888e-22
-1,0,3.150071819512863e-72
-1,0,4.0310937141624986e-32
0,0,1.954698749130934e-17
0,0,0.00047812109245736937
-1,0,6.658785895786374e-57
0,0,2.8710315306055467e-23
-1,0,3.2019635993971456e-49
0,0,4.485805977803181e-12
-1,0,1.0474324651207039e-32
-1,0,1.531221831614988e-66
-1,0,6.550872035658244e-80
0,0,2.4135402287135027e-42
0,0,5.641486308342603e-29
0,0,4.277644770729762e-06
0,0,2.575806453845305e-37
-1,0,6.189791665690704e-78
0,0,3.844049607631708e-26
0,0,5.675033411349332e-13
0,1,0.9998805588889413
0,0,3.560249293542406e-26
0,0,1.706722239303065e-52
0,0,0.0004040247674651655
0,0,7.863145668081364e-11
0,0,5.032616046299734e-22
-1,0,1.1722456417726087e-33
-1,0,8.286128528977824e-35
0,0,1.5372007424567592e-35
-1,0,1.8375342336430842e-34
0,0,5.684281369090422e-19
0,0,2.1858424651858663e-15
0,0,5.627724410151942e-20
-1,0,2.6989420879825867e-40
-1,0,4.004003405526258e-45
-1,0,6.313731871307203e-30
-1,0,3.383236286928978e-45
-1,0,1.0841223445054216e-73
0,0,5.618568466924002e-14
0,0,2.9972688954946966e-20
0,0,7.510512176800537e-11
0,0,2.3095895115574323e-11
-1,0,3.952871267184399e-43
-1,0,7.73393481685044e-71
-1,0,2.4214127830612824e-54
0,0,2.2786513792859166e-37
-1,0,4.244481712180734e-53
0,0,7.901649373393629e-29
0,0,7.863145668081364e-11
-1,0,6.545540944119696e-77
-1,0,2.435811716183364e-38
0,1,0.9990989279903394
0,0,7.908084963129628e-32
0,0,3.207919147312259e-18
0,0,2.7311359730652917e-08
-1,0,1.8957166083213897e-63
0,0,7.955110396919457e-16
0,0,6.346107821786357e-11
0,0,3.031100454131891e-16
-1,0,1.4694587224003547e-38
0,0,6.020772585197184e-24
-1,0,7.345117293468112e-50
0,0,7.466114918809766e-27
-1,0,4.473834248620128e-40
0,0,1.4622982420963354e-20
-1,0,8.762361721363063e-34
0,0,3.0615621134862414e-15
0,0,8.315068529129547e-10
0,0,3.031100454131891e-16
-1,0,4.276679406686732e-43
0,0,6.298330090558916e-21
0,0,6.34094296543774e-08
-1,0,3.374983186453214e-36
0,0,1.1684344090954047e-21
-1,0,5.9851816972720075e-40
0,0,9.6970391869454e-39
0,1,0.8102720095593279
0,0,2.1822862362630107e-09
0,0,2.0514801461224273e-26
0,0,0.0006695437149103229
0,0,7.497730858515047e-05
-1,0,1.7433324564068704e-47
0,0,5.074922318111189e-15
0,0,8.335401999145291e-19
0,0,3.5960287415803777e-25
0,1,0.9951619999287135
-1,0,2.0198771468782207e-52
-1,0,6.653366984082095e-54
-1,0,2.3963363750396828e-61
-1,1,0.9999999999988798
0,0,1.104930154599768e-22
0,0,0.48391075050036786
0,0,2.139939478115892e-20
-1,0,4.766849389851813e-29
-1,0,1.0966115035658272e-32
-1,0,3.815109038755092e-36
-1,0,7.805301446797693e-67
0,1,0.9999999999859805
0,0,1.4073146863750177e-10
0,1,0.9996116960617358
0,0,7.3858137688908225e-25
0,0,3.1974792610175238e-06
-1,0,2.1548069803443692e-38
0,0,2.4443189953096283e-13
0,0,0.0004040247674651655
0,0,2.1676205418395502e-22
-1,0,6.189791665690704e-78
-1,0,1.431260582790288e-62
0,1,0.9998805588889413
0,0,5.032616046299734e-22
0,1,0.9999990550019013
-1,0,1.0420887768328878e-51
0,0,3.056581140817007e-09
0,0,3.031100454131891e-16
0,0,7.888793901484382e-23
0,0,7.066082937010914e-31
-1,0,2.571615783524933e-31
-1,0,1.5447280001137704e-53
0,0,5.3218583380886955e-21
-1,0,1.640549242216866e-30
-1,0,1.9463103636000908e-39
0,0,1.7210696590741013e-45
0,0,4.266246832118238e-34
0,0,1.2480057755559494e-19
0,0,2.873369875446854e-26
-1,0,3.540632010679902e-51
0,0,1.3108640421215083e-31
-1,0,1.788311570255726e-55
0,0,1.3066021300318718e-19
0,0,1.1753686901998727e-05
0,0,1.3130002084456176e-37
-1,0,1.8360388505625135e-31
-1,0,5.311978231741062e-52
0,0,4.5493682423051947e-26
-1,0,1.2332945905729363e-51
-1,0,6.692931236369285e-38
0,0,3.802705266271382e-24
-1,0,1.6295241982819473e-43
0,0,5.053143819013901e-37
0,1,0.9999999999999243
0,0,5.67041507298469e-10
-1,0,1.5539137264471462e-37
0,0,4.273199050289117e-40
0,0,2.0531509978583253e-29
0,0,5.049031576840578e-34
0,0,2.6825032394842023e-25
0,1,0.9996718776349772
-1,0,4.0782400412777396e-37
0,0,1.7437334332081842e-10
0,0,1.834544684422839e-28
0,0,3.043464151386675e-31
0,0,3.218382829470961e-30
0,0,5.317527416372916e-18
-1,0,9.83047470631181e-44
-1,0,4.9591244539996964e-51
0,0,1.9695262713101588e-07
-1,0,2.4076526145120276e-33
-1,0,1.0914573055276038e-60
-1,0,3.043464151386675e-31
0,0,5.5899042050163556e-33
0,0,4.538270467860698e-17
-1,0,2.2879458768551333e-52
0,0,1.1753686901998727e-05
-1,0,8.213679626577607e-48
0,0,3.248081183783427e-26
0,0,9.235839997928106e-21
0,0,1.546341707946259e-19
-1,0,7.381084352851899e-68
0,0,3.084691286800643e-05
-1,0,2.84941649067648e-33
0,0,8.873316656139749e-05
0,0,1.1732003907957259e-36
0,0,3.805802423564017e-27
-1,0,1.5577136286708338e-46
-1,0,9.913113781324748e-37
0,0,5.3218583380886955e-21
0,0,3.056581140817007e-09
-1,0,4.9591244539996964e-51
0,0,3.0665511937233366e-21
0,0,5.360995710389467e-48
0,0,1.3208079652737745e-21
-1,0,3.777149804994481e-37
-1,0,1.164367755897252e-46
0,0,2.2959367219899193e-27
-1,0,1.834544684422839e-28
0,0,5.641486308342603e-29
-1,0,8.362590651096494e-31
-1,0,3.9625375208909624e-52
0,0,3.221004078595682e-33
0,0,1.73342561664568e-26
0,0,5.965722533381234e-28
0,0,2.904610157474137e-28
0,0,4.538270467860698e-17
0,0,3.21314672899341e-24
0,0,3.844049607631708e-26
0,0,8.180312567463448e-33
-1,0,4.7386708795379154e-45
0,0,6.34094296543774e-08
-1,0,2.0460051512393479e-54
0,0,3.844049607631708e-26
0,1,0.9999999999999545
-1,0,2.4377955912122926e-41
-1,0,4.665671775692022e-71
0,0,3.7618056003801564e-22
0,0,5.675033411349332e-13
0,0,2.2978066742118306e-30
0,0,6.308593764140137e-27
0,1,0.9298983773615515
-1,0,2.271637266950515e-71
0,0,1.2345829579362693e-17
0,0,1.6305569046387575e-15
0,0,2.4403416510443696e-07
0,1,0.9998805588889413
0,1,0.9999107168541402
-1,0,1.6418854065245565e-33
0,0,9.273512497192436e-36
0,0,9.313480325296803e-14
-1,0,6.703837946643906e-44
-1,0,1.7362503835998994e-32
-1,0,2.183561396849825e-49
0,0,6.335381719619103e-05
-1,0,2.575806453845305e-37
0,0,1.0983985268491706e-38
0,1,0.9998805588889413
-1,0,7.415940109736747e-40
0,0,4.7397605781092275e-08
-1,0,1.2322909369645647e-48
-1,0,2.512937522778948e-67
-1,0,2.058171722567489e-38
0,0,0.0009375332382105298
0,0,1.9384037181123954e-24
0,0,1.1235852334878778e-08
0,1,0.9999999999963571
-1,0,5.8248545705155114e-61
0,0,2.584802676467035e-12
0,0,1.1753686901998727e-05
-1,0,1.3479734488857906e-48
-1,0,3.226252983303984e-39
0,0,2.5653425582321527e-22
0,0,5.931817588197557e-07
0,0,0.050775428127897294
-1,0,3.134721931233666e-54
-1,0,4.933824478922442e-70
0,0,1.734837425190889e-29
0,0,6.716306866684025e-13
-1,0,2.121612233858546e-64
0,0,2.294068291532774e-24
0,0,5.375341433842298e-20
0,0,2.1676205418395502e-22
0,1,0.9999999999244293
-1,0,1.1760693060372486e-45
0,0,3.153362557796674e-38
0,0,1.361520181711041e-47
0,1,0.9999999999999545
0,0,1.8285801694782787e-16
0,0,1.1031325047809885e-16
-1,0,1.1732003907957259e-36
-1,0,4.786293114534561e-44
-1,0,8.798102927964417e-49
0,0,4.489459494392339e-15
0,0,1.0319575962517199e-15
-1,0,1.0420887768328878e-51
0,0,1.244961377615366e-10
0,0,2.446309799191065e-16
0,0,4.004924190353743e-08
0,0,9.8567805045561e-16
0,0,5.066665722423037e-09
0,0,3.7740759651673057e-34
-1,0,2.5564140651668797e-47
-1,0,3.795645489394089e-55
0,0,1.2469901500034734e-16
0,1,0.9932368483549753
0,0,3.632167762444981e-24
0,1,0.9083862650299876
0,1,0.9998805588889413
0,0,3.038512632272637e-25
0,0,1.550123093743037e-28
-1,0,1.7970684499452165e-73
-1,0,2.0514801461224273e-26
0,0,5.286093656064435e-34
0,1,0.9998020269621885
0,0,1.244961377615366e-10
0,0,5.311019062026352e-21
0,1,0.9999999999998745
0,0,4.021260223791537e-23
0,0,4.04846728706625e-10
0,0,4.493115986610375e-18
-1,0,4.5077717604709036e-30
0,1,0.9998805588889413
0,0,8.299631492025274e-41
0,0,1.0948273876536663e-26
0,0,2.279571152881291e-46
-1,0,6.658785895786374e-57
0,0,2.1894044845211654e-21
-1,0,5.311978231741062e-52
0,0,1.6529940839913886e-20
-1,0,1.700782113439902e-77
-1,0,1.6152766230497448e-56
0,0,7.043109521517002e-19
0,0,1.3581988757464562e-38
-1,0,5.248414076216e-53
-1,0,1.0378554198723372e-36
0,0,8.895804598308275e-14
0,0,7.811658564850355e-70
-1,0,5.286093656064435e-34
0,1,0.9999107168541402
-1,0,1.5564459632515775e-43
0,1,0.9489259063870401
0,0,1.2551383534530117e-40
0,0,7.83894144530188e-45
0,0,1.6418854065245565e-33
0,0,3.22951900332327e-05
0,0,6.076330623797298e-20
0,0,5.864264404148025e-48
0,0,1.0431774000864238e-17
-1,0,3.2019635993971456e-49
0,0,5.9560166890919185e-22
-1,0,3.812004307750557e-33
0,0,4.470193447856768e-37
-1,0,3.380483013434304e-42
0,0,1.0423284636118905e-14
-1,0,4.0508328934303704e-50
0,0,1.846956857109651e-15
0,0,0.08144701269395363
-1,0,1.8077547189728273e-57
-1,0,2.3827187082577776e-40
-1,1,0.9999999999997922
0,1,0.9999999999999545
0,0,2.169385985464201e-25
0,1,0.9993565019537491
0,0,1.0423284636118905e-14
-1,0,1.8330517342337162e-25
0,0,3.2027000705578363e-12
0,1,0.999858646546025
-1,0,5.023272922416e-53
0,0,1.4560229419145803e-42
0,0,9.217028933625806e-21
-1,0,2.128532569147424e-76
0,0,1.4670680082045027e-32
0,1,0.9998805588889413
0,0,7.466114918809766e-27
-1,0,1.3063016726741846e-56
0,0,5.9705813851081395e-31
-1,0,8.165125699833905e-64
0,0,5.028520509602316e-19
-1,0,4.415686616455976e-75
-1,0,5.54102945937865e-46
-1,0,1.2282844836075022e-36
0,0,4.500437907688766e-24
0,0,4.4821554143918466e-09
0,1,0.9942793861958388
0,0,3.403354704314215e-29
0,0,1.2967651578805727e-29
-1,0,2.726065654405241e-39
0,0,7.935698323424418e-07
0,0,4.004924190353743e-08
-1,0,1.1741559174252292e-39
0,0,1.2282844836075022e-36
-1,0,3.027937304280285e-50
0,0,2.1623328265842098e-13
0,0,4.4967754569005835e-21
-1,0,2.176462150538501e-37
-1,0,2.8169648743423086e-74
0,0,2.294068291532774e-24
-1,0,1.459583464432995e-51
0,0,0.1959069714273571
-1,0,1.2322909369645647e-48
0,0,2.5611689119923826e-16
0,0,5.9560166890919185e-22
0,0,5.946326635582904e-16
0,0,1.1133119090695486e-12
0,0,6.26506637756634e-09
0,0,5.044922681204763e-31
-1,0,8.178431478306576e-70
-1,0,6.236746048963398e-68
0,1,0.9998749515923814
0,0,1.4634892278150458e-23
-1,0,1.106730733844393e-28
0,0,0.4420512703997204
0,0,3.7740759651673057e-34
-1,0,2.4298697726923084e-29
0,0,1.7465749979454618e-16
0,0,1.734837425190889e-29
0,0,1.1112450295409475e-43
0,0,4.0310937141624986e-32
-1,1,0.9999999999956888
0,0,1.3910261329202112e-05
0,0,1.2967651578805727e-29
0,0,2.8757101247801666e-29
0,0,7.472195782471048e-30
0,0,1.2116121678855762e-31
-1,0,7.071837989997228e-34
-1,0,7.44012963467555e-52
-1,0,2.4377955912122926e-41
0,1,0.9998805588889413
-1,0,5.839098525928426e-70
0,0,2.3077099172751477e-08
-1,0,6.568401801335321e-52
0,0,6.631735400428178e-42
0,0,1.2864739575969873e-45
0,0,2.7378147002507577e-17
0,0,4.0245353856975e-26
-1,0,1.460772239069613e-54
0,0,1.2376019765904868e-26
0,0,3.358537334477612e-18
0,0,3.0119457133107466e-38
0,0,1.1674835386223097e-18
0,0,9.921187631515645e-40
0,0,3.21314672899341e-24
-1,0,3.7925565978018865e-52
-1,0,6.313731871307203e-30
0,0,3.8220589302715184e-05
-1,0,5.888184426203482e-63
0,1,0.991633642292004
0,0,8.200316501649854e-42
0,0,4.530886995451162e-11
-1,0,2.9990202628531647e-60
0,0,1.393312311622911e-11
0,1,0.6372817761163475
0,0,5.334872278945704e-30
0,0,2.5481025914668344e-35
0,0,1.309797262589662e-28
-1,0,5.9705813851081395e-31
-1,0,4.7502587081965526e-54
-1,0,3.6106967512202767e-40
0,0,1.550123093743037e-28
0,0,2.7105742342131294e-18
0,0,6.710841139986072e-10
0,0,1.6365472699680573e-21
0,1,0.7203891326027229
-1,0,4.518794954130151e-39
-1,0,1.5488616054916917e-25
0,0,1.0992931302353134e-41
-1,0,1.4706555400550581e-41
-1,0,1.3063016726741846e-56
0,0,4.511443167325731e-33
0,0,2.0619994296936182e-07
-1,0,1.7362503835998994e-32
0,1,0.8762257613638691
-1,0,7.319553132998328e-75
0,0,0.001837569110909777
0,0,1.9447264586398566e-36
0,0,3.831551742887748e-14
0,0,1.385075956319704e-27
-1,0,8.306391222901526e-44
0,0,6.324020643422145e-36
0,0,1.5513856094280592e-31
-1,0,8.843218392804481e-30
-1,0,1.2312881001282549e-45
-1,0,8.790943042712368e-46
0,0,9.35908592784218e-32
0,0,8.850420854320117e-33
0,0,2.8663605482007157e-17
-1,0,2.7172026054571218e-27
0,0,4.527199560482874e-08
-1,0,4.379883124996934e-45
0,0,4.255839706876642e-25
-1,0,4.283648625640049e-49
0,0,2.7105742342131294e-18
0,0,3.1889560177090607e-34
0,0,0.00045668889232045035
-1,0,3.231510441556403e-45
-1,0,8.805268644667835e-52
0,0,1.0431774000864238e-17
0,0,4.0245353856975e-26
0,0,2.172921187542567e-31
-1,0,1.4335929456896932e-68
-1,0,9.366708543639127e-35
-1,0,4.1868685613790145e-48
-1,0,2.374425824566672e-65
0,0,1.9499303994070067e-08
-1,0,8.206995344283468e-45
0,0,1.3119316905042843e-34
-1,0,8.403540003235313e-49
0,0,2.0632047248327764e-47
0,0,1.3839487832241056e-24
-1,0,2.810093142020666e-65
0,0,7.060332567479584e-28
-1,0,2.435811716183364e-38
0,0,1.372411717289658e-31
-1,0,2.058171722567489e-38
0,0,1.4730521004443004e-47
0,0,5.641486308342603e-29
0,1,0.9998805588889413
0,0,5.032616046299734e-22
0,0,0.08144701269395363
0,0,2.427892347684611e-26
0,0,5.334872278945704e-30
-1,0,9.75245951329834e-60
0,1,0.9044956249001055
-1,0,3.0230110463411245e-44
-1,0,1.8375342336430842e-34
-1,0,3.9657648554122616e-55
0,0,2.892810537420604e-13
-1,0,2.1618355912040184e-50
0,0,9.864808473458237e-19
0,0,4.284633890950767e-12
0,0,0.0006695437149103229
-1,0,4.754127611350969e-57
-1,0,2.882742315249851e-38
0,0,3.6144556193065793e-06
0,0,2.5932338595576738e-24
0,0,7.020205869401002e-07
0,0,1.051090601413312e-07
0,0,2.1513012489082283e-32
0,0,8.910301081238252e-20
0,0,3.038512632272637e-25
-1,0,5.641486308342603e-29
-1,0,3.5893526626359585e-56
0,0,3.22362746262712e-36
-1,0,3.5741258725303795e-10
0,0,1.1840263623259746e-32
-1,0,1.5397057440083666e-41
-1,0,1.0517048863385562e-47
-1,0,2.372493519775219e-62
0,0,1.3772030849870796e-06
-1,0,9.288624487808047e-42
-1,0,9.381972405272431e-41
-1,0,1.2799107508521616e-64
0,0,2.303425673865598e-39
0,0,1.5488616054916917e-25
0,0,2.3265744177912006e-38
-1,0,1.6057281592196266e-72
-1,0,8.369401659788264e-34
0,0,9.880884032004308e-25
0,0,1.1031325047809885e-16
0,0,7.048845863539417e-22
0,1,0.9999999999994289
0,0,6.313731871307203e-30
0,0,9.896985787063434e-31
0,0,8.810848958794119e-24
-1,0,2.2472048698177837e-69
0,0,1.0861387767252826e-42
-1,0,9.694809321629523e-76
-1,0,1.5422148276766425e-47
0,0,3.358537334477612e-18
-1,0,2.1600762920808378e-47
0,0,1.2967651578805727e-29
0,0,7.154547847624953e-39
0,0,4.527199560482874e-08
0,0,3.21314672899341e-24
0,0,1.8360388505625135e-31
-1,0,2.9788658357205853e-73
0,0,2.8951666204267813e-16
0,1,0.9999997544531459
0,1,0.9998805588889413
0,0,5.664497630415007e-44
-1,0,4.151965406553499e-55
0,0,3.5814203176355973e-10
-1,0,2.829105685918319e-52
0,1,0.9999999999999105
0,0,4.5224753389525024e-42
-1,0,6.5189504923919e-62
-1,0,1.0412407262786042e-48
0,0,1.621583739833664e-25
-1,0,4.669471786040784e-74
0,0,2.5737102657474815e-34
0,0,2.73336045292857e-11
0,0,5.646081082125484e-32
0,0,3.0484237394293535e-37
0,1,0.999999999999754
0,0,2.1548069803443692e-38
-1,0,5.935287194882787e-47
-1,0,4.203946575163769e-63
-1,0,2.1618355912040184e-50
0,0,2.158814385035967e-07
0,0,1.4757919293316246e-16
-1,0,1.5172213291911907e-70
0,0,5.248414076216e-53
-1,0,6.169667269045147e-66
0,1,0.9997657107404385
0,0,3.4291717963635414e-19
-1,0,7.460039003747736e-24
-1,0,5.9851816972720075e-40
0,0,3.5785044829341515e-07
0,0,1.3501700881975555e-54
0,0,1.943143842659515e-33
0,0,3.952871267184399e-43
0,1,0.991633642292004
0,1,0.9998020269621885
0,0,4.051764609718294e-13
0,0,1.73342561664568e-26
0,0,1.5413139677510024e-07
0,1,0.9989337726694644
-1,0,1.930085261005282e-46
0,0,1.1703384740147955e-27
0,0,1.8529813136579734e-27
0,0,4.262774965736868e-31
0,0,1.0852548783357444e-39
0,0,2.4239423240377386e-20
0,0,5.066665722423037e-09
-1,0,1.2165542693634671e-46
0,0,1.2325743713861154e-11
0,0,1.7423140818405575e-07
0,0,2.73336045292857e-11
0,1,0.9998805588889413
-1,0,3.0230110463411245e-44
-1,0,2.675344168733293e-53
-1,0,2.9990202628531647e-60
-1,0,2.1671220905317187e-59
0,0,2.405693269800122e-30
0,0,1.464681183545831e-26
0,0,4.511443167325731e-33
-1,0,1.0412407262786042e-48
0,0,0.004255991032263699
0,0,2.0165909375446027e-46
0,0,6.738214307963113e-25
0,0,8.800126545259483e-12
0,1,0.9982338331721774
0,0,3.802705266271382e-24
-1,0,3.0230110463411245e-44
0,0,8.910301081238252e-20
0,0,1.2355884783076348e-20
0,0,1.5413139677510024e-07
0,0,2.3171229965450073e-23
-1,0,1.4670680082045027e-32
0,0,9.258425092807076e-30
0,0,1.7423140818405575e-07
-1,0,1.0474324651207039e-32
0,0,6.671171020485046e-26
-1,0,1.5147529083266122e-64
-1,0,2.675344168733293e-53
0,0,4.027813215096964e-29
-1,0,3.8213260888759234e-42
0,0,8.426027404349548e-21
-1,0,1.2406283778782928e-35
0,0,4.0343768850683874e-35
0,0,1.550123093743037e-28
0,0,3.406126605922099e-32
-1,0,1.4572088166424462e-45
-1,0,5.864264404148025e-48
0,0,5.5717301766307266e-21
0,0,2.4219697227804224e-17
0,0,2.0360352355390976e-36
-1,0,3.6077583706817892e-37
0,0,3.232253604206725e-08
0,0,1.107632123492892e-31
-1,0,1.2205224607732014e-58
0,0,1.2439480750043335e-07
-1,0,4.681967030307286e-46
0,0,3.0615621134862414e-15
0,0,5.996313904164297e-09
0,0,6.676604432892822e-29
0,0,6.250912061553448e-31
-1,0,3.018092803104663e-38
-1,0,3.16880372419934e-56
0,0,7.968073937293274e-22
-1,0,4.2341276809906857e-44
-1,0,1.5539137264471462e-37
0,1,0.9987383846518546
0,0,7.020205869401002e-07
-1,0,1.570808419843609e-39
0,0,7.955110396919457e-16
0,0,0.007035147419316433
-1,0,4.9418645726029233e-76
0,0,7.060332567479584e-28
0,0,1.7098966870313e-21
0,0,7.510512176800537e-11
0,0,3.5718622162198436e-38
-1,0,5.664497630415007e-44
0,0,9.6970391869454e-39
-1,0,3.22362746262712e-36
0,0,1.9289544092606153e-06
0,0,1.0545191895517009e-19
-1,0,1.6205453784035264e-68
0,0,1.3828225274205938e-21
-1,0,3.0230110463411245e-44
0,0,3.8253179099594795e-08
-1,0,6.31887416326509e-33
0,1,0.9990989279903394
0,0,2.378842179197302e-34
0,0,1.9499303994070067e-08
-1,0,5.049031576840578e-34
0,0,3.8220589302715184e-05
0,0,7.466114918809766e-27
-1,0,1.8048136190947154e-51
-1,0,7.721352205665174e-65
-1,0,2.409613555034898e-36
0,0,2.3077099172751477e-08
0,1,0.9744636507168487
-1,0,1.4347605520476702e-71
0,0,3.796518511023201e-18
0,0,3.3291723128390846e-31
0,1,0.9985072449447348
-1,0,1.460772239069613e-54
0,0,3.587256553059977e-16
0,0,1.903886940281428e-41
0,0,1.9399824734434674e-27
0,0,0.0002059897396801462
0,0,5.6139960825584796e-11
0,0,2.03769350798888e-39
-1,0,1.7287994464147265e-54
0,0,1.0517048863385562e-47
0,0,1.831559999005606e-22
-1,0,2.2823646387731325e-43
0,0,7.869549898647515e-14
0,0,0.0007922964240690091
0,0,0.4420512703997204
0,0,8.391727286934673e-06
0,0,1.6205453784035264e-68
0,0,2.571615783524933e-31
0,1,0.9999999999995175
-1,0,9.744522973840665e-57
0,0,3.0484237394293535e-37
-1,0,4.2107972696780253e-69
0,0,9.704937052683561e-42
-1,0,8.326703466716184e-53
0,0,1.385075956319704e-27
0,0,3.1974792610175238e-06
0,0,7.060332567479584e-28
0,0,2.7172026054571218e-27
-1,0,1.290670215039785e-57
-1,0,9.854513906211028e-53
-1,0,9.130654274072714e-62
0,0,1.661088350427792e-38
0,0,3.3922896372336254e-17
0,0,7.066082937010914e-31
-1,0,4.727111318344473e-36
0,0,7.031650838352552e-13
0,0,1.1665334419664003e-15
0,0,1.0457283603198083e-26
0,0,5.951169690096528e-19
0,0,5.665797289315339e-07
0,0,1.8285801694782787e-16
0,0,3.2348862549994657e-11
0,1,0.9999993253060184
-1,0,6.276409198802805e-46
-1,0,3.2071814759978685e-55
0,0,1.7437334332081842e-10
-1,0,7.428025025498408e-46
-1,0,1.4658741100787493e-29
-1,0,8.326703466716184e-53
0,0,1.3066021300318718e-19
-1,0,1.4572088166424462e-45
0,1,0.7203891326027229
-1,0,3.948746189724494e-77
0,1,0.9998805588889413
0,0,1.8285801694782787e-16
0,1,0.9999999999928537
0,1,0.9951619999287135
0,0,5.3218583380886955e-21
-1,0,2.3943862394694266e-58
0,0,4.32046564017068e-05
0,0,3.2157637135155272e-27
0,0,2.55492051814063e-07
0,0,9.305901025692803e-11
-1,0,2.3841109809952438e-80
-1,0,8.836021792643092e-27
0,0,6.716306866684025e-13
0,0,1.5425695462619276e-10
0,0,1.6418854065245565e-33
-1,0,3.3148855175611866e-53
0,0,6.60479479436666e-27
0,0,5.941487522337556e-13
0,0,9.872842980832642e-22
0,0,1.3119316905042843e-34
0,0,2.07547357343961e-31
0,1,0.999430696134013
0,0,0.0002059897396801462
0,1,0.9985072449447348
0,0,5.03671491865439e-25
0,0,7.090711552764208e-06
0,0,2.73336045292857e-11
0,0,1.7390797537561401e-38
0,0,7.33316726321809e-44
0,0,2.2996781494379604e-33
0,1,0.9999999999999105
0,0,1.8424479774374199e-06
0,0,1.104930154599768e-22
0,0,7.968073937293274e-22
0,0,2.7194156625508767e-30
0,0,6.615557878686589e-33
0,0,7.466114918809766e-27
0,1,0.9997657107404385
0,0,3.6048223813937913e-34
-1,0,1.0499938305849727e-41
0,0,3.4089007651373125e-35
0,0,6.308593764140137e-27
-1,0,1.5513856094280592e-31
0,0,5.03671491865439e-25
-1,0,1.825185384162372e-47
-1,0,1.3108640421215083e-31
-1,0,4.434717744489216e-53
-1,0,2.4622947129005704e-40
-1,1,0.9999999999994289
0,0,3.629211908824237e-21
0,0,4.2454579688806283e-16
0,0,2.819907630789591e-40
0,0,2.129022144629746e-39
0,0,2.5674319311537952e-25
0,0,5.878604731394141e-57
-1,0,3.3392634510561146e-80
0,0,8.398632434792965e-09
0,0,5.636895273781009e-26
-1,0,3.616580693840376e-46
-1,0,1.2064126608093219e-53
0,0,4.485805977803181e-12
0,0,2.0481425207552906e-20
0,0,5.650679598174863e-35
-1,0,3.555074060005955e-66
0,1,0.999999999999946
-1,0,2.0426764333343296e-48
0,0,1.534699816380481e-29
0,0,1.8439519744909458e-09
-1,0,1.5526491533836072e-34
0,0,6.335381719619103e-05
0,0,0.00019675366646258516
0,0,1.3757677789857195e-40
0,0,1.6298963422268864e-06
-1,0,1.6295241982819473e-43
0,0,4.5041033414024224e-27
0,0,1.0570978847167388e-28
0,0,2.4403416510443696e-07
-1,0,7.301697741792662e-66
0,0,1.724978830409516e-08
0,1,0.9985072449447348
0,0,2.4403416510443696e-07
0,0,0.12310559770597648
0,1,0.9997927336607192
0,0,2.7311359730652917e-08
0,1,0.9998805588889413
0,0,7.048845863539417e-22
0,0,1.5303276289422537e-26
0,0,1.1741559174252292e-39
-1,0,1.3031150672934276e-47
0,1,0.9990989279903394
0,0,3.936813215831113e-28
-1,0,3.815109038755092e-36
-1,0,2.5237680096068568e-45
0,0,2.7083683722627447e-15
0,0,1.8177707939449991e-32
0,1,0.999997403413078
-1,0,3.997489151239407e-39
0,0,4.489459494392339e-15
0,0,6.638662835269593e-08
-1,0,4.7707318054788186e-32
0,0,0.00016625471624141203
0,0,1.695642408940592e-28
-1,0,6.703837946643906e-44
-1,0,4.1689010522294265e-70
0,0,1.1636864344394692e-06
-1,0,6.703837946643906e-44
0,0,7.472195782471048e-30
-1,0,1.947895558590042e-42
0,0,1.9261541667072448e-46
-1,0,5.568162386961712e-64
0,0,1.9178882772706698e-68
0,0,3.936813215831113e-28
0,0,5.641486308342603e-29
0,0,1.846956857109651e-15
-1,0,7.490468105371856e-39
0,0,2.73336045292857e-11
0,0,1.3921784164293802e-08
0,0,6.906439600107776e-30
-1,0,1.2396187560429067e-32
0,0,7.948636537937332e-13
-1,0,6.64795248228144e-51
0,0,1.7437334332081842e-10
0,0,1.943143842659515e-33
0,0,2.1513012489082283e-32
-1,0,2.670991556995733e-47
-1,0,5.980310963829127e-37
-1,0,4.477478014675849e-43
0,1,0.9905529069064183
0,0,2.0297679407739597e-70
0,0,4.0376627299909146e-38
-1,0,2.974019413883459e-67
-1,0,1.1770271692879572e-48
0,0,9.770598770075834e-29
0,0,3.3400315020309256e-43
0,1,0.9990989279903394
-1,0,1.3063016726741846e-56
-1,0,3.403354704314215e-29
0,0,5.411707020321754e-07
0,0,1.2125989794312658e-34
0,0,1.217545106060874e-49
0,0,6.298330090558916e-21
-1,0,5.015100382621455e-47
0,0,3.1772832650083965e-28
0,0,8.946645724606113e-35
0,0,1.1040309638102035e-19
0,0,1.106730733844393e-28
0,0,3.6233074160352e-15
0,0,2.169385985464201e-25
0,0,3.1974792610175238e-06
0,1,0.999999999999936
0,0,4.7590940345417013e-23
0,0,1.5580719098852974e-09
-1,1,0.9999999999998941
0,0,9.4377623119589e-25
0,0,4.0245353856975e-26
-1,0,4.7232644010158026e-33
0,0,1.63122648622615e-09
0,0,6.303459838358308e-24
0,0,7.119684671023996e-21
0,0,0.0003414075220396442
-1,0,4.047536330645226e-47
0,0,4.790191366327986e-47
-1,0,4.998795169979502e-35
-1,0,1.1482989083354602e-78
-1,0,2.878052280156661e-32
0,0,3.1974792610175238e-06
-1,0,5.655281859538912e-38
0,0,1.1133119090695486e-12
0,0,5.3665961013753406e-14
0,0,4.4967754569005835e-21
-1,0,4.0343768850683874e-35
0,0,1.245975350965675e-13
0,0,1.5606109252407948e-15
-1,0,1.2282844836075022e-36
0,0,3.3427518293243022e-46
0,0,1.6489617536437498e-11
-1,0,1.720375232657027e-36
0,1,0.8102720095593279
0,0,3.790341821210939e-12
0,1,0.6852339549895139
-1,0,1.1840263623259746e-32
0,0,3.4235927558839643e-13
0,1,0.9993565019537491
0,0,8.227064527873111e-54
-1,0,5.655281859538912e-38
0,0,2.294068291532774e-24
-1,0,5.053143819013901e-37
0,0,3.2647358326529216e-07
0,1,0.999999999999946
-1,0,2.2805072532605114e-40
0,0,7.968073937293274e-22
-1,0,3.6077583706817892e-37
-1,0,2.703340247527637e-46
-1,0,7.289818352342168e-60
-1,0,3.221004078595682e-33
-1,0,4.162118520148235e-64
0,1,0.9511043990132185
0,0,1.0474324651207039e-32
0,0,2.5196620024658765e-39
0,0,4.766849389851813e-29
-1,0,1.0235325047549767e-68
0,0,2.5911234890587126e-21
-1,0,1.1504347068719598e-47
0,0,0.4420512703997204
-1,0,4.0409512511078485e-41
-1,0,6.687484537229184e-35
0,0,1.7451536373778092e-13
0,0,6.31887416326509e-33
-1,0,3.2071814759978685e-55
-1,0,7.44012963467555e-52
0,0,1.701173303706701e-40
-1,0,3.5893526626359585e-56
-1,0,1.3108640421215083e-31
-1,0,1.1732003907957259e-36
0,0,1.0382743483752341e-45
0,0,6.298330090558916e-21
-1,0,1.809227065715243e-60
-1,0,2.5068074378230327e-58
0,0,5.641486308342603e-29
0,0,2.0464757449118478e-17
0,0,5.0831923429232956e-21
0,0,4.538270467860698e-17
-1,0,7.409905026872011e-37
0,1,0.9401158554376189
0,0,7.504399568708515e-08
0,1,0.9645951737985522
-1,0,9.29618971547008e-45
0,0,2.868695088706371e-20
0,0,5.9851816972720075e-40
0,0,3.6144556193065793e-06
0,0,2.0498106541235996e-23
-1,0,2.163596323208721e-53
-1,0,8.769498328227445e-37
0,0,6.61017414588911e-30
0,0,1.8285801694782787e-16
0,0,3.218382829470961e-30
-1,0,1.9363808681521654e-58
0,0,5.04081712938305e-28
-1,0,2.5299395695258896e-54
0,0,1.4658741100787493e-29
0,0,6.351276483114235e-14
-1,0,5.3076553504435754e-49
-1,0,1.8360388505625135e-31
0,0,7.51662920088619e-14
0,0,4.2523763098009485e-22
0,1,0.9982338331721774
0,0,3.4005850584763966e-26
0,0,1.932101534224363e-12
0,1,0.9999999999999243
0,0,4.8354824969579804e-06
0,0,1.0474324651207039e-32
0,0,6.030583954819403e-30
0,0,3.0540843807503397e-06
-1,0,1.4382690800434183e-80
0,0,1.2376019765904868e-26
0,0,8.821646157306968e-21
0,0,4.021260223791537e-23
0,1,0.9932368483549753
0,0,0.0025718657341346736
0,0,1.3297442775105196e-08
-1,0,3.199357845390784e-46
-1,0,3.152637431945323e-75
0,1,0.9998805588889413
-1,0,8.369401659788264e-34
0,0,5.5603819749889506e-21
0,1,0.6372817761163475
-1,0,3.35365531257023e-58
-1,0,2.0014086961895215e-56
0,1,0.9998020269621885
-1,0,2.0598480243352582e-41
0,0,7.948636537937332e-13
0,0,9.343859301025919e-26
-1,0,7.854939966371026e-45
-1,0,2.172921187542567e-31
0,0,2.2959367219899193e-27
-1,0,8.171775880911788e-67
0,1,0.999858646546025
0,0,8.483035548071181e-08
-1,0,5.9900563977402535e-43
0,0,7.497730858515047e-05
0,0,0.00982596193105277
0,0,1.1523094397198675e-53
-1,0,3.5283090917572556e-76
0,0,4.255839706876642e-25
0,0,1.3805727647043939e-15
-1,0,7.502674470947918e-45
0,0,4.259305924756147e-28
0,1,0.9999999999999545
-1,0,1.527486553746288e-57
-1,0,1.0966115035658272e-32
-1,0,2.0231687113741496e-58
-1,0,3.5225687613182766e-70
0,0,1.9238101222848876e-34
0,0,2.7400445451035716e-20
0,0,1.716871264514134e-36
-1,0,1.9348050438029856e-55
0,0,4.0114507213352924e-14
0,0,0.0005657986584497836
0,1,0.9844369487419924
0,0,2.2629293889784403e-19
0,0,1.2480057755559494e-19
0,0,0.1959069714273571
0,0,5.669111146035177e-47
0,0,1.6352154498292766e-18
-1,0,1.9253769916930236e-37
0,0,1.3873330573760693e-33
0,0,1.0553780549039835e-22
0,0,2.4423298109466e-10
0,1,0.9583694221825518
-1,0,4.701064524367863e-61
-1,0,3.231510441556403e-45
0,0,4.269721526201282e-37
0,0,2.822204337179308e-43
0,0,0.36129101414979364
0,0,1.6476198034942192e-08
0,0,1.849966633038735e-21
-1,0,1.5472452679827101e-59
-1,0,5.031458780070999e-59
0,0,6.66031745718429e-20
0,0,1.2490222282963873e-22
0,0,2.2959367219899193e-27
0,0,2.7288389848735356e-05
0,0,5.062516872584793e-06
0,0,7.447902003316221e-18
0,0,5.960867635781796e-25
0,0,3.02370544305288e-07
0,0,5.317527416372916e-18
0,0,5.849959058839704e-39
-1,0,1.2999362353497818e-38
-1,0,1.5384527333833168e-38
0,0,9.929268057547507e-43
0,1,0.8567681313058455
0,0,3.790341821210939e-12
0,0,6.665742029781646e-23
0,0,8.426027404349548e-21
0,0,1.8424479774374199e-06
0,1,0.9990989279903394
0,0,4.787391699250803e-07
0,0,5.317527416372916e-18
0,0,1.5488616054916917e-25
0,0,6.7656991251121196e-40
0,0,2.207809532785335e-14
0,0,6.615557878686589e-33
-1,0,4.925797465953793e-64
-1,0,1.376888288967771e-43
0,0,9.754702638510096e-23
0,0,2.184063629293661e-12
0,0,8.888565202768787e-11
0,0,9.414739740071761e-16
0,0,7.914525794406022e-35
0,0,7.504399568708515e-08
0,1,0.9959089985382445
0,0,4.2523763098009485e-22
0,0,4.074921174589666e-34
-1,0,1.2843809477654508e-39
0,0,1.3165137215334465e-09
0,0,5.31320001915583e-15
-1,0,3.234142382616643e-48
0,0,0.013708596884251325
-1,0,3.2288806423665335e-42
0,0,5.5762681367251365e-24
0,0,0.0005657986584497836
-1,0,2.4377955912122926e-41
0,0,1.2073952375562928e-56
-1,0,6.2917573747442274e-55
0,0,1.1712916697230626e-30
0,0,3.418021623856797e-07
0,0,1.372411717289658e-31
-1,0,3.9231114162862695e-53
-1,0,1.6165922037804546e-59
0,0,3.207919147312259e-18
-1,0,4.2005254086543104e-60
0,0,0.0003859127181245524
0,0,2.1623328265842098e-13
0,0,3.21314672899341e-24
0,0,3.1974792610175238e-06
0,0,8.426027404349548e-21
0,0,1.6352154498292766e-18
0,1,0.9998020269621885
0,0,4.0550646162759685e-16
-1,0,1.0420887768328878e-51
0,0,0.002173999232648371
0,0,4.527199560482874e-08
0,0,6.313731871307203e-30
-1,0,1.6229044574685515e-28
0,1,0.5259972233894379
-1,0,5.356632938728644e-45
0,0,2.7194156625508767e-30
-1,0,7.0357595800768015e-53
0,0,8.412318803336641e-15
-1,0,6.211410038361965e-53
0,0,5.906365316091943e-29
-1,0,2.889791702064277e-47
-1,0,1.164367755897252e-46
0,0,3.02370544305288e-07
-1,0,2.056496784972049e-35
0,0,5.6139960825584796e-11
0,0,1.106730733844393e-28
0,0,6.298330090558916e-21
0,0,2.0514801461224273e-26
0,0,1.5644272046288686e-24
0,1,0.9998805588889413
-1,0,1.7376644928092056e-35
0,0,4.702145797901337e-24
0,0,6.682042270606088e-32
-1,0,1.612648672571051e-50
-1,0,5.9851816972720075e-40
-1,0,7.792602726726618e-61
0,0,5.960867635781796e-25
0,0,5.062516872584793e-06
-1,0,2.0443401147845667e-51
-1,0,1.7259868016528447e-48
-1,0,1.4409442136466558e-49
0,0,6.687484537229184e-35
0,0,6.66031745718429e-20
0,1,0.893369102137408
-1,0,2.171152866974849e-28
0,0,1.831559999005606e-22
0,0,2.2513845976197793e-38
-1,0,1.7287994464147265e-54
-1,0,1.3041764044340355e-50
0,0,2.868695088706371e-20
-1,0,1.241638822011879e-38
0,0,4.051764609718294e-13
0,0,7.125483380562573e-24
-1,0,1.2342990616185995e-54
-1,0,2.8563843833430998e-42
0,0,8.888565202768787e-11
0,1,0.7830138077940757
-1,0,2.0281161181409192e-67
-1,0,1.1028788359173326e-53
0,0,1.63122648622615e-09
0,0,4.2299180284104354e-10
0,0,2.554333658570914e-44
0,0,7.441840909902177e-15
0,0,7.043109521517002e-19
0,0,2.2959367219899193e-27
-1,0,1.378009711562139e-46
0,0,1.7451536373778092e-13
0,0,7.528878198230449e-20
0,0,1.831559999005606e-22
0,0,2.9022463893300573e-25
0,0,3.5785044829341515e-07
0,0,9.955838221251546e-15
-1,0,5.617276459053861e-51
-1,0,2.5108924973392614e-64
0,1,0.9999999999999105
-1,0,1.3907256073484559e-42
-1,0,7.861337513090156e-48
-1,0,9.303761104719428e-48
0,0,0.007035147419316433
0,0,3.2348862549994657e-11
-1,0,2.303425673865598e-39
-1,0,1.7376644928092056e-35
0,0,8.821646157306968e-21
-1,0,7.773593373605211e-52
-1,0,1.3218837125997809e-24
-1,0,1.8311388258993624e-59
0,0,5.931817588197557e-07
0,0,6.0158728879338476e-21
-1,0,5.9949350684644295e-46
-1,0,2.056496784972049e-35
0,0,4.302110684324354e-27
-1,0,7.914525794406022e-35
-1,0,3.3392634510561146e-80
-1,0,8.721177630691391e-62
0,0,8.814467112604074e-18
0,0,1.9399824734434674e-27
0,1,0.9999999999998517
-1,0,3.4116771837985895e-38
0,1,0.9083862650299876
0,0,2.2922013816020515e-21
0,0,2.673166976966571e-50
0,0,2.7017542518399355e-06
-1,0,2.696745692258406e-37
0,0,1.3772030849870796e-06
0,0,5.330530766501031e-27
-1,0,3.601888781410235e-31
0,0,8.321840839792042e-13
0,0,1.2386099558365183e-29
-1,0,2.7512210408130214e-35
-1,0,2.712781892753289e-21
0,0,1.1693860540159974e-24
0,0,6.705375374079349e-07
-1,0,1.5434709023829302e-50
0,0,1.3862040474544595e-30
-1,0,8.319927205761103e-50
-1,0,5.057259410450576e-40
-1,0,1.527486553746288e-57
0,0,6.313731871307203e-30
-1,0,6.26506637756634e-09
0,0,5.069626307629271e-49
0,0,4.0451710147047915e-07
-1,0,3.420020014868665e-47
0,0,1.6229044574685515e-28
0,0,3.0409873840345674e-28
-1,0,1.0465800658795336e-29
0,0,5.334872278945704e-30
-1,0,9.374337367763819e-38
0,1,0.9989337726694644
0,0,8.321840839792042e-13
0,0,1.309797262589662e-28
-1,0,2.034378312589349e-33
0,0,0.36129101414979364
-1,0,1.3251162143618993e-33
-1,0,1.9178882772706698e-68
0,0,1.9289544092606153e-06
0,1,0.9951619999287135
0,0,6.7327307575155045e-22
0,0,0.12310559770597648
0,1,0.9999999999995175
-1,0,4.000744952520354e-42
0,0,2.69235826162779e-31
0,0,8.242366599703626e-23
0,0,1.030694538220961e-18
0,0,3.828433630684503e-11
-1,0,2.176462150538501e-37
0,0,2.0360352355390976e-36
-1,0,1.1624734049496671e-40
-1,0,9.896985787063434e-31
0,0,9.84074415120464e-10
0,1,0.9982338331721774
0,0,1.4622982420963354e-20
0,1,0.6852339549895139
-1,0,1.705333310861265e-49
0,0,5.044922681204763e-31
-1,0,3.5747713607200423e-41
0,0,7.45396803325785e-21
-1,0,1.6418854065245565e-33
0,0,1.935250060772097e-18
-1,0,5.659887869267966e-41
0,0,2.712781892753289e-21
0,0,7.414600978271597e-09
0,0,1.3873330573760693e-33
-1,1,0.9999999999939615
-1,0,4.155347022807579e-58
0,1,0.9999997925218902
-1,0,4.237576215259549e-47
-1,0,2.5108924973392614e-64
-1,0,5.563631023316408e-61
0,0,7.888793901484382e-23
0,0,5.3392173273854454e-33
0,0,9.399422559271673e-10
-1,0,1.5472452679827101e-59
-1,0,7.460039003747736e-24
-1,0,4.0376627299909146e-38
-1,0,5.9705813851081395e-31
-1,0,2.558496166174063e-50
0,0,7.266117522989169e-48
0,0,7.45396803325785e-21
0,0,8.671617772502078e-41
0,0,1.2365948176367158e-23
0,0,3.6144556193065793e-06
-1,0,4.2306819531346725e-41
-1,0,1.8330517342337162e-25
0,1,0.9987383846518546
0,0,2.7149913493464646e-24
-1,0,7.083362161595988e-40
-1,0,6.2815210928784205e-49
0,0,1.1693860540159974e-24
0,0,3.031100454131891e-16
0,0,1.1133119090695486e-12
0,0,1.0474324651207039e-32
-1,0,3.949654425449154e-40
0,0,1.9368262475704676e-21
-1,1,0.9999999999963571
-1,0,3.540632010679902e-51
0,0,4.2523763098009485e-22
-1,0,1.0983985268491706e-38
0,0,4.008186207552437e-11
0,0,2.4423298109466e-10
-1,0,1.2396187560429067e-32
-1,0,4.7386708795379154e-45
0,0,3.4235927558839643e-13
-1,0,4.97530026756886e-63
0,0,7.037377847722706e-16
0,0,1.4575439623199484e-08
-1,0,1.151371691726845e-50
0,0,4.541966714740557e-20
0,0,3.232253604206725e-08
-1,0,7.283885907207093e-57
0,1,0.9999999999999545
0,1,0.9998805588889413
-1,0,4.419283023500047e-78
-1,0,8.864843380513422e-39
-1,0,1.3031150672934276e-47
0,0,1.3172829899699135e-49
0,0,9.321065797084003e-17
-1,0,9.913113781324748e-37
-1,0,1.3052386059929366e-53
0,0,0.0007922964240690091
0,0,3.790341821210939e-12
0,0,1.1859558356816029e-38
0,0,9.258425092807076e-30
0,0,3.6233074160352e-15
0,0,0.0002884921269182206
0,0,5.244142923349453e-50
-1,0,2.974019413883459e-67
0,0,1.1693860540159974e-24
0,0,0.04860902208515485
0,0,1.1169433416054106e-24
0,1,0.9783369542742287
0,0,3.2157637135155272e-27
-1,0,1.0268710922682508e-80
-1,0,7.490468105371856e-39
-1,0,5.265533502924916e-65
0,0,3.418021623856797e-07
0,0,6.716306866684025e-13
0,0,1.1142186588335777e-15
0,0,3.3653682383476775e-33
0,0,1.1124058959823904e-09
-1,0,8.19175893969599e-76
0,0,3.5558917487381675e-29
0,0,4.0310937141624986e-32
0,1,0.9732966851100165
-1,0,2.0460051512393479e-54
0,0,2.172921187542567e-31
0,0,2.0548232104387475e-32
-1,0,2.5501779230981544e-38
-1,0,2.1429338067090375e-63
-1,0,1.9415625146100953e-30
0,0,2.3171229965450073e-23
-1,0,1.3140695966537855e-40
-1,0,5.599013437350269e-39
-1,0,1.3907256073484559e-42
-1,0,2.15305340109599e-35
0,0,0.0007922964240690091
0,0,3.5377506487404794e-48
0,1,0.9989337726694644
0,0,1.296232862991198e-35
0,0,1.217545106060874e-49
0,0,3.0409873840345674e-28
0,0,8.828831049065864e-24
-1,0,2.127289549048725e-36
0,0,2.319010204173306e-26
0,0,2.2922013816020515e-21
-1,0,1.7259868016528447e-48
-1,0,5.5500590460877094e-52
-1,0,6.921736395204516e-76
0,0,8.405472868656272e-12
0,1,0.8762257613638691
0,0,4.803009649411911e-19
0,0,2.374971956998608e-28
0,0,1.9415625146100953e-30
-1,0,6.927373883480098e-79
0,0,6.23310391503436e-28
0,0,8.405472868656272e-12
0,0,2.3265744177912006e-38
0,0,1.846956857109651e-15
-1,0,8.790943042712368e-46
-1,0,1.0429375180917255e-54
0,0,7.054586877591848e-25
-1,0,4.25139846220624e-59
0,0,6.615557878686589e-33
-1,0,5.303335987101377e-46
0,0,1.1646355662313986e-09
0,0,4.2489157312335314e-19
0,0,2.5674319311537952e-25
0,0,7.096536933947511e-09
0,1,0.9998805588889413
-1,0,7.421980107944424e-43
-1,0,4.786293114534561e-44
-1,0,2.833715958303067e-58
0,0,1.626873067920839e-37
-1,0,3.3563867359336014e-61
-1,0,6.979923401455172e-69
0,0,4.913781426291617e-55
-1,0,1.087908733794526e-48
-1,0,5.5082745004946716e-62
0,0,1.1693860540159974e-24
0,0,7.863145668081364e-11
0,0,1.734837425190889e-29
-1,0,1.8048136190947154e-51
0,0,4.489459494392339e-15
-1,0,1.4324262895283218e-65
0,0,1.8241191799615683e-07
-1,0,1.8375342336430842e-34
-1,0,7.071837989997228e-34
0,0,3.0665511937233366e-21
0,0,0.059537192980701294
-1,0,3.7532804787705063e-59
0,0,3.587256553059977e-16
-1,0,1.0491393469077487e-38
0,0,2.1805055445739427e-06
0,0,3.6077583706817892e-37
-1,0,2.7172026054571218e-27
0,0,4.061672694762427e-22
-1,0,1.7189751934261426e-33
0,1,0.9951619999287135
0,1,0.9999999999999545
0,0,7.048845863539417e-22
-1,1,0.9999999999995923
0,0,2.2749441610314573e-31
0,0,3.946440201575779e-37
0,0,1.534699816380481e-29
0,0,5.3088761435411424e-12
-1,0,4.021260223791537e-23
0,0,2.8470976390699935e-30
-1,0,2.996579663882408e-57
-1,0,5.320634559665491e-58
0,0,3.805802423564017e-27
0,0,1.4622982420963354e-20
-1,0,4.419283023500047e-78
-1,0,8.812440197572237e-55
0,0,3.0540843807503397e-06
0,0,1.8484611324869534e-18
0,0,5.996313904164297e-09
-1,0,1.0429375180917255e-54
0,1,0.9996564769293489
-1,0,7.472195782471048e-30
-1,0,8.383040323604081e-40
0,1,0.7830138077940757
0,0,1.1124058959823904e-09
-1,0,6.324020643422145e-36
0,0,4.09581681135168e-15
0,0,2.69235826162779e-31
0,0,6.705375374079349e-07
0,0,6.36680773766278e-23
0,0,1.4781968599114456e-22
-1,0,4.754127611350969e-57
0,0,1.307666307251037e-22
0,0,1.309797262589662e-28
0,0,5.650679598174863e-35
-1,0,2.5674319311537952e-25
0,0,3.200093706981806e-09
0,0,3.629211908824237e-21
0,0,1.2064126608093219e-53
0,0,4.021260223791537e-23
0,0,4.4967754569005835e-21
-1,0,8.319927205761103e-50
-1,0,2.372493519775219e-62
0,1,0.9985072449447348
0,0,6.692931236369285e-38
0,0,5.864264404148025e-48
0,0,7.927423198660269e-41
0,0,1.2999362353497818e-38
0,0,3.1974792610175238e-06
-1,0,5.888184426203482e-63
0,0,3.790341821210939e-12
-1,0,1.3020545938677052e-44
0,0,3.0540843807503397e-06
0,0,0.0004040247674651655
-1,0,9.83848125015226e-47
-1,0,1.2312881001282549e-45
0,0,6.754691770705369e-34
-1,0,4.0409512511078485e-41
0,0,2.55492051814063e-07
0,0,4.5077717604709036e-30
0,0,4.743621155551387e-11
-1,0,1.211333553774845e-68
-1,0,9.303761104719428e-48
-1,0,8.776640747583717e-40
-1,0,6.698382371636508e-41
0,0,7.974563627283664e-25
0,0,1.1187634973771983e-30
0,0,9.880884032004308e-25
-1,0,6.206355200575656e-50
0,0,7.955110396919457e-16
0,0,8.328618659335301e-16
0,0,2.0464757449118478e-17
-1,0,9.822474678186808e-41
0,1,0.9999999999994289
-1,0,4.010528275353957e-51
0,0,1.379449256298656e-12
-1,0,2.0598480243352582e-41
-1,0,2.372493519775219e-62
-1,0,6.271301464780247e-43
-1,0,9.84649431501496e-50
0,0,9.864808473458237e-19
0,0,1.6392141652780324e-27
0,0,4.0310937141624986e-32
0,0,8.775055896015263e-09
-1,0,4.526158721307038e-45
-1,0,5.839098525928426e-70
-1,0,1.4409442136466558e-49
0,0,7.441840909902177e-15
-1,0,1.2436621798530318e-44
0,0,1.943143842659515e-33
0,0,9.1924305058298e-49
0,0,7.125483380562573e-24
-1,0,1.022699555271884e-65
-1,0,1.218536749756691e-52
-1,0,9.281065416718903e-39
0,1,0.9996116960617358
0,0,3.5960287415803777e-25
0,0,2.048969249857958e-29
0,0,2.899884544817521e-22
0,0,2.2922013816020515e-21
0,0,7.357086797325799e-56
0,0,1.307666307251037e-22
-1,0,9.854513906211028e-53
0,0,1.1040309638102035e-19
0,0,7.043109521517002e-19
-1,0,8.198430812524161e-79
0,0,3.084691286800643e-05
-1,0,2.8540598612742024e-39
0,0,6.7656991251121196e-40
-1,0,1.1010845234612298e-47
0,1,0.9999939714632199
0,1,0.9426474162674192
0,0,1.1124058959823904e-09
0,0,2.31335318746027e-17
-1,0,3.818216298443709e-39
0,0,7.096536933947511e-09
0,0,1.2376019765904868e-26
0,0,6.293204517341921e-18
-1,0,6.709297965007476e-47
0,0,1.2967651578805727e-29
-1,0,8.775055896015263e-09
0,0,1.458731097100836e-11
-1,0,2.2996781494379604e-33
0,0,2.897524622371182e-19
0,0,4.461088797233672e-37
-1,0,5.5591033472892174e-58
0,0,8.881330911438713e-08
0,0,2.7288389848735356e-05
-1,0,4.933824478922442e-70
-1,0,7.940341620350045e-47
0,0,4.500437907688766e-24
0,0,0.0002059897396801462
-1,0,4.027813215096964e-29
0,1,0.9999999999998244
0,0,7.090711552764208e-06
-1,0,2.123340205484567e-67
-1,0,2.0531509978583253e-29
0,0,1.954698749130934e-17
-1,0,6.174692225921226e-69
-1,0,2.4542892422583576e-28
0,0,7.472195782471048e-30
-1,0,4.97530026756886e-63
-1,0,2.1250695844770674e-70
0,0,5.020339432320708e-13
0,0,7.108101405054281e-15
0,1,0.9999999999992002
0,0,4.493115986610375e-18
0,0,7.460039003747736e-24
0,0,5.965722533381234e-28
-1,0,9.776307936772607e-69
0,0,1.6352154498292766e-18
-1,0,1.2302860793993015e-42
0,0,9.6970391869454e-39
0,1,0.9995404815407178
0,0,5.727401030850407e-09
0,0,0.0025718657341346736
0,0,4.466555609972427e-34
0,1,0.9862075999374038
-1,0,3.199357845390784e-46
0,0,2.498657246359748e-46
0,1,0.9998805588889413
-1,0,1.4347605520476702e-71
-1,0,2.3763597031461146e-68
0,0,6.377183001492245e-29
-1,0,2.996579663882408e-57
0,0,7.961589528604494e-19
0,0,0.32339194064008353
0,0,2.1676205418395502e-22
0,0,3.0409873840345674e-28
-1,0,3.199357845390784e-46
0,0,9.281065416718903e-39
0,0,0.12814496581218981
0,0,2.7194156625508767e-30
-1,0,1.6418854065245565e-33
0,0,0.0002884921269182206
-1,0,1.724582195734095e-45
-1,0,2.056496784972049e-35
-1,0,4.529845103634813e-48
0,0,0.0009375332382105298
0,0,9.078767481926337e-41
-1,0,3.9991027306584755e-48
0,0,1.3108640421215083e-31
0,1,0.9992385207630202
0,0,3.5814203176355973e-10
0,0,4.027813215096964e-29
0,0,3.617412516388001e-09
-1,0,1.5287306328395226e-60
-1,0,7.779924666650872e-55
-1,0,1.2830406129709762e-73
0,0,1.1058300777456724e-25
0,0,2.5217141703304204e-42
0,0,1.0370108144187132e-33
0,1,0.9998805588889413
0,0,1.1703384740147955e-27
0,0,1.3034147915425574e-10
-1,0,8.178431478306576e-70
0,0,3.403354704314215e-29
-1,0,3.5747713607200423e-41
0,0,4.803009649411911e-19
0,0,1.6229044574685515e-28
0,0,2.418029334802301e-11
0,0,3.1974792610175238e-06
-1,0,5.06137835387816e-43
0,0,0.0013126465350389947
0,1,0.9957177404184789
0,0,2.7105742342131294e-18
-1,0,6.286637150395122e-52
0,1,0.9994562134587772
0,1,0.9951619999287135
0,0,1.309797262589662e-28
0,0,1.9144356469905608e-16
0,0,2.260567875439326e-53
0,0,0.0002884921269182206
-1,0,1.107632123492892e-31
-1,0,5.526241547346084e-74
0,0,1.1722456417726087e-33
0,0,2.73336045292857e-11
-1,0,1.3604121782756165e-44
0,0,3.3978176665729514e-23
0,0,1.2967651578805727e-29
-1,0,4.6934161967744446e-55
-1,0,9.75245951329834e-60
-1,0,2.4174733012464915e-48
0,0,6.716306866684025e-13
-1,0,6.550872035658244e-80
0,0,2.1876227498668076e-18
0,0,3.802705266271382e-24
0,1,0.999999999999946
-1,0,7.060332567479584e-28
0,0,7.895219020932577e-26
-1,0,2.43382945562937e-35
0,0,2.3807796547278608e-37
0,0,2.1513012489082283e-32
-1,0,9.679036494588937e-70
0,0,2.4648608858353746e-06
0,1,0.9083862650299876
0,0,2.7105742342131294e-18
-1,0,2.026465639759089e-64
0,0,8.873316656139749e-05
-1,0,1.289619869219338e-54
-1,0,4.665671775692022e-71
-1,0,1.6445610007897324e-39
-1,0,1.8266719275116836e-50
0,0,4.1834612929359946e-45
0,0,3.617412516388001e-09
-1,0,2.584208292793756e-49
0,0,1.2282844836075022e-36
0,0,1.7291970808390885e-17
0,0,1.9447264586398566e-36
0,0,1.9399824734434674e-27
-1,0,4.0170637780213877e-57
0,0,2.0687257448089396e-19
0,1,0.9816338355076064
0,0,1.3087313512016574e-25
-1,0,6.276409198802805e-46
-1,0,2.580003953225386e-43
0,0,2.448302224505173e-19
0,0,2.4403416510443696e-07
0,0,4.027813215096964e-29
0,0,4.7629701337298295e-26
0,0,4.027813215096964e-29
0,1,0.8762257613638691
0,0,3.936813215831113e-28
-1,0,1.6165922037804546e-59
0,0,4.5243008281170415e-51
0,0,7.51662920088619e-14
0,0,3.389528996133585e-14
0,0,4.269721526201282e-37
0,0,1.547601143837888e-22
0,0,0.09497189825312094
0,0,5.688910997805407e-22
-1,0,1.1436340858323474e-63
0,0,8.678680471907365e-44
-1,0,2.723847185556303e-36
0,0,2.712781892753289e-21
0,1,0.6084988841351642
0,0,7.895219020932577e-26
-1,0,3.417236806821761e-44
-1,0,4.529845103634813e-48
-1,0,3.5492901846966313e-60
0,0,2.7378147002507577e-17
0,0,8.213679626577607e-48
0,0,1.461108225600357e-17
0,1,0.9999999999999545
-1,0,1.947895558590042e-42
0,0,1.1703384740147955e-27
0,0,5.951169690096528e-19
0,0,2.712781892753289e-21
-1,0,8.62737776288759e-60
0,0,1.464681183545831e-26
0,0,3.1974792610175238e-06
-1,0,2.8563843833430998e-42
0,0,2.810739480594708e-28
0,0,7.484372371716805e-36
-1,0,1.1722456417726087e-33
0,1,0.9981510614485637
0,0,0.12814496581218981
0,0,7.037377847722706e-16
-1,0,7.071837989997228e-34
0,0,5.618568466924002e-14
0,0,2.431848808236626e-32
-1,0,1.040393365866825e-45
0,0,4.4821554143918466e-09
0,0,6.243261296921517e-34
-1,0,8.706988839370883e-56
-1,1,0.999999999998431
0,0,1.0553780549039835e-22
0,0,7.472195782471048e-30
0,0,7.025928484688983e-10
0,1,0.9999999969244722
0,0,8.348985257573758e-25
-1,0,2.2823646387731325e-43
0,1,0.9996718776349772
0,0,2.184063629293661e-12
0,0,2.4115760926684616e-39
0,0,1.9336751566725847e-15
-1,1,0.9999999999998517
-1,0,4.441944500581678e-59
0,0,1.651648879455752e-17
0,0,8.335401999145291e-19
0,0,1.4599191775382954e-14
-1,0,2.673166976966571e-50
-1,0,3.7502260637714647e-56
-1,0,1.5209315047333688e-79
0,1,0.9993565019537491
0,0,1.2044499055237625e-47
0,0,1.3828225274205938e-21
0,1,0.7530330563247168
0,0,6.335381719619103e-05
-1,0,1.5472452679827101e-59
0,0,4.0179877272082143e-20
0,1,0.7830138077940757
0,1,0.9998805588889413
0,0,1.1058300777456724e-25
0,0,1.3921784164293802e-08
0,0,1.8256051876073957e-10
0,0,4.281147042893906e-09
0,0,0.28767782301535344
0,0,9.336255279914276e-23
0,0,0.03678605105801417
0,0,3.5989575687867074e-28
0,0,6.588682991809121e-18
-1,0,1.3063016726741846e-56
-1,0,1.8077547189728273e-57
-1,0,5.521744298828228e-71
0,0,4.7136443090280455e-33
-1,0,2.655202393759833e-63
0,0,8.792964935951334e-09
0,0,3.045942935970625e-34
-1,0,1.2215165294100049e-61
0,1,0.9992027963000296
0,1,0.9999999999994289
-1,0,8.326703466716184e-53
0,0,1.1160343744991431e-21
0,0,4.2523763098009485e-22
0,0,2.8563843833430998e-42
0,0,1.640549242216866e-30
-1,0,7.066082937010914e-31
0,0,1.3772030849870796e-06
0,0,8.828831049065864e-24
0,0,2.3114705835050703e-14
-1,0,2.829105685918319e-52
-1,0,4.477478014675849e-43
0,0,2.2959367219899193e-27
0,0,0.2238077031813989
0,0,2.4443189953096283e-13
0,0,3.218382829470961e-30
-1,0,2.176462150538501e-37
0,0,4.988613891677046e-35
0,1,0.9999999999998517
0,0,9.414739740071761e-16
0,0,1.8424479774374199e-06
0,0,7.060332567479584e-28
0,0,6.235663524078108e-22
0,1,0.9999767992875764
0,0,6.698382371636508e-41
-1,0,1.4421178073298577e-52
-1,0,5.563631023316408e-61
-1,0,8.843218392804481e-30
0,0,1.0870233950161043e-45
-1,0,1.2245035957428067e-70
0,0,2.427892347684611e-26
-1,0,3.7410777247592325e-47
0,0,7.961589528604494e-19
0,0,8.355785185195329e-28
-1,0,1.5384527333833168e-38
0,0,6.698382371636508e-41
0,0,2.192972308475052e-27
0,0,1.3978570574751334e-23
0,0,1.5631540757098234e-21
0,1,0.9932368483549753
-1,0,1.6308513831150705e-46
0,0,6.665742029781646e-23
-1,0,1.8004109386801184e-42
0,0,3.0690487818159814e-24
0,0,1.0519467847708032e-10
-1,0,4.742530344851236e-48
0,0,8.321840839792042e-13
0,0,4.021260223791537e-23
0,0,5.665797289315339e-07
0,0,6.0060854522648076e-15
0,1,0.9999999999990534
-1,0,1.378009711562139e-46
0,0,8.426027404349548e-21
0,1,0.9990989279903394
0,0,6.671171020485046e-26
0,0,6.0158728879338476e-21
0,0,1.6378801748231558e-24
-1,0,4.754127611350969e-57
0,0,2.7400445451035716e-20
-1,0,2.0426764333343296e-48
-1,0,8.676684781449813e-81
0,0,7.054586877591848e-25
-1,0,6.962896506417452e-60
-1,0,9.1924305058298e-49
0,0,1.1655841184965904e-12
0,0,2.8881032878683805e-07
0,0,3.0107304372996394e-29
-1,0,2.1600762920808378e-47
-1,0,6.324020643422145e-36
0,0,1.3772030849870796e-06
0,0,4.2523763098009485e-22
0,0,0.008315245403482004
-1,0,2.2490351318189785e-72
0,1,0.9951619999287135
-1,0,2.5779043492077725e-40
0,0,8.412318803336641e-15
0,0,5.044922681204763e-31
0,0,2.2959367219899193e-27
0,0,9.872842980832642e-22
0,0,1.6489617536437498e-11
0,0,5.31320001915583e-15
0,0,7.077597730253018e-37
0,0,1.819251298395513e-35
-1,0,1.0858890156240374e-79
-1,0,1.3757677789857195e-40
0,0,7.510512176800537e-11
0,0,3.828433630684503e-11
0,0,3.0615621134862414e-15
0,0,1.9531080177129333e-14
0,0,0.004065901351264282
0,0,1.9305291886686415e-09
0,0,0.00012427814364512216
-1,0,1.460772239069613e-54
0,0,8.828831049065864e-24
0,0,1.289619869219338e-54
-1,1,0.9999999999992002
0,0,4.4811247484389835e-46
-1,0,1.8296486473936824e-56
0,0,1.4806057095336107e-28
0,0,7.942167941078665e-10
-1,0,2.1565619878156829e-41
0,0,2.984406429068036e-42
0,1,0.9951619999287135
0,0,3.3978176665729514e-23
0,0,1.1085342472886326e-34
0,0,7.060332567479584e-28
0,0,6.676604432892822e-29
-1,0,7.01161844981984e-10
0,0,1.6281980935101489e-40
-1,0,1.2322909369645647e-48
-1,0,1.5384527333833168e-38
-1,0,5.213142964389462e-66
-1,0,3.9263066397606056e-56
-1,0,1.2152847161055524e-80
0,0,1.7277898623990393e-14
-1,0,9.945448658560443e-49
-1,0,2.4377955912122926e-41
-1,0,1.300994983453923e-41
-1,0,5.3076553504435754e-49
0,1,0.9998327148965553
-1,0,1.3907256073484559e-42
0,1,0.999999999999936
0,0,6.308593764140137e-27
0,0,2.2884721183711958e-15
0,0,1.3839487832241056e-24
-1,0,2.139447392157629e-57
0,0,9.888931632303258e-28
-1,0,2.868035423054082e-57
0,0,1.7437334332081842e-10
0,0,3.1974792610175238e-06
0,0,4.302110684324354e-27
0,0,5.675033411349332e-13
0,1,0.999999999999936
0,1,0.9999999999999545
-1,0,3.150071819512863e-72
-1,0,5.002866496530352e-38
0,0,1.224785239043539e-33
-1,0,2.7077455742540704e-52
0,0,6.7327307575155045e-22
0,0,2.7467449823174745e-29
-1,0,2.6595292756904067e-69
0,0,1.307666307251037e-22
-1,0,1.2312881001282549e-45
-1,0,1.3108640421215083e-31
-1,0,2.80780629170655e-62
0,0,5.264619553405819e-19
0,0,0.48391075050036786
-1,0,1.1399158757206506e-51
-1,0,5.853377313157886e-79
-1,0,1.9384037181123954e-24
0,0,1.107632123492892e-31
-1,0,1.7231787328819e-42
0,0,3.5960287415803777e-25
0,0,1.473390911201053e-10
0,0,2.2823646387731325e-43
0,0,3.210531874170051e-21
0,0,1.2335782558561198e-14
0,0,7.435784748943313e-12
0,0,1.534699816380481e-29
0,0,1.2365948176367158e-23
-1,0,4.269721526201282e-37
0,1,0.9992385207630202
0,1,0.7830138077940757
-1,0,2.723847185556303e-36
0,1,0.9982338331721774
-1,0,3.0409873840345674e-28
0,0,8.80729391019878e-15
0,0,7.579811379095979e-07
0,0,4.284633890950767e-12
0,0,1.3130002084456176e-37
0,0,1.372411717289658e-31
-1,0,8.706988839370883e-56
0,1,0.932831014183391
0,0,1.2376019765904868e-26
0,0,3.3667502186733685e-27
0,0,3.0484237394293535e-37
0,0,1.546341707946259e-19
0,0,1.104930154599768e-22
0,0,1.461108225600357e-17
0,0,3.207919147312259e-18
-1,0,3.179139818555296e-68
0,0,1.954698749130934e-17
0,0,8.369401659788264e-34
0,0,5.326192787173765e-24
0,0,4.284633890950767e-12
0,0,9.298327031254646e-08
0,0,1.1142186588335777e-15
0,0,8.405472868656272e-12
-1,0,6.910475178262919e-70
0,0,2.3152373247239523e-20
0,1,0.9959089985382445
-1,0,2.696745692258406e-37
-1,0,4.175694637033218e-76
-1,0,5.9949350684644295e-46
-1,0,4.269721526201282e-37
0,0,1.7126831115599083e-27
-1,0,6.184754420909266e-75
0,0,1.379449256298656e-12
0,0,3.834672394527096e-17
0,0,8.405472868656272e-12
0,0,1.0457283603198083e-26
0,0,1.4842263461444085e-37
-1,0,7.773593373605211e-52
-1,0,2.165358489262003e-56
0,1,0.9998805588889413
0,0,9.43008187269341e-22
0,0,3.2348862549994657e-11
0,0,1.9368262475704676e-21
0,1,0.7751169676813766
0,0,0.019095830652604315
-1,0,1.840528654592329e-40
-1,0,4.0170637780213877e-57
0,0,7.020205869401002e-07
-1,0,4.7386708795379154e-45
0,0,2.9892697774447054e-48
0,0,8.489945373986736e-11
0,0,1.5631540757098234e-21
0,0,2.5869078989137622e-15
0,0,1.458731097100836e-11
0,0,4.284633890950767e-12
0,0,1.2957098520032375e-26
0,0,4.262774965736868e-31
0,1,0.999999999976761
0,0,9.896985787063434e-31
-1,0,1.2988783488535158e-35
0,0,4.659152416876277e-28
0,0,4.5041033414024224e-27
0,1,0.999999999999946
-1,0,1.4359291093761524e-74
0,0,9.78257208785743e-26
0,0,1.6462518977665187e-05
-1,0,3.406126605922099e-32
0,0,1.643222659086747e-36
0,0,5.920808595867741e-38
-1,0,1.3020545938677052e-44
0,0,4.259305924756147e-28
0,0,1.6462518977665187e-05
0,0,1.3921784164293802e-08
0,0,7.754630392090158e-43
0,0,1.7320149570284774e-23
0,0,1.1427033978315435e-60
0,0,8.391727286934673e-06
-1,0,7.012884752596111e-41
0,1,0.9996718776349772
0,0,5.31320001915583e-15
0,0,3.831551742887748e-14
0,0,1.1763397953180034e-08
0,0,2.580590710415984e-06
0,0,3.221004078595682e-33
0,0,4.288123560604897e-15
0,0,7.048845863539417e-22
0,1,0.9982338331721774
-1,0,2.996579663882408e-57
0,0,2.662307566251979e-35
0,0,1.1801768278923002e-20
0,1,0.9995934718308536
0,0,1.3839487832241056e-24
-1,0,3.226252983303984e-39
0,0,1.6365472699680573e-21
0,0,1.3772030849870796e-06
-1,0,8.676684781449813e-81
-1,0,1.5472452679827101e-59
0,0,3.232253604206725e-08
-1,0,1.4670680082045027e-32
-1,0,2.0410141057860515e-45
0,0,2.7216305220946017e-33
-1,0,5.5307424587001746e-77
0,0,7.888793901484382e-23
-1,0,1.0474324651207039e-32
-1,0,3.72805716872673e-72
0,0,4.795195463698525e-13
-1,0,3.5254377581939194e-73
-1,0,1.4682628787143743e-35
-1,0,9.145533464859197e-68
-1,0,7.874148242440116e-54
-1,0,6.226599266962727e-62
0,0,3.808902103372316e-30
0,0,2.0133100746607926e-40
0,0,1.309797262589662e-28
0,0,6.2701690725937005e-12
0,0,8.34219086372491e-22
-1,0,7.077597730253018e-37
0,0,5.594456967158416e-36
0,0,2.569523005789419e-28
0,0,2.899884544817521e-22
0,0,8.412318803336641e-15
-1,0,1.7259868016528447e-48
0,0,4.489459494392339e-15
0,0,3.033569168959572e-19
0,0,2.2922013816020515e-21
-1,0,1.2312881001282549e-45
-1,0,2.2472048698177837e-69
0,0,9.177475016594436e-43
0,0,1.0457283603198083e-26
0,1,0.999999518293281
0,0,4.766849389851813e-29
-1,0,4.9672057761775854e-57
-1,0,1.7433324564068704e-47
0,0,0.019095830652604315
0,0,4.7590940345417013e-23
-1,0,2.4174733012464915e-48
0,0,2.171152866974849e-28
0,0,5.04081712938305e-28
0,0,2.1822862362630107e-09
-1,0,1.0814777256026015e-64
0,0,5.37096698764952e-17
0,0,1.4622982420963354e-20
0,0,4.0310937141624986e-32
0,0,1.0457283603198083e-26
-1,0,4.7463929535507257e-51
0,0,3.7410777247592325e-47
0,1,0.9685511617238334
-1,0,5.384101017584544e-26
-1,0,9.905046501622984e-34
0,1,0.99999999843227
0,0,1.546341707946259e-19
-1,0,1.9132097614026117e-59
-1,0,8.872063454750324e-42
-1,0,8.676684781449813e-81
0,0,5.384101017584544e-26
0,0,1.464681183545831e-26
-1,0,2.810093142020666e-65
0,0,5.357864709931514e-08
-1,0,2.653041593344568e-60
0,0,1.3910261329202112e-05
0,0,2.409613555034898e-36
0,0,8.259188472481303e-23
-1,0,3.3284067589696698e-68
-1,0,6.250912061553448e-31
-1,0,5.3392173273854454e-33
-1,0,1.107632123492892e-31
0,0,2.3057787916339442e-05
0,0,1.9336751566725847e-15
0,0,2.5653425582321527e-22
0,0,2.4443189953096283e-13
0,0,3.1974792610175238e-06
0,0,7.819819053046378e-36
-1,0,4.247938679410073e-56
0,0,8.362590651096494e-31
-1,0,2.7172026054571218e-27
0,0,9.273512497192436e-36
0,0,8.328618659335301e-16
0,0,1.6462518977665187e-05
0,0,1.5618819828615133e-18
0,0,5.618568466924002e-14
-1,0,8.178431478306576e-70
0,0,1.943143842659515e-33
0,0,1.550123093743037e-28
0,0,1.716178532087827e-27
0,1,0.9999834354368436
0,0,2.1822862362630107e-09
0,1,0.9783369542742287
0,0,5.03671491865439e-25
-1,0,1.2436621798530318e-44
0,0,1.7989457664909256e-39
-1,0,2.833715958303067e-58
-1,0,3.4487701311141215e-40
-1,0,5.006941139019994e-41
0,0,7.429733461390214e-09
0,0,3.4089007651373125e-35
0,0,0.0015531210928223808
-1,0,1.0202047717361644e-56
0,0,1.144828788900928e-29
-1,0,8.296224667435716e-47
0,0,1.5450832969819853e-16
0,1,0.9583694221825518
-1,0,5.930457065524159e-44
-1,0,1.2864739575969873e-45
-1,0,2.2860839493378172e-49
0,0,2.8757101247801666e-29
0,0,7.167854559611443e-08
-1,0,1.378009711562139e-46
0,0,2.538775598168491e-29
0,0,1.0344811198540839e-24
0,0,0.09497189825312094
0,0,9.336255279914276e-23
-1,0,1.1770271692879572e-48
0,0,4.0343768850683874e-35
0,0,1.3319112285220485e-14
-1,0,5.5082745004946716e-62
0,0,1.1636864344394692e-06
0,0,1.2469901500034734e-16
0,1,0.9998805588889413
0,0,1.1133119090695486e-12
0,0,1.2376019765904868e-26
0,0,1.3066021300318718e-19
0,0,3.406126605922099e-32
0,0,2.559084635907331e-13
-1,0,7.880561433561775e-57
-1,0,1.5564459632515775e-43
-1,0,1.1130558994204029e-49
-1,0,3.006353992887085e-69
-1,0,2.0410141057860515e-45
-1,0,8.233765155745979e-57
0,0,2.873369875446854e-26
0,0,3.015636682924302e-35
0,1,0.9949359965058743
-1,1,0.999999999998431
0,0,2.2828843849974286e-06
0,1,0.999999967477107
-1,0,2.171152866974849e-28
0,0,1.3044763729668953e-13
-1,0,1.1436340858323474e-63
-1,0,4.730961368839462e-39
0,0,1.2386099558365183e-29
-1,0,4.0376627299909146e-38
0,0,9.288624487808047e-42
0,0,1.3978570574751334e-23
0,0,1.951518580792166e-11
-1,0,3.359120383936423e-64
-1,0,3.786386353780247e-46
0,1,0.9993263087946075
-1,0,5.612705126437675e-48
-1,0,9.736592893128958e-54
0,0,5.317527416372916e-18
-1,0,1.3589924999624244e-78
-1,0,2.0360352355390976e-36
0,0,2.2847489171900523e-09
0,1,0.9998805588889413
0,0,2.3095895115574323e-11
-1,0,1.166265193853535e-52
0,0,2.2866097625940118e-12
0,0,3.0131825615314977e-32
-1,0,7.880561433561775e-57
0,0,1.3023539047587628e-07
0,0,2.712781892753289e-21
-1,0,2.1268003719822935e-73
0,0,5.960867635781796e-25
0,0,4.787391699250803e-07
0,0,6.654897299097055e-17
0,0,1.0361668963039598e-30
-1,0,1.3884629868328896e-36
-1,0,4.2306819531346725e-41
0,1,0.9975279983947021
0,0,3.0665511937233366e-21
0,0,0.00010501250477314298
-1,0,6.692931236369285e-38
0,0,3.1837677927488537e-28
-1,0,2.9837201552212274e-79
-1,0,4.266246832118238e-34
0,0,4.021260223791537e-23
-1,0,1.5434709023829302e-50
0,0,4.455659849492471e-25
0,0,2.868695088706371e-20
0,0,9.872842980832642e-22
-1,0,7.880561433561775e-57
0,0,4.0179877272082143e-20
0,0,5.611691655271029e-17
0,0,8.910301081238252e-20
0,0,1.63122648622615e-09
0,0,9.4377623119589e-25
0,0,7.131286812927263e-27
0,0,1.2365948176367158e-23
0,0,6.313731871307203e-30
0,0,1.1124058959823904e-09
0,0,3.0665511937233366e-21
-1,0,1.634839426782936e-55
-1,0,1.363738896595526e-53
0,0,2.2922013816020515e-21
0,0,2.73336045292857e-11
0,0,9.414739740071761e-16
0,0,4.2134953301786637e-26
0,1,0.9985072449447348
0,0,2.706164305432791e-12
0,0,1.8360388505625135e-31
-1,0,2.9788658357205853e-73
0,0,4.6391581508865815e-50
0,0,1.4881980502792972e-09
0,0,2.427892347684611e-26
-1,0,7.47828159876224e-33
0,0,2.0548232104387475e-32
0,0,0.0005657986584497836
0,0,9.407078036537881e-13
-1,0,3.027937304280285e-50
-1,0,8.676684781449813e-81
0,0,1.3805727647043939e-15
-1,0,7.490468105371856e-39
0,0,8.362590651096494e-31
0,0,1.7306054454043953e-20
0,1,0.9990989279903394
0,0,2.3057787916339442e-05
-1,0,4.4884271287578e-52
-1,0,2.3821707944355e-77
0,0,3.617412516388001e-09
0,0,2.892810537420604e-13
-1,0,6.540214191016644e-74
-1,0,9.237443360039696e-67
-1,0,1.3693015148945244e-68
-1,0,5.334872278945704e-30
0,0,2.4017793626155895e-24
0,0,3.7996106294414844e-21
-1,0,6.513645378565674e-59
-1,0,2.3802321867971725e-74
0,0,2.420418843918441e-60
0,0,4.795195463698525e-13
0,0,7.391829230351759e-28
0,0,2.165856534930686e-19
0,0,5.5876096666242344e-39
-1,0,1.0429375180917255e-54
0,0,4.284633890950767e-12
0,0,7.043109521517002e-19
0,0,2.7288389848735356e-05
0,0,3.0590706180256284e-12
-1,0,2.688444607942718e-71
0,1,0.7530330563247168
0,1,0.9993565019537491
0,0,2.176462150538501e-37
-1,0,7.472195782471048e-30
0,0,0.0025718657341346736
-1,0,1.3108640421215083e-31
0,0,8.643424404285615e-29
0,0,0.003598531040656893
-1,0,5.659887869267966e-41
0,0,1.9447264586398566e-36
-1,0,7.397849591174764e-31
-1,0,1.291721416326498e-60
-1,0,2.889791702064277e-47
-1,0,6.568401801335321e-52
-1,0,1.1094371058295188e-37
-1,0,7.73393481685044e-71
0,0,6.277852771815053e-09
0,1,0.999858646546025
0,0,8.335401999145291e-19
0,0,3.0484237394293535e-37
0,0,4.466555609972427e-34
0,0,3.158501234796989e-44
-1,0,2.595345948872319e-27
0,0,7.497730858515047e-05
-1,0,5.343565914700151e-36
0,0,0.0001740593472813196
0,0,1.6503047696458708e-14
-1,0,8.253899801570874e-66
0,1,0.6852339549895139
-1,0,7.848547625967482e-42
0,1,0.9999999725193459
0,1,0.9999999999997089
-1,0,7.760946240516165e-46
0,0,3.5785044829341515e-07
0,0,1.6489617536437498e-11
0,1,0.9999999999998244
0,0,3.808902103372316e-30
0,0,5.095622655854125e-30
0,0,0.0015531210928223808
0,0,4.57642106223564e-10
0,0,8.13857905058939e-52
0,1,0.9994562134587772
-1,0,3.0484237394293535e-37
0,0,7.948636537937332e-13
0,0,6.710841139986072e-10
-1,0,7.409905026872011e-37
0,0,5.07905564729837e-18
-1,0,4.495741408936941e-58
0,0,4.743621155551387e-11
0,0,5.028520509602316e-19
0,0,1.1665334419664003e-15
0,0,2.7011402725866727e-43
-1,0,5.930457065524159e-44
0,0,4.288123560604897e-15
-1,0,5.069626307629271e-49
0,0,6.31887416326509e-33
0,0,3.5960287415803777e-25
-1,0,2.0079369481512467e-68
0,0,1.7989457664909256e-39
0,0,3.5989575687867074e-28
0,0,1.556801531688063e-06
-1,0,1.9447264586398566e-36
0,0,2.580590710415984e-06
-1,0,5.356632938728644e-45
0,0,1.7039455127277085e-46
-1,0,2.5068074378230327e-58
0,0,1.107632123492892e-31
0,0,1.6378801748231558e-24
0,1,0.9998805588889413
0,0,1.6365472699680573e-21
0,0,3.3978176665729514e-23
-1,0,2.5237680096068568e-45
0,0,8.776640747583717e-40
-1,0,5.9851816972720075e-40
-1,0,2.8215553622247e-80
0,0,2.5674319311537952e-25
-1,0,4.0409512511078485e-41
-1,0,5.311978231741062e-52
0,0,1.9483056267697424e-05
0,0,3.043464151386675e-31
0,0,2.7083683722627447e-15
0,0,5.627724410151942e-20
0,0,4.774617383184142e-35
-1,0,1.6044214196349534e-69
0,0,4.485805977803181e-12
0,0,7.948636537937332e-13
0,0,8.821646157306968e-21
-1,0,2.1250695844770674e-70
0,0,3.796518511023201e-18
-1,0,1.2225114076775086e-64
-1,0,4.7463929535507257e-51
-1,0,7.47828159876224e-33
0,0,1.4622982420963354e-20
-1,0,3.5893526626359585e-56
0,1,0.8102720095593279
0,0,4.998795169979502e-35
-1,1,0.9999999999998941
-1,0,4.917783512415505e-58
0,0,1.4757919293316246e-16
0,0,1.3921784164293802e-08
0,0,1.438599890710249e-43
-1,0,1.5397057440083666e-41
0,1,0.999999518293281
0,0,1.2365948176367158e-23
0,0,3.5989575687867074e-28
-1,0,8.648474939254357e-69
0,0,3.221004078595682e-33
0,0,2.0531509978583253e-29
0,0,4.782398035133475e-41
-1,0,3.0205509237005167e-41
0,0,1.2302860793993015e-42
-1,0,3.5718622162198436e-38
0,0,1.2396187560429067e-32
0,0,9.32865744694565e-20
-1,0,6.573751512163661e-55
0,0,5.012169152941938e-07
0,1,0.9932368483549753
-1,0,2.8169648743423086e-74
-1,0,7.901649373393629e-29
0,0,1.3921784164293802e-08
0,0,3.3922896372336254e-17
0,0,9.336255279914276e-23
-1,0,2.3821707944355e-77
-1,0,1.7189751934261426e-33
0,0,8.769498328227445e-37
0,0,2.034378312589349e-33
-1,0,4.2306819531346725e-41
-1,0,4.9712513743810947e-60
0,0,3.056581140817007e-09
0,0,2.303425673865598e-39
0,0,7.460039003747736e-24
0,0,2.7311359730652917e-08
0,0,7.3858137688908225e-25
-1,0,5.599013437350269e-39
0,0,1.8241191799615683e-07
0,1,0.9888388702745383
0,0,1.3910261329202112e-05
0,0,3.036039894460579e-22
0,0,8.699903102651136e-53
-1,0,9.945448658560443e-49
0,0,2.5932338595576738e-24
0,0,0.016183188969714886
0,0,8.398632434792965e-09
-1,0,7.490468105371856e-39
0,0,5.360995710389467e-48
-1,0,2.0476715438023305e-57
0,0,7.842160487642632e-39
-1,0,5.954647083918528e-59
-1,0,2.5088491361387415e-61
0,1,0.9645951737985522
-1,0,3.738033240346218e-44
-1,0,8.306391222901526e-44
0,0,1.831559999005606e-22
-1,0,3.7502260637714647e-56
-1,0,1.525001432026061e-51
0,0,4.500437907688766e-24
-1,0,1.0210356893139184e-59
-1,0,2.6840706826388e-65
-1,0,2.709950928959386e-55
0,0,2.1469195937327173e-32
0,1,0.9992385207630202
0,0,2.3152373247239523e-20
-1,0,2.3015511489087364e-36
0,0,3.0409873840345674e-28
-1,0,4.0508328934303704e-50
0,0,4.5041033414024224e-27
-1,0,1.947895558590042e-42
0,1,0.9989337726694644
0,1,0.9996116960617358
-1,0,1.3140695966537855e-40
0,0,7.089131287846645e-43
0,0,7.472195782471048e-30
-1,0,7.100683640369625e-49
-1,0,2.2624090210950284e-56
0,0,7.043109521517002e-19
0,0,3.8275532702175955e-48
0,0,9.298327031254646e-08
0,0,4.694495711145824e-18
0,0,3.237520945634686e-14
0,0,2.1548069803443692e-38
0,0,1.3218837125997809e-24
0,0,1.5580719098852974e-09
0,0,5.532014563222354e-40
-1,0,5.664497630415007e-44
0,0,3.221004078595682e-33
-1,0,1.4554252750462882e-48
0,1,0.999999999998431
0,0,1.3218837125997809e-24
-1,0,2.9691808768608634e-61
0,0,4.0179877272082143e-20
0,0,7.490468105371856e-39
-1,0,8.178431478306576e-70
0,0,2.878052280156661e-32
0,0,3.0409873840345674e-28
-1,0,8.676684781449813e-81
0,0,1.6503047696458708e-14
-1,0,1.5472452679827101e-59
-1,0,4.473834248620128e-40
-1,0,4.774617383184142e-35
-1,0,3.939113578729219e-68
-1,0,8.340272550133722e-59
0,0,1.3165137215334465e-09
0,0,8.769498328227445e-37
0,0,9.321065797084003e-17
0,1,0.9868179853383506
0,0,5.650679598174863e-35
-1,0,1.6279040914812273e-09
0,0,4.423899649617059e-44
0,0,1.2490222282963873e-22
0,0,2.4443189953096283e-13
-1,0,3.7410777247592325e-47
-1,0,8.333485246675503e-56
0,0,2.8881032878683805e-07
0,0,1.6503047696458708e-14
0,0,1.106730733844393e-28
0,0,4.694495711145824e-18
0,1,0.9982338331721774
0,0,1.9368262475704676e-21
-1,0,1.2064126608093219e-53
0,1,0.999999999996922
0,0,0.0015531210928223808
0,0,3.584337248124502e-13
-1,0,6.550872035658244e-80
0,0,3.218382829470961e-30
0,0,1.178256756608165e-14
-1,0,5.655281859538912e-38
0,0,1.2406283778782928e-35
-1,0,4.227239029407776e-38
-1,0,2.4115760926684616e-39
0,0,4.766849389851813e-29
0,0,5.044922681204763e-31
0,0,5.623144575006029e-17
-1,0,1.1722456417726087e-33
0,0,1.0440270279870707e-20
0,0,7.856746033221046e-08
0,0,6.7327307575155045e-22
-1,0,1.5472452679827101e-59
-1,0,9.35908592784218e-32
0,0,1.0519467847708032e-10
0,0,1.830069477749748e-19
0,0,1.651648879455752e-17
-1,0,4.477478014675849e-43
-1,0,2.5564140651668797e-47
-1,0,6.524259927029634e-65
-1,0,7.490468105371856e-39
0,0,1.1712916697230626e-30
0,0,5.975444194183082e-34
-1,0,5.940121258196312e-50
0,0,2.072096912319756e-25
0,0,1.9336751566725847e-15
-1,0,2.8123818548864742e-68
-1,0,1.1001884622415168e-44
-1,0,1.9085426583530636e-50
0,0,2.3095895115574323e-11
0,0,5.31320001915583e-15
0,0,1.1753686901998727e-05
0,0,2.5826991605907027e-09
0,0,1.051090601413312e-07
-1,0,2.8850901980751786e-41
-1,0,1.3907256073484559e-42
0,0,2.0514801461224273e-26
-1,0,1.740496167378724e-41
0,0,4.766849389851813e-29
0,1,0.9999999999996556
-1,0,2.2642516662931076e-59
-1,0,1.7390797537561401e-38
-1,0,4.43832965165566e-56
0,0,1.5737300475320073e-08
0,0,3.1837677927488537e-28
-1,0,2.3071793052083877e-45
0,0,5.965722533381234e-28
0,0,0.00014707774493544825
0,0,6.547046458487305e-40
0,0,2.5674319311537952e-25
0,0,3.033569168959572e-19
0,0,4.511443167325731e-33
-1,0,3.0304034428440423e-53
0,0,1.9499303994070067e-08
0,0,8.34219086372491e-22
-1,0,1.699398019065163e-74
0,0,3.808902103372316e-30
0,0,3.1974792610175238e-06
0,0,2.446309799191065e-16
0,0,1.1133119090695486e-12
0,0,2.0653600619689428e-13
0,0,4.730961368839462e-39
0,0,1.7306054454043953e-20
0,0,9.281065416718903e-39
-1,0,1.2446750949017131e-47
-1,0,5.617276459053861e-51
0,0,4.2489157312335314e-19
0,0,1.379449256298656e-12
0,1,0.9999107168541402
0,0,2.2847489171900523e-09
0,0,2.7194156625508767e-30
0,0,2.4239423240377386e-20
0,0,6.705375374079349e-07
0,0,2.0514801461224273e-26
-1,0,1.087908733794526e-48
-1,0,9.929268057547507e-43
0,0,7.154547847624953e-39
-1,0,2.0112090550607254e-74
0,0,1.4745909316894802e-13
0,0,1.224291056126084e-24
0,1,0.9998805588889413
0,0,3.245437899344038e-23
-1,0,4.658081029808999e-65
-1,0,3.5492901846966313e-60
0,0,6.313731871307203e-30
-1,0,5.626430296842883e-57
0,0,1.3839487832241056e-24
-1,0,2.1268003719822935e-73
0,0,9.298327031254646e-08
0,0,1.0423284636118905e-14
0,0,1.5315740219819923e-29
0,0,5.627724410151942e-20
-1,0,3.218382829470961e-30
0,1,0.9942793861958388
-1,0,1.6100249975976296e-44
0,0,3.534871631649729e-45
0,0,6.0060854522648076e-15
0,1,0.9997547130917486
0,1,0.9995404815407178
0,0,3.7587442476477213e-19
0,1,0.9999999999998517
0,0,4.0179877272082143e-20
-1,0,5.04081712938305e-28
-1,0,4.9712513743810947e-60
0,0,1.845029437877986e-49
0,0,4.5493682423051947e-26
-1,0,1.6044214196349534e-69
0,0,7.942167941078665e-10
0,0,4.530886995451162e-11
0,0,2.7172026054571218e-27
0,0,1.9384037181123954e-24
0,0,1.4721916509867572e-07
0,0,4.027813215096964e-29
-1,0,3.218382829470961e-30
-1,0,2.43382945562937e-35
-1,0,1.459583464432995e-51
-1,0,1.1417734672235133e-57
-1,0,5.049031576840578e-34
-1,0,3.546401776745981e-57
0,0,8.886521249432873e-48
0,0,7.888793901484382e-23
0,0,4.238550881856474e-10
-1,0,1.1001884622415168e-44
-1,0,3.7655230360729225e-71
0,0,5.326192787173765e-24
0,0,3.1974792610175238e-06
0,0,3.2027000705578363e-12
-1,0,1.0387007132246431e-39
-1,0,2.7077455742540704e-52
0,0,1.4658741100787493e-29
0,0,0.0007922964240690091
0,0,1.2365948176367158e-23
0,0,8.903049889268079e-17
-1,0,8.699903102651136e-53
0,0,0.2544247221923586
0,0,3.038512632272637e-25
0,1,0.7203891326027229
0,0,0.022520688130908524
-1,0,1.217545106060874e-49
0,1,0.9997227345096907
0,0,3.5785044829341515e-07
0,0,1.1693860540159974e-24
0,0,5.6139960825584796e-11
0,0,2.1307561513433402e-42
0,0,3.045942935970625e-34
0,0,1.354885671808899e-29
0,0,2.4239423240377386e-20
0,0,0.12814496581218981
0,0,3.1974792610175238e-06
0,0,1.385075956319704e-27
-1,0,2.558496166174063e-50
0,0,4.5233109232109345e-05
-1,0,1.3757677789857195e-40
0,1,0.9995934718308536
-1,0,1.4682628787143743e-35
0,0,1.3816971881626484e-18
0,0,3.1974792610175238e-06
0,0,8.355785185195329e-28
0,0,7.142907861524403e-33
-1,0,1.2446750949017131e-47
-1,0,4.0376627299909146e-38
-1,0,2.5402590582343497e-69
-1,0,6.921736395204516e-76
-1,0,2.1583184246731024e-44
0,0,1.1133119090695486e-12
0,0,3.2348862549994657e-11
0,0,0.04324379515738642
0,0,8.321840839792042e-13
-1,0,7.415940109736747e-40
0,0,2.873369875446854e-26
-1,0,1.7985320931322072e-76
0,0,5.343565914700151e-36
0,0,2.2959367219899193e-27
0,0,9.848759068795418e-13
0,0,1.121499293984877e-39
0,0,4.799100966115538e-16
0,0,8.01539184854626e-06
0,0,7.754630392090158e-43
0,0,2.595345948872319e-27
0,0,6.303459838358308e-24
0,0,2.3095895115574323e-11
-1,0,1.5577136286708338e-46
0,0,1.0519467847708032e-10
-1,0,1.033818702447799e-67
-1,0,9.822474678186808e-41
0,0,4.7552210897181836e-20
-1,0,5.716768061418223e-40
0,0,9.298327031254646e-08
0,0,0.00014707774493544825
0,0,1.2262861442824732e-30
0,1,0.9999860035146343
0,0,1.3944471109719282e-14
0,0,0.0009375332382105298
-1,0,8.19175893969599e-76
0,0,3.1974792610175238e-06
0,0,7.901649373393629e-29
0,0,0.013708596884251325
-1,0,4.1834612929359946e-45
0,0,1.3884629868328896e-36
-1,0,3.818216298443709e-39
-1,0,7.351099609213826e-53
0,1,0.9645951737985522
0,1,0.999999999996922
0,0,7.043109521517002e-19
0,0,3.158501234796989e-44
-1,0,2.7216305220946017e-33
-1,0,2.2978066742118306e-30
-1,0,3.9625375208909624e-52
0,0,1.9415625146100953e-30
-1,0,5.2990201388518615e-43
0,0,5.271034168838595e-31
0,0,5.5899042050163556e-33
-1,1,0.9999999999978024
0,0,1.1636864344394692e-06
-1,0,6.334326181981142e-42
0,0,7.102316840895373e-12
0,0,2.158814385035967e-07
-1,0,1.539427723219579e-10
-1,0,1.3862040474544595e-30
0,0,1.1665334419664003e-15
0,0,0.002173999232648371
0,0,1.932101534224363e-12
0,1,0.9999999999999545
-1,0,9.702705371227808e-79
0,0,7.882374010790425e-20
-1,0,1.0387007132246431e-39
-1,0,5.5307424587001746e-77
0,0,2.2922013816020515e-21
0,1,0.9999999998941533
0,0,7.060332567479584e-28
0,0,1.2376019765904868e-26
0,0,9.872842980832642e-22
0,0,3.620358772940308e-12
0,0,0.004255991032263699
0,0,3.984492420232641e-27
-1,0,6.2013044764100685e-47
0,0,5.04081712938305e-28
-1,0,9.686919697825784e-73
0,0,1.393312311622911e-11
0,0,2.169385985464201e-25
0,0,6.641342960666964e-17
0,1,0.9979104483238305
0,1,0.9999949061023707
0,0,5.849959058839704e-39
0,0,2.1623328265842098e-13
-1,0,6.313731871307203e-30
0,0,2.0426764333343296e-48
-1,0,5.316304633859226e-55
-1,0,5.031458780070999e-59
0,0,2.873369875446854e-26
0,0,4.2523763098009485e-22
-1,0,3.7502260637714647e-56
-1,0,1.5472452679827101e-59
0,0,1.2510576180366379e-28
-1,0,1.300994983453923e-41
0,0,2.158814385035967e-07
-1,0,2.2842235370548705e-46
-1,0,2.4298697726923084e-29
0,0,8.843218392804481e-30
0,1,0.9992385207630202
-1,0,1.0992931302353134e-41
-1,1,0.9999999999995923
0,0,4.288123560604897e-15
0,0,7.043109521517002e-19
-1,0,5.612705126437675e-48
0,0,2.1894044845211654e-21
-1,0,1.943143842659515e-33
0,0,1.3055388188387987e-16
0,0,1.9238101222848876e-34
0,0,4.4967754569005835e-21
-1,0,2.880396343128654e-35
-1,0,5.065500652026937e-46
-1,0,2.309058414082285e-48
0,0,2.4219697227804224e-17
0,0,5.618568466924002e-14
-1,0,3.543515719377938e-54
0,0,9.351469515320518e-29
-1,0,4.678156851344235e-43
-1,0,4.9631634702768763e-54
-1,0,8.233765155745979e-57
-1,0,3.325698105676852e-65
0,0,1.5606109252407948e-15
0,0,4.021260223791537e-23
0,0,6.644070211645717e-11
0,1,0.9996116960617358
0,0,3.9231114162862695e-53
0,0,1.7423140818405575e-07
0,0,2.3077099172751477e-08
0,0,0.008315245403482004
-1,0,4.5077717604709036e-30
0,0,1.9368262475704676e-21
0,0,6.665742029781646e-23
0,0,0.00047812109245736937
0,0,6.001197707336102e-12
0,0,1.63122648622615e-09
-1,0,4.247938679410073e-56
0,0,1.640549242216866e-30
0,0,3.584337248124502e-13
0,0,7.901649373393629e-29
0,0,7.090711552764208e-06
0,0,2.1605731223451685e-10
-1,0,1.241638822011879e-38
-1,0,2.562665456943411e-56
0,0,9.343859301025919e-26
-1,1,0.9999999999999105
0,0,2.2922013816020515e-21
-1,0,2.5088491361387415e-61
0,0,6.650635916532109e-60
0,1,0.9998805588889413
0,0,6.020772585197184e-24
-1,0,2.670991556995733e-47
-1,0,8.857629181963854e-36
0,0,1.2335782558561198e-14
0,0,2.7083683722627447e-15
0,0,2.5674319311537952e-25
0,0,5.632307975397648e-23
0,0,0.1959069714273571
0,1,0.9998805588889413
0,0,1.3884629868328896e-36
-1,0,1.1712916697230626e-30
0,0,5.012169152941938e-07
0,0,3.601888781410235e-31
0,0,1.930085261005282e-46
-1,0,5.636895273781009e-26
0,0,3.418021623856797e-07
0,0,5.293751723570979e-09
0,0,7.803946664514049e-21
0,0,1.8454538059063856e-12
-1,0,4.774617383184142e-35
0,0,6.051280078983801e-05
0,0,7.504399568708515e-08
-1,0,3.380483013434304e-42
-1,0,1.842027694445755e-43
0,0,8.873316656139749e-05
0,1,0.9999999999998517
0,0,1.9499303994070067e-08
0,0,0.0009375332382105298
-1,0,5.599013437350269e-39
-1,0,8.783788984166056e-43
0,0,3.973141048764741e-24
0,0,1.0406326518618274e-08
0,1,0.9999999999998244
0,0,9.351469515320518e-29
-1,0,3.2288806423665335e-42
-1,0,7.03003388765574e-50
0,0,1.4694587224003547e-38
0,0,5.599013437350269e-39
-1,0,9.854513906211028e-53
0,0,1.6018111298693554e-63
-1,0,1.0210356893139184e-59
-1,0,1.0321367463572992e-61
0,1,0.9997227345096907
0,0,2.1640939635684868e-16
0,1,0.9997657107404385
0,0,3.3427518293243022e-46
0,1,0.9995404815407178
0,0,5.012169152941938e-07
0,0,3.036039894460579e-22
0,0,0.0011093640295040171
0,1,0.9999999999992002
0,0,1.8077547189728273e-57
-1,0,1.699398019065163e-74
-1,0,9.679036494588937e-70
-1,0,2.8383337435254568e-64
-1,0,4.4884271287578e-52
-1,0,1.700782113439902e-77
0,0,1.5450832969819853e-16
0,0,4.990662453903339e-29
0,0,3.790341821210939e-12
0,0,6.248346193305001e-37
0,0,2.4259165319029496e-23
0,0,9.391764509144689e-07
0,0,1.73342561664568e-26
0,1,0.9214744111589723
0,0,1.3651635332556845e-19
-1,0,2.1782347953136495e-40
0,0,1.309797262589662e-28
0,0,3.6144556193065793e-06
-1,0,7.920971871492176e-38
0,0,1.5593409020027315e-12
-1,1,0.9999999999994289
0,0,4.4167022513287995e-38
0,0,3.1974792610175238e-06
0,0,6.282965881029379e-12
0,1,0.9965410596904526
0,0,1.556801531688063e-06
0,0,0.004808338920588223
0,0,8.328618659335301e-16
-1,0,8.676684781449813e-81
0,0,3.818216298443709e-39
-1,0,1.106730733844393e-28
-1,0,9.222414637805054e-61
0,0,1.0348986863267812e-33
0,0,2.3015511489087364e-36
0,0,4.7590940345417013e-23
0,0,3.045942935970625e-34
-1,0,2.2568900778747428e-47
-1,0,1.1570096485292635e-68
0,0,1.379449256298656e-12
-1,0,1.7433324564068704e-47
0,0,4.3161434316427045e-39
-1,0,5.935287194882787e-47
-1,0,2.0531509978583253e-29
0,0,1.928514560013446e-43
0,0,1.9305291886686415e-09
-1,0,2.2842235370548705e-46
0,0,6.346107821786357e-11
0,0,3.1974792610175238e-06
0,0,3.617412516388001e-09
0,0,2.575806453845305e-37
-1,0,1.928514560013446e-43
0,0,1.3978570574751334e-23
0,0,5.281791839602534e-31
0,0,4.719420614303616e-30
0,0,7.339139846123431e-47
0,0,0.0001740593472813196
0,0,0.08144701269395363
0,0,2.0481425207552906e-20
-1,0,4.273199050289117e-40
0,1,0.9999999999544102
0,0,1.9399824734434674e-27
-1,0,7.933879780186402e-44
-1,0,1.2875217411933038e-48
0,0,1.2386099558365183e-29
0,1,0.9979104483238305
-1,0,4.778506125543243e-38
0,0,9.254624703560972e-36
-1,0,1.3873330573760693e-33
0,0,1.7960189982082107e-33
0,0,7.848547625967482e-42
0,1,0.7530330563247168
-1,0,2.0476715438023305e-57
0,0,2.1640939635684868e-16
0,0,8.873316656139749e-05
0,0,4.7629701337298295e-26
0,0,1.2125989794312658e-34
0,0,2.580590710415984e-06
-1,0,1.5472452679827101e-59
-1,0,1.6335089964848213e-52
0,0,1.956290776138515e-20
0,1,0.9999999999998517
0,0,1.178256756608165e-14
0,0,0.1959069714273571
0,1,0.9998805588889413
0,0,1.831559999005606e-22
0,0,3.587256553059977e-16
-1,0,4.4120931361634974e-72
0,0,3.762458658095877e-68
0,0,2.3769062803819274e-31
0,0,7.441840909902177e-15
0,1,0.999999999999946
-1,0,2.1250695844770674e-70
-1,0,1.2819964761112316e-70
-1,0,2.675344168733293e-53
-1,0,8.857629181963854e-36
-1,0,4.0376627299909146e-38
0,0,4.0310937141624986e-32
0,0,4.284633890950767e-12
-1,0,1.951069822862697e-48
0,0,3.617412516388001e-09
0,0,3.3950525267696046e-20
0,0,6.5523787762095386e-43
-1,0,8.798102927964417e-49
0,0,1.396719483135274e-20
0,1,0.9998020269621885
0,0,3.77100462682717e-31
-1,0,9.870572688869395e-59
0,0,4.795195463698525e-13
-1,0,7.861337513090156e-48
0,0,1.3087313512016574e-25
-1,0,8.850420854320117e-33
-1,0,7.867740270365439e-51
0,0,6.990084296294113e-29
0,0,1.0414802179899897e-11
-1,0,1.7217764121660338e-39
0,0,1.834544684422839e-28
0,0,8.836021792643092e-27
0,1,0.9732966851100165
-1,0,1.2290628903228042e-08
-1,0,7.446189334321631e-55
0,0,5.231350308590951e-41
-1,0,3.543515719377938e-54
0,0,0.022520688130908524
-1,0,8.783788984166056e-43
0,0,1.0528035551089011e-13
0,0,1.9384037181123954e-24
-1,0,3.391509569332729e-54
0,0,1.9399824734434674e-27
-1,0,2.2860839493378172e-49
-1,0,1.4347605520476702e-71
-1,0,2.858710798645885e-45
0,0,8.599328228833756e-48
0,1,0.9993565019537491
0,0,0.0001740593472813196
-1,0,1.2342990616185995e-54
-1,0,3.5893526626359585e-56
-1,0,4.0649807710728515e-25
0,0,4.500437907688766e-24
0,0,4.799100966115538e-16
-1,0,1.612648672571051e-50
-1,0,1.3108640421215083e-31
-1,0,8.376218215784732e-37
-1,0,2.1429338067090375e-63
-1,0,3.3454743722195688e-49
-1,0,1.022699555271884e-65
0,0,7.037377847722706e-16
0,0,1.1094371058295188e-37
-1,0,7.094905112828811e-46
0,0,2.184063629293661e-12
0,0,6.010977178038067e-18
0,0,2.6465697371159706e-51
-1,0,4.027813215096964e-29
-1,0,4.492082780153619e-55
-1,0,2.0165909375446027e-46
0,1,0.9998805588889413
0,0,1.550123093743037e-28
0,0,1.2365948176367158e-23
-1,0,8.864843380513422e-39
0,0,4.5077717604709036e-30
0,0,2.4219697227804224e-17
0,0,2.650882551386002e-57
0,0,3.210531874170051e-21
0,0,3.601888781410235e-31
-1,0,2.128532569147424e-76
-1,0,7.357086797325799e-56
0,0,3.1974792610175238e-06
-1,0,1.3501700881975555e-54
0,0,1.6503047696458708e-14
-1,0,3.3148855175611866e-53
-1,0,1.8281596815934221e-53
0,0,4.457458368702718e-34
0,1,0.9992385207630202
0,0,9.84074415120464e-10
0,0,4.255839706876642e-25
0,0,4.2489157312335314e-19
-1,0,1.8544904957236372e-30
0,0,2.2996781494379604e-33
-1,0,1.164367755897252e-46
0,1,0.9999999963601642
-1,0,4.010528275353957e-51
-1,0,5.3076553504435754e-49
0,0,7.077597730253018e-37
-1,0,3.3202874101934353e-59
0,0,0.002173999232648371
-1,0,4.237576215259549e-47
0,0,3.406126605922099e-32
-1,0,7.369075806525181e-62
-1,0,3.7740759651673057e-34
0,0,1.7989457664909256e-39
0,0,4.262774965736868e-31
0,0,2.0619994296936182e-07
-1,0,8.769498328227445e-37
-1,0,3.186360849256546e-31
0,0,1.5618819828615133e-18
0,0,2.7149913493464646e-24
0,0,2.0514801461224273e-26
-1,0,1.2152847161055524e-80
-1,0,5.213142964389462e-66
-1,0,3.2288806423665335e-42
0,0,3.191553299826542e-37
0,0,1.9499303994070067e-08
-1,0,1.3825045429376343e-58
-1,0,1.4634892278150458e-23
0,1,0.6084988841351642
-1,0,5.9949350684644295e-46
-1,0,8.857629181963854e-36
0,0,2.7172026054571218e-27
0,0,5.231350308590951e-41
-1,0,1.8560009069600525e-33
0,0,7.528878198230449e-20
0,0,2.0133100746607926e-40
0,0,7.472195782471048e-30
-1,0,2.97159916057259e-64
-1,0,4.9378428893422574e-73
0,0,3.728914644629593e-35
-1,0,1.2978213232639872e-32
0,0,5.636895273781009e-26
-1,0,6.04041131291694e-36
0,1,0.9868179853383506
0,0,8.903049889268079e-17
-1,0,5.612705126437675e-48
0,0,3.0484237394293535e-37
0,0,3.036039894460579e-22
0,0,9.704937052683561e-42
0,0,2.31335318746027e-17
0,0,8.335401999145291e-19
0,0,2.569523005789419e-28
-1,0,6.64254238679573e-48
0,1,0.9583694221825518
0,0,4.298609631984535e-24
0,0,1.5593409020027315e-12
0,0,1.8018773041957244e-45
-1,0,1.437098618449709e-77
0,0,0.004255991032263699
0,1,0.9999999999996556
0,0,9.336255279914276e-23
0,0,3.1941526973304887e-40
-1,0,1.0517048863385562e-47
0,0,1.3862040474544595e-30
0,0,8.939364955410494e-32
-1,0,4.6934161967744446e-55
0,0,7.848547625967482e-42
0,0,5.117583972211499e-08
0,0,4.255839706876642e-25
0,0,3.043464151386675e-31
-1,0,3.7341323602968406e-78
-1,0,4.19369142579291e-54
-1,0,2.1782347953136495e-40
-1,0,2.144679143936708e-66
-1,0,8.279385287856756e-32
0,0,3.033569168959572e-19
0,0,1.2490222282963873e-22
0,0,5.854723625665695e-42
0,0,1.951069822862697e-48
0,0,1.6392141652780324e-27
-1,0,4.273199050289117e-40
-1,0,3.802705266271382e-24
0,0,0.1481734957046791
0,1,0.9998805588889413
0,0,6.001197707336102e-12
0,0,0.026543175832651634
0,0,2.169385985464201e-25
0,0,1.3921784164293802e-08
0,0,0.0006695437149103229
0,0,9.931453215061106e-06
-1,0,4.0376627299909146e-38
0,0,6.671171020485046e-26
0,0,1.2287802784648907e-45
0,1,0.9996116960617358
-1,0,2.3841109809952438e-80
0,0,3.362629505848779e-30
0,0,5.087332407727788e-24
0,0,9.336255279914276e-23
0,0,0.059537192980701294
0,0,4.719420614303616e-30
-1,0,1.1019813144883682e-50
-1,0,7.786261116291391e-58
0,0,0.003598531040656893
-1,0,4.7348145550526137e-42
-1,0,1.378009711562139e-46
0,0,1.5438259101107562e-13
0,0,0.008315245403482004
0,0,1.4489279324128846e-24
-1,0,1.5159866163549927e-67
0,1,0.9942793861958388
0,0,1.461108225600357e-17
0,0,4.4967754569005835e-21
-1,0,5.347918043772098e-39
0,1,0.9997657107404385
0,0,6.692931236369285e-38
-1,0,6.329171315189497e-39
0,0,9.407078036537881e-13
-1,0,5.975444194183082e-34
0,0,2.1478012210701278e-26
-1,0,8.676684781449813e-81
0,0,0.0025718657341346736
-1,0,2.9941410510681096e-54
-1,0,1.840528654592329e-40
-1,1,0.999999999996922
0,0,4.04846728706625e-10
-1,0,2.512937522778948e-67
-1,0,1.3041764044340355e-50
-1,0,4.727111318344473e-36
-1,0,1.6472409551671334e-45
0,0,4.259305924756147e-28
-1,0,1.2927734737762597e-63
0,0,1.9499303994070067e-08
-1,0,2.2786513792859166e-37
0,0,1.6365472699680573e-21
-1,0,3.1739675639155715e-62
0,0,1.221304508264567e-15
-1,0,7.452253969360188e-58
-1,0,5.248414076216e-53
0,0,3.1974792610175238e-06
0,0,1.9023375594504803e-38
0,0,2.7149913493464646e-24
0,1,0.9959089985382445
0,0,1.5526491533836072e-34
0,0,4.259305924756147e-28
0,0,3.1974792610175238e-06
-1,0,3.3148855175611866e-53
0,0,3.4116771837985895e-38
0,0,3.5785044829341515e-07
0,0,2.2903359909603144e-18
0,0,1.830069477749748e-19
-1,0,2.6595292756904067e-69
-1,0,1.4634892278150458e-23
0,0,5.03671491865439e-25
0,0,4.0583673105604304e-19
0,0,9.305901025692803e-11
0,0,7.460039003747736e-24
0,0,2.3095895115574323e-11
-1,0,1.164367755897252e-46
0,0,4.0583673105604304e-19
-1,0,9.663289328916949e-64
0,0,3.038512632272637e-25
-1,0,7.779924666650872e-55
0,0,1.9100970929985912e-53
0,0,0.08144701269395363
0,0,4.795195463698525e-13
0,0,2.571615783524933e-31
-1,0,2.7172026054571218e-27
-1,0,5.3076553504435754e-49
-1,0,3.3859918028590996e-48
-1,0,1.3534717607634894e-63
0,0,2.0414835098111136e-08
0,0,3.802705266271382e-24
-1,0,1.2073952375562928e-56
0,0,1.8360388505625135e-31
0,0,3.5960287415803777e-25
0,0,2.0464757449118478e-17
0,0,3.38401433740894e-08
-1,0,5.975444194183082e-34
0,0,2.55492051814063e-07
-1,0,1.5384527333833168e-38
0,0,1.3989955583255726e-26
0,0,1.830069477749748e-19
0,1,0.999999999999754
0,0,7.935698323424418e-07
0,0,1.7306054454043953e-20
-1,0,1.4706555400550581e-41
0,0,2.0498106541235996e-23
0,0,1.1504347068719598e-47
-1,0,2.8633693151222437e-51
-1,0,3.055878279503907e-46
-1,0,6.276409198802805e-46
0,0,5.485897815594329e-47
0,0,1.724978830409516e-08
0,0,3.808902103372316e-30
0,0,3.0715484040981396e-27
0,0,1.3087313512016574e-25
0,0,0.019095830652604315
-1,0,3.7341323602968406e-78
-1,0,4.1868685613790145e-48
-1,0,5.545542414918757e-49
0,0,7.460039003747736e-24
0,0,0.035194391342617946
-1,0,7.452253969360188e-58
0,0,7.955110396919457e-16
0,0,9.931453215061106e-06
0,0,9.972062120644348e-21
0,0,3.2427967660062927e-20
0,0,1.3023539047587628e-07
-1,0,3.9625375208909624e-52
0,0,1.8454538059063856e-12
0,0,2.2903359909603144e-18
0,0,0.1959069714273571
0,0,0.0001740593472813196
0,0,5.996313904164297e-09
0,0,0.019095830652604315
0,0,1.372411717289658e-31
0,0,2.0653600619689428e-13
-1,0,1.1523094397198675e-53
-1,0,3.6106967512202767e-40
0,0,0.00047812109245736937
-1,0,3.939113578729219e-68
-1,0,1.6445610007897324e-39
-1,0,1.7136838683827624e-67
-1,0,2.7194156625508767e-30
0,0,7.060332567479584e-28
0,0,3.805802423564017e-27
0,0,5.9560166890919185e-22
-1,0,1.897260596642101e-66
0,0,1.1040309638102035e-19
0,0,2.2828843849974286e-06
0,0,7.863145668081364e-11
0,0,9.921187631515645e-40
0,0,5.627724410151942e-20
0,0,1.245975350965675e-13
0,0,4.774617383184142e-35
0,0,3.4116771837985895e-38
0,0,1.1114993872479387e-06
0,0,1.956290776138515e-20
-1,0,2.9990202628531647e-60
0,0,6.5940492208877425e-21
0,0,3.4235927558839643e-13
0,0,7.51662920088619e-14
0,0,2.1858424651858663e-15
0,0,4.795195463698525e-13
0,0,1.2386099558365183e-29
-1,0,3.331117618356493e-71
0,0,1.2978213232639872e-32
-1,0,2.2879458768551333e-52
0,1,0.9996718776349772
0,0,8.850420854320117e-33
0,0,2.15617258271534e-10
0,0,9.728669265907097e-51
0,0,1.3921784164293802e-08
-1,0,4.0170637780213877e-57
-1,0,9.83848125015226e-47
-1,0,1.4456443265758272e-61
0,0,4.4967754569005835e-21
0,0,3.045942935970625e-34
-1,0,4.518794954130151e-39
-1,0,1.300994983453923e-41
0,0,4.0179877272082143e-20
-1,0,8.706988839370883e-56
-1,0,1.9463103636000908e-39
-1,0,2.1600762920808378e-47
0,0,6.638662835269593e-08
0,1,0.9970757539106673
0,0,1.5488616054916917e-25
0,0,1.73342561664568e-26
0,0,2.0464757449118478e-17
0,0,4.751351296692429e-17
0,0,2.0653600619689428e-13
-1,0,2.6840706826388e-65
-1,0,5.612705126437675e-48
-1,0,1.6070359630934703e-75
-1,0,1.3052386059929366e-53
0,0,7.974563627283664e-25
0,0,1.6392141652780324e-27
0,1,0.7830138077940757
0,0,2.563254885639639e-19
0,0,1.3297442775105196e-08
-1,0,4.0409512511078485e-41
-1,0,7.066082937010914e-31
0,0,2.7172026054571218e-27
0,0,0.03126115450608706
0,0,7.460039003747736e-24
-1,0,3.001462849598071e-63
0,0,3.158501234796989e-44
-1,0,1.5472452679827101e-59
0,0,1.7423140818405575e-07
-1,0,7.752847189917048e-80
0,0,3.237520945634686e-14
0,0,1.0431774000864238e-17
0,0,2.2884721183711958e-15
0,0,1.1169433416054106e-24
0,0,0.0006695437149103229
-1,0,2.176462150538501e-37
0,0,1.0365851432373075e-39
0,0,2.4298697726923084e-29
0,1,0.8102720095593279
-1,0,4.4120931361634974e-72
0,0,3.418021623856797e-07
-1,0,3.725023280426068e-69
-1,0,1.640549242216866e-30
-1,0,1.741913734615768e-44
0,1,0.9905529069064183
0,0,1.5606109252407948e-15
0,0,3.3922896372336254e-17
-1,0,8.634404430505413e-63
0,0,1.3839487832241056e-24
0,0,1.5438259101107562e-13
0,0,6.531075527798611e-31
-1,0,5.599013437350269e-39
0,0,1.0465800658795336e-29
0,0,6.34094296543774e-08
-1,0,5.015100382621455e-47
-1,0,7.071837989997228e-34
-1,0,2.696745692258406e-37
-1,0,3.3392634510561146e-80
0,0,1.2365948176367158e-23
-1,0,2.0393531310378705e-42
-1,0,1.5422148276766425e-47
0,0,1.724978830409516e-08
0,0,9.8064941478774e-35
0,0,8.398632434792965e-09
-1,0,8.18509249642965e-73
0,0,6.253435231140988e-40
0,0,1.8148133985614606e-26
0,0,9.351469515320518e-29
-1,0,6.329171315189497e-39
0,0,1.5580719098852974e-09
-1,0,1.820733008660054e-38
0,0,3.0409873840345674e-28
0,0,1.1792164014533254e-17
-1,0,1.2215165294100049e-61
-1,0,2.0476715438023305e-57
0,0,1.9336751566725847e-15
0,0,1.4682628787143743e-35
-1,0,6.2917573747442274e-55
-1,0,1.6418854065245565e-33
0,1,0.956499810859418
0,0,2.2495524236262614e-35
0,0,3.043464151386675e-31
0,1,0.9942793861958388
-1,0,3.0230110463411245e-44
0,0,1.0482855586082968e-35
0,0,1.5606109252407948e-15
0,0,9.336255279914276e-23
0,0,1.3165137215334465e-09
0,1,0.9993565019537491
-1,0,3.3392634510561146e-80
0,1,0.9999999999614784
-1,0,9.326512292194232e-57
0,0,4.0245353856975e-26
0,0,1.039546695035898e-42
-1,0,2.562665456943411e-56
0,1,0.9999107168541402
-1,0,2.6862567550547755e-68
0,0,5.062516872584793e-06
0,0,5.953571869206639e-28
0,0,4.2523763098009485e-22
0,0,0.0003859127181245524
0,0,4.390593582947598e-54
0,0,1.9289544092606153e-06
0,0,3.21314672899341e-24
-1,0,6.600565494331113e-70
0,0,3.036039894460579e-22
0,1,0.9905529069064183
-1,0,7.908084963129628e-32
0,0,5.61626216245402e-20
0,0,7.940341620350045e-47
0,0,5.044922681204763e-31
0,0,1.461108225600357e-17
0,1,0.9996564769293489
0,0,3.808902103372316e-30
0,0,2.2903359909603144e-18
-1,0,1.3140695966537855e-40
-1,0,2.829105685918319e-52
0,0,2.2978066742118306e-30
0,0,1.389593836573866e-39
-1,0,7.901649373393629e-29
0,0,2.169385985464201e-25
-1,0,7.0357595800768015e-53
-1,0,2.1302661771205733e-79
0,0,2.1876227498668076e-18
0,0,3.1974792610175238e-06
0,0,0.4420512703997204
0,0,1.3862040474544595e-30
0,1,0.9629943622312512
-1,0,9.929268057547507e-43
0,0,8.903049889268079e-17
0,0,5.664497630415007e-44
0,0,6.22551850327533e-16
0,0,1.3162109867062686e-46
0,0,9.273512497192436e-36
0,0,5.641486308342603e-29
0,0,2.7378147002507577e-17
0,0,2.685790495924929e-22
0,0,7.942167941078665e-10
0,0,2.2903359909603144e-18
-1,0,1.3545741114956248e-66
-1,0,9.822474678186808e-41
0,0,7.47828159876224e-33
0,0,4.277644770729762e-06
0,0,2.2866097625940118e-12
0,0,4.5345772289816624e-14
0,0,1.626873067920839e-37
-1,0,1.7259868016528447e-48
-1,0,2.571615783524933e-31
0,0,8.348985257573758e-25
0,0,1.309797262589662e-28
0,1,0.9998805588889413
-1,0,4.237576215259549e-47
0,1,0.9999999999928537
-1,0,6.2815210928784205e-49
-1,0,1.6321796488892335e-49
0,1,0.9999999999986742
0,0,2.4219697227804224e-17
0,0,2.873369875446854e-26
0,1,0.9932368483549753
0,0,6.644070211645717e-11
0,0,1.473390911201053e-10
-1,0,9.31133866057407e-51
-1,0,1.1473644241078882e-75
-1,0,7.861337513090156e-48
0,0,9.407078036537881e-13
0,0,1.4658741100787493e-29
0,1,0.9645951737985522
0,0,4.766849389851813e-29
-1,0,6.324020643422145e-36
0,0,3.6048223813937913e-34
-1,0,6.951568324639777e-54
-1,0,1.2215165294100049e-61
0,0,2.4648608858353746e-06
0,1,0.9999999999998941
0,1,0.9862075999374038
0,0,8.814467112604074e-18
0,1,0.9990989279903394
0,0,3.350926112035852e-55
0,0,1.8256051876073957e-10
-1,0,4.2523763098009485e-22
0,0,9.321065797084003e-17
0,0,3.4208066391758804e-10
0,0,1.1130558994204029e-49
0,0,1.3828225274205938e-21
0,1,0.9999999999992002
0,0,1.8330517342337162e-25
0,0,1.473390911201053e-10
-1,0,7.071837989997228e-34
0,0,2.427892347684611e-26
-1,0,1.3659612270678359e-59
0,0,1.3772030849870796e-06
-1,0,3.380483013434304e-42
0,1,0.9993565019537491
0,0,4.266246832118238e-34
0,0,1.051090601413312e-07
0,0,2.2838110809146828e-15
-1,0,2.4397810820312565e-44
0,0,1.4634892278150458e-23
-1,0,2.5217141703304204e-42
-1,0,1.2406283778782928e-35
-1,0,2.8268033632195165e-49
-1,0,1.0437869506177144e-57
0,0,5.304555758608885e-09
0,0,0.0008955259338765738
0,0,6.978711881742682e-23
0,0,1.107632123492892e-31
-1,0,6.589826801649652e-64
-1,0,4.0376627299909146e-38
0,0,2.892810537420604e-13
0,0,6.66031745718429e-20
-1,0,1.943143842659515e-33
0,0,2.498657246359748e-46
0,0,5.679655507961418e-16
-1,0,5.3392173273854454e-33
0,0,0.0013126465350389947
0,0,3.2053085466883795e-15
0,0,2.172921187542567e-31
0,0,4.7629701337298295e-26
-1,0,1.4359291093761524e-74
0,0,1.9222445279931327e-31
0,0,1.2446750949017131e-47
-1,0,1.4560229419145803e-42
0,0,3.1974792610175238e-06
0,0,1.2345829579362693e-17
0,1,0.9998805588889413
0,0,5.020339432320708e-13
0,1,0.9214744111589723
0,0,5.253896858234855e-19
-1,0,1.5564459632515775e-43
0,0,1.3297442775105196e-08
0,0,1.5425695462619276e-10
0,0,1.3175859730958574e-12
0,0,6.547046458487305e-40
0,0,1.6325550601677712e-12
0,0,6.0060854522648076e-15
0,0,5.675033411349332e-13
0,0,5.0707923525965856e-12
0,1,0.9998327148965553
-1,0,1.5472452679827101e-59
0,0,2.7017542518399355e-06
-1,0,2.5522549450072556e-41
0,0,5.673728419186591e-50
-1,0,3.5805967598093853e-47
0,0,9.298327031254646e-08
0,0,6.277852771815053e-09
0,0,1.2365948176367158e-23
-1,0,9.374337367763819e-38
0,0,1.8256051876073957e-10
-1,0,7.43407486640563e-49
0,0,4.470193447856768e-37
0,0,2.6171635105833004e-20
0,0,1.3165137215334465e-09
0,0,5.577236189122807e-70
-1,0,3.5922760524325644e-59
0,0,2.4259165319029496e-23
-1,0,9.83047470631181e-44
0,0,1.1753686901998727e-05
0,0,1.5425695462619276e-10
-1,0,8.843218392804481e-30
0,0,6.716306866684025e-13
0,1,0.9998805588889413
0,1,0.9932368483549753
-1,0,7.083362161595988e-40
0,0,8.313156459318904e-47
0,0,4.242003020448644e-13
0,0,2.184063629293661e-12
-1,0,3.798736896769889e-58
0,0,4.774617383184142e-35
0,0,2.4602909005167596e-37
0,0,6.682042270606088e-32
0,0,5.9705813851081395e-31
0,0,8.412318803336641e-15
0,0,1.7423140818405575e-07
0,0,6.298330090558916e-21
0,0,4.7474846528992134e-14
0,0,3.987737636175677e-30
0,0,2.427892347684611e-26
-1,0,1.533450879573116e-26
0,0,7.066082937010914e-31
0,0,1.956290776138515e-20
0,0,6.298330090558916e-21
0,0,1.7930969915879492e-27
-1,0,2.2679414602026714e-65
-1,0,3.4089007651373125e-35
0,0,1.7565569887903148e-37
-1,0,2.1250695844770674e-70
0,0,5.951169690096528e-19
0,0,0.1707194378022448
0,0,1.2376019765904868e-26
0,0,2.294068291532774e-24
-1,0,6.584464008770664e-61
0,0,4.7629701337298295e-26
-1,0,8.728280694696597e-65
0,0,4.04846728706625e-10
-1,0,4.259305924756147e-28
0,0,3.834672394527096e-17
-1,0,4.511443167325731e-33
0,0,1.3696164626004301e-31
-1,0,5.3392173273854454e-33
-1,0,7.484372371716805e-36
-1,0,1.2426500891133612e-41
0,0,2.5611689119923826e-16
0,0,9.343859301025919e-26
-1,0,3.373597826667013e-42
0,1,0.9975279983947021
-1,0,3.3202874101934353e-59
0,0,1.9711307625955454e-10
0,0,8.362590651096494e-31
0,0,2.0431462613396644e-11
0,0,8.362590651096494e-31
0,0,2.8951666204267813e-16
0,0,1.3921784164293802e-08
0,1,0.9932368483549753
-1,0,1.1178530490304367e-27
-1,0,8.776640747583717e-40
0,0,1.2875217411933038e-48
-1,0,9.374337367763819e-38
0,0,7.901649373393629e-29
-1,0,2.0360352355390976e-36
-1,0,2.0460051512393479e-54
0,0,1.9289544092606153e-06
-1,0,7.44012963467555e-52
0,0,9.786520805762634e-35
0,1,0.9998805588889413
0,0,0.0001740593472813196
-1,0,2.146425902674473e-69
0,0,0.00010501250477314298
-1,0,4.404914946308108e-66
0,0,1.9368262475704676e-21
0,1,0.9999999859919191
0,0,1.4670680082045027e-32
0,0,4.564207501377624e-38
0,0,3.8253179099594795e-08
-1,0,2.536126221224918e-63
-1,0,2.575806453845305e-37
-1,0,1.2332945905729363e-51
0,1,0.9990566607764791
-1,0,3.178588008694817e-22
0,0,1.831559999005606e-22
-1,0,5.320634559665491e-58
0,0,5.499312894535642e-56
-1,0,1.7390797537561401e-38
0,0,7.406863416328692e-43
-1,0,9.913113781324748e-37
0,0,3.5544569984632085e-20
0,0,1.0387007132246431e-39
0,0,1.1859558356816029e-38
0,0,1.6352154498292766e-18
0,0,4.489459494392339e-15
0,0,7.882374010790425e-20
0,1,0.9999999928594738
0,0,1.8048136190947154e-51
-1,0,1.3626290875726804e-50
-1,0,7.03003388765574e-50
-1,0,1.527486553746288e-57
0,0,2.5460289487378584e-32
0,0,3.949654425449154e-40
0,0,1.1130558994204029e-49
0,0,1.5966032837462435e-51
-1,0,1.391858299906845e-45
0,1,0.9998805588889413
0,0,1.061652734274758e-06
0,0,3.1974792610175238e-06
0,1,0.999858646546025
0,0,3.1974792610175238e-06
0,0,2.409613555034898e-36
0,0,0.0011093640295040171
0,1,0.8348283043583623
-1,0,2.368633626434337e-56
0,0,1.1013377795007746e-10
0,0,6.31887416326509e-33
0,0,6.31887416326509e-33
-1,0,2.670991556995733e-47
0,1,0.9999999244908307
0,1,0.9985072449447348
0,0,9.99644755490735e-30
0,0,1.6378801748231558e-24
0,0,1.8484611324869534e-18
0,0,3.4208066391758804e-10
0,0,2.7083683722627447e-15
0,0,2.1605731223451685e-10
-1,0,2.1671220905317187e-59
0,0,4.5233109232109345e-05
0,0,3.1974792610175238e-06
0,0,5.04081712938305e-28
-1,0,2.4377955912122926e-41
-1,0,1.3172829899699135e-49
0,0,3.036039894460579e-22
0,0,3.3777319805501845e-39
-1,0,2.532000108073849e-57
-1,0,1.2426500891133612e-41
-1,0,7.746537932488375e-77
-1,0,1.153247951472607e-56
0,0,7.435784748943313e-12
0,0,7.466114918809766e-27
0,0,4.0583673105604304e-19
-1,0,6.2968817693190144e-58
0,0,8.348985257573758e-25
0,0,8.881330911438713e-08
-1,0,8.678680471907365e-44
0,0,2.1640939635684868e-16
-1,0,1.901900110816763e-75
0,0,2.1583184246731024e-44
-1,0,1.6308513831150705e-46
-1,0,2.2472048698177837e-69
-1,0,3.055878279503907e-46
0,0,2.165856534930686e-19
-1,0,2.171152866974849e-28
-1,0,2.2435488129981096e-63
0,0,5.67041507298469e-10
0,0,9.336255279914276e-23
0,0,9.147636993375793e-31
-1,0,3.9657648554122616e-55
0,0,1.245975350965675e-13
-1,0,1.300994983453923e-41
0,0,5.032616046299734e-22
0,1,0.9783369542742287
0,0,1.6392141652780324e-27
0,1,0.9997227345096907
-1,0,1.740496167378724e-41
0,0,0.06969986277076516
0,0,1.051090601413312e-07
0,0,2.1805055445739427e-06
0,0,3.418021623856797e-07
0,1,0.9999999999988798
0,0,2.0498106541235996e-23
0,1,0.9996718776349772
0,0,9.374337367763819e-38
-1,0,2.4377955912122926e-41
0,0,1.1674835386223097e-18
-1,0,2.571615783524933e-31
-1,0,7.740233809525573e-74
0,0,4.446584800124145e-25
0,1,0.7530330563247168
-1,0,9.870572688869395e-59
0,0,4.719420614303616e-30
-1,0,4.280162597700753e-46
0,1,0.9629943622312512
0,0,5.062516872584793e-06
-1,0,3.015636682924302e-35
-1,0,6.31887416326509e-33
-1,0,3.5864316518903424e-53
-1,0,2.5299395695258896e-54
0,0,1.9368262475704676e-21
0,0,2.1605731223451685e-10
-1,0,2.703340247527637e-46
0,0,3.0286337483402524e-13
0,0,1.1684344090954047e-21
0,0,5.0707923525965856e-12
0,0,5.6139960825584796e-11
0,1,0.9987383846518546
0,0,9.872842980832642e-22
-1,0,3.725023280426068e-69
-1,0,2.7194156625508767e-30
0,0,4.7629701337298295e-26
0,0,3.0131825615314977e-32
0,0,3.601888781410235e-31
0,0,2.3077099172751477e-08
-1,0,3.22362746262712e-36
0,0,3.802705266271382e-24
-1,0,3.540632010679902e-51
0,0,1.2396187560429067e-32
0,1,0.7203891326027229
0,0,5.623144575006029e-17
0,0,7.048845863539417e-22
-1,0,5.044922681204763e-31
0,0,2.2922013816020515e-21
0,1,0.9997657107404385
-1,0,1.73342561664568e-26
0,1,0.932831014183391
0,0,1.3755193583821223e-09
0,0,1.943143842659515e-33
-1,0,4.0508328934303704e-50
0,0,1.9368262475704676e-21
0,0,1.8330517342337162e-25
-1,0,6.211410038361965e-53
0,0,1.624226250777194e-31
-1,0,7.01161844981984e-10
0,0,4.511443167325731e-33
0,0,1.1703384740147955e-27
0,0,0.04324379515738642
0,0,2.0548232104387475e-32
0,0,5.326192787173765e-24
0,0,0.36129101414979364
0,0,3.831551742887748e-14
-1,0,6.271301464780247e-43
0,1,0.9999999999939615
-1,0,7.313596489735839e-72
0,0,7.895219020932577e-26
0,0,8.362590651096494e-31
0,0,3.3950525267696046e-20
-1,0,2.0410141057860515e-45
0,0,2.2884721183711958e-15
0,0,3.617412516388001e-09
0,0,4.794092793097745e-50
0,0,2.5278807078416448e-51
0,0,3.064055638164784e-18
-1,0,2.0426764333343296e-48
-1,0,8.306391222901526e-44
0,0,2.294068291532774e-24
-1,0,1.7287994464147265e-54
0,0,3.831551742887748e-14
-1,0,1.4421178073298577e-52
-1,0,2.2453760972815354e-66
0,0,9.832726107234487e-07
0,0,4.694495711145824e-18
-1,0,1.8237000505601423e-44
-1,0,3.7410777247592325e-47
0,0,2.8904563709580533e-10
0,0,1.7277898623990393e-14
0,0,7.397849591174764e-31
-1,0,1.2830406129709762e-73
0,0,1.7437334332081842e-10
-1,0,6.676604432892822e-29
0,0,1.1722456417726087e-33
0,0,1.8278295756848483e-22
0,0,3.2157637135155272e-27
-1,0,3.9135413390139537e-44
-1,0,1.0420887768328878e-51
-1,0,1.0992931302353134e-41
0,0,7.935698323424418e-07
0,0,7.054586877591848e-25
0,0,4.2523763098009485e-22
0,0,1.73342561664568e-26
-1,0,2.9837201552212274e-79
-1,0,5.650679598174863e-35
-1,0,7.940341620350045e-47
-1,0,3.186360849256546e-31
0,0,4.984554163878492e-32
0,0,4.203216887479207e-17
0,0,5.028520509602316e-19
-1,0,2.560579962972497e-53
0,0,1.954698749130934e-17
0,0,2.735586670042864e-14
0,0,2.4160614872131973e-08
0,0,1.1763397953180034e-08
-1,0,9.281065416718903e-39
-1,0,1.1019813144883682e-50
0,0,8.836021792643092e-27
-1,0,1.69801505106471e-71
-1,0,6.184754420909266e-75
-1,0,7.44012963467555e-52
0,0,2.0619994296936182e-07
-1,0,5.949801199506297e-56
0,0,6.63713669403883e-45
0,0,3.4403571667225922e-31
0,0,3.1974792610175238e-06
-1,0,1.3735294938884394e-34
0,0,0.0011093640295040171
0,1,0.9999999995179008
0,0,7.47828159876224e-33
-1,0,5.019184989141213e-50
0,0,1.651648879455752e-17
0,0,8.843218392804481e-30
0,0,1.724978830409516e-08
0,0,5.623144575006029e-17
-1,0,1.2436621798530318e-44
0,0,7.908084963129628e-32
0,0,3.889008329283767e-31
0,0,8.321840839792042e-13
0,0,1.831559999005606e-22
-1,0,4.6934161967744446e-55
-1,0,4.431108776688407e-50
-1,0,9.929268057547507e-43
-1,0,4.24102755822704e-50
0,0,1.264659553921673e-30
0,0,9.888931632303258e-28
0,0,1.221304508264567e-15
-1,0,1.643222659086747e-36
-1,0,3.942321835349864e-71
-1,0,1.0287810390252492e-49
-1,0,1.300994983453923e-41
0,0,4.5151175644002764e-36
0,0,4.2454579688806283e-16
0,0,3.3950525267696046e-20
0,0,6.710841139986072e-10
-1,0,5.069626307629271e-49
0,0,5.936652343639153e-10
-1,0,4.0310937141624986e-32
0,0,1.7376644928092056e-35
-1,0,6.226599266962727e-62
0,0,4.4967754569005835e-21
0,0,1.363738896595526e-53
-1,0,1.5472452679827101e-59
-1,0,6.951568324639777e-54
0,1,0.9942793861958388
0,1,0.9995404815407178
-1,0,1.7095034907945154e-58
-1,0,6.206355200575656e-50
0,0,0.016183188969714886
-1,0,3.780226148346115e-40
-1,0,1.9238101222848876e-34
-1,0,1.241638822011879e-38
-1,0,1.2927734737762597e-63
0,0,2.2959367219899193e-27
0,0,7.895219020932577e-26
0,0,2.27309281429442e-28
0,0,2.7305080141475047e-45
-1,0,1.0992931302353134e-41
0,0,5.641486308342603e-29
0,0,4.273199050289117e-40
0,0,9.336255279914276e-23
0,0,1.3921784164293802e-08
0,0,1.0553780549039835e-22
0,0,2.4199987268235048e-14
-1,0,2.5211342940551043e-79
0,0,6.298330090558916e-21
-1,0,2.4115760926684616e-39
0,0,8.821646157306968e-21
-1,0,1.4682628787143743e-35
0,1,0.9997657107404385
0,0,0.005950932719774229
0,0,1.7306054454043953e-20
0,0,1.245975350965675e-13
0,0,6.98439577436235e-26
0,0,6.705375374079349e-07
0,1,0.6852339549895139
0,0,2.31335318746027e-17
0,1,0.9868179853383506
0,0,5.095622655854125e-30
-1,0,2.580003953225386e-43
-1,0,2.163596323208721e-53
0,0,1.1058300777456724e-25
0,0,3.3867706015254e-11
0,0,1.4670680082045027e-32
0,0,9.939640618296325e-09
0,0,4.530886995451162e-11
0,0,4.4967754569005835e-21
0,0,5.286093656064435e-34
-1,0,2.6797038734281455e-59
0,0,1.734837425190889e-29
0,0,2.27309281429442e-28
0,0,1.3186590962348087e-15
0,0,2.5522549450072556e-41
0,0,1.393312311622911e-11
-1,0,4.511443167325731e-33
0,0,4.0310937141624986e-32
-1,0,1.4730521004443004e-47
0,0,1.1058300777456724e-25
0,0,6.313731871307203e-30
0,0,4.803009649411911e-19
0,0,5.028520509602316e-19
-1,0,4.7629701337298295e-26
-1,0,8.843218392804481e-30
0,0,5.07905564729837e-18
-1,0,4.6618748577869696e-68
0,1,0.9999999999999545
0,0,2.703962024972931e-09
0,0,1.63122648622615e-09
0,0,2.0670422183632872e-16
-1,0,2.0231687113741496e-58
0,0,2.184063629293661e-12
0,0,8.977892635970357e-10
0,0,2.441768189956116e-47
-1,0,5.265533502924916e-65
0,0,5.334872278945704e-30
0,0,9.947736172354694e-12
0,0,4.413107944513921e-35
0,0,1.6298963422268864e-06
-1,0,4.283648625640049e-49
0,0,2.7083683722627447e-15
0,0,9.453141961852628e-31
0,0,9.250890597948134e-27
0,0,1.1040309638102035e-19
0,0,9.939640618296325e-09
-1,0,2.7121580798413135e-58
0,0,8.881330911438713e-08
-1,0,1.2332945905729363e-51
-1,0,6.957230109875376e-57
0,0,2.8904563709580533e-10
0,0,1.1801768278923002e-20
-1,0,3.731093528012813e-75
0,0,2.8757101247801666e-29
-1,0,1.6295241982819473e-43
0,0,2.0619994296936182e-07
0,0,8.405472868656272e-12
0,0,5.281791839602534e-31
0,1,0.9998805588889413
0,0,1.0528035551089011e-13
-1,0,5.594456967158416e-36
-1,0,3.403354704314215e-29
0,0,2.4298697726923084e-29
-1,0,8.798102927964417e-49
0,0,1.5577136286708338e-46
-1,0,1.825185384162372e-47
0,1,0.9990989279903394
0,0,4.008186207552437e-11
0,0,3.043464151386675e-31
0,0,4.787391699250803e-07
-1,0,1.4706555400550581e-41
-1,0,7.44012963467555e-52
0,0,3.7648694464667907e-25
0,0,2.1324915703387613e-45
0,0,5.980310963829127e-37
0,0,4.2454579688806283e-16
0,0,1.3066021300318718e-19
-1,0,1.7956059978692364e-70
0,0,2.034378312589349e-33
0,0,3.780226148346115e-40
-1,0,3.4116771837985895e-38
0,0,5.326192787173765e-24
0,1,0.9998805588889413
-1,0,1.289619869219338e-54
-1,0,2.0079369481512467e-68
-1,0,2.139447392157629e-57
0,0,5.975444194183082e-34
0,0,1.0528035551089011e-13
0,1,0.999999999998143
-1,0,1.2999362353497818e-38
0,0,1.8484611324869534e-18
-1,0,1.5372007424567592e-35
-1,0,3.226252983303984e-39
0,1,0.9298983773615515
0,1,0.9998805588889413
0,0,1.6352154498292766e-18
-1,0,7.908084963129628e-32
-1,0,2.5418867244902062e-26
0,0,5.965722533381234e-28
-1,0,2.0426764333343296e-48
0,0,4.0451710147047915e-07
0,0,5.222839240361905e-35
-1,0,5.3076553504435754e-49
-1,0,1.0491393469077487e-38
0,0,1.6459004325205757e-42
-1,0,4.2306819531346725e-41
-1,0,4.511443167325731e-33
-1,0,1.2152847161055524e-80
-1,0,4.247938679410073e-56
0,0,3.3950525267696046e-20
-1,0,1.3130002084456176e-37
0,0,2.1822862362630107e-09
0,1,0.9999999999990534
0,0,5.074922318111189e-15
-1,0,4.266246832118238e-34
-1,0,1.9415625146100953e-30
0,0,3.5989575687867074e-28
-1,0,1.4324262895283218e-65
-1,0,1.523760387751867e-48
0,0,1.102234776916496e-13
0,0,5.92563086691873e-41
-1,0,1.1722456417726087e-33
0,0,1.4622982420963354e-20
0,1,0.6478195940678282
0,0,1.6298963422268864e-06
0,0,2.2749441610314573e-31
-1,0,1.0321367463572992e-61
0,1,0.9999999999999545
0,0,1.951518580792166e-11
0,0,5.946326635582904e-16
0,0,1.0536610231429767e-16
0,1,0.9999999999997922
0,1,0.9998805588889413
-1,0,1.0382743483752341e-45
0,0,8.34219086372491e-22
-1,0,1.8296486473936824e-56
0,0,7.108101405054281e-15
-1,0,3.045942935970625e-34
0,0,9.35908592784218e-32
-1,0,2.5737102657474815e-34
0,0,1.1674835386223097e-18
0,0,2.8881032878683805e-07
0,0,3.369492307334469e-30
0,0,2.2903359909603144e-18
-1,0,2.532000108073849e-57
0,0,2.584802676467035e-12
0,0,3.237520945634686e-14
0,0,1.1636864344394692e-06
0,0,2.8710315306055467e-23
0,0,2.1822862362630107e-09
0,0,6.303459838358308e-24
-1,0,3.5960287415803777e-25
0,0,0.0004040247674651655
0,0,4.04846728706625e-10
0,0,1.5328214301609706e-32
-1,0,3.0328715899828375e-56
0,0,6.31887416326509e-33
0,0,2.0393531310378705e-42
-1,0,4.526158721307038e-45
0,0,3.370852396939347e-39
-1,0,6.308593764140137e-27
0,0,2.873369875446854e-26
0,0,1.395582834552012e-17
0,0,1.928514560013446e-43
-1,0,1.4706555400550581e-41
0,0,0.059537192980701294
0,0,0.1707194378022448
0,0,2.7400445451035716e-20
-1,0,3.2019635993971456e-49
0,0,9.600556445942616e-40
0,0,1.5580719098852974e-09
0,1,0.9998805588889413
0,0,1.106730733844393e-28
-1,0,1.040393365866825e-45
0,1,0.9888388702745383
0,0,4.766849389851813e-29
-1,0,4.518794954130151e-39
-1,0,6.26506637756634e-09
-1,0,1.392991914999771e-48
0,0,1.4622982420963354e-20
-1,0,4.0376627299909146e-38
0,0,1.4634892278150458e-23
0,0,4.541966714740557e-20
0,1,0.9965410596904526
0,0,2.034378312589349e-33
0,0,3.0131825615314977e-32
-1,0,1.1622634988823997e-09
-1,0,9.19991738719047e-52
0,0,1.393312311622911e-11
0,0,1.4362593818354685e-37
0,0,0.059537192980701294
0,0,3.5960287415803777e-25
0,0,3.364010361520571e-24
0,1,0.893369102137408
0,0,1.3023539047587628e-07
-1,0,1.626873067920839e-37
0,0,2.873369875446854e-26
0,0,2.2996781494379604e-33
0,1,0.9998327148965553
-1,0,4.7386708795379154e-45
0,0,1.385075956319704e-27
-1,0,1.0491393469077487e-38
0,1,0.9997227345096907
-1,0,3.322991656682726e-62
-1,0,1.4694587224003547e-38
0,0,8.800126545259483e-12
-1,0,2.3841109809952438e-80
-1,0,1.525001432026061e-51
-1,0,4.473834248620128e-40
0,0,2.446309799191065e-16
0,0,1.2155642390077357e-43
0,0,6.671171020485046e-26
0,0,4.674349773100033e-40
-1,0,3.531182763911427e-79
0,0,2.5611689119923826e-16
-1,0,5.5545793558791636e-55
-1,0,2.398288098920413e-64
0,0,1.6869917466948774e-47
0,1,0.9999999999997922
0,0,2.8663605482007157e-17
-1,0,4.708725315572613e-67
0,0,0.0004040247674651655
-1,0,5.330530766501031e-27
0,0,8.836021792643092e-27
0,0,4.766849389851813e-29
0,0,9.509355078366149e-15
0,0,1.107632123492892e-31
0,0,5.665797289315339e-07
-1,0,1.8266719275116836e-50
0,1,0.6084988841351642
-1,0,2.723847185556303e-36
0,0,1.9415625146100953e-30
0,1,0.9999999999999105
0,0,8.664560820712561e-38
-1,0,2.5237680096068568e-45
0,0,1.5606109252407948e-15
0,0,1.5340698543059918e-35
-1,0,6.904851442132686e-67
-1,0,6.64254238679573e-48
-1,0,5.347918043772098e-39
-1,0,5.320634559665491e-58
-1,0,1.706722239303065e-52
0,1,0.8102720095593279
0,1,0.9214744111589723
0,0,5.646081082125484e-32
0,1,0.9932368483549753
0,0,1.361520181711041e-47
-1,0,3.0230110463411245e-44
-1,0,2.176462150538501e-37
-1,0,1.389593836573866e-39
0,0,0.0005657986584497836
0,0,1.1703384740147955e-27
0,0,9.872842980832642e-22
0,1,0.999999999998431
-1,0,1.1019813144883682e-50
0,0,9.896985787063434e-31
0,0,2.8904563709580533e-10
-1,0,7.7150685788156286e-62
-1,0,4.917783512415505e-58
-1,0,1.460772239069613e-54
0,0,1.2355884783076348e-20
0,1,0.999997403413078
-1,0,2.571615783524933e-31
-1,0,5.8248545705155114e-61
0,1,0.9997227345096907
0,0,3.828433630684503e-11
0,0,1.5488616054916917e-25
0,0,1.0528035551089011e-13
0,0,0.32339194064008353
0,0,6.721777040508269e-16
0,0,8.362590651096494e-31
0,0,2.7149913493464646e-24
0,1,0.9920058436002769
-1,0,4.280162597700753e-46
0,0,5.330530766501031e-27
0,0,1.3884629868328896e-36
0,0,9.896985787063434e-31
0,0,4.0451710147047915e-07
-1,0,7.060332567479584e-28
0,0,7.875959344595554e-17
-1,0,2.880396343128654e-35
-1,0,6.653366984082095e-54
0,0,3.793428908967092e-15
-1,0,7.727640950287295e-68
0,0,2.3152373247239523e-20
0,0,7.856746033221046e-08
-1,0,6.550872035658244e-80
-1,0,6.692931236369285e-38
0,0,1.7390797537561401e-38
0,0,4.302110684324354e-27
0,0,1.245975350965675e-13
0,0,3.1482322410911604e-32
0,0,1.4854351914610974e-40
-1,0,8.634404430505413e-63
0,0,3.1636482857158397e-50
0,0,1.461108225600357e-17
0,1,0.9999996560791166
-1,0,7.914525794406022e-35
0,0,1.4682628787143743e-35
-1,0,7.79894950215982e-64
0,0,1.5488616054916917e-25
0,0,9.407078036537881e-13
-1,0,1.4560229419145803e-42
-1,0,7.414600978271597e-09
0,0,2.0351994857937573e-42
0,0,3.6233074160352e-15
0,1,0.9996116960617358
0,0,1.81629149432712e-29
0,0,0.00047812109245736937
0,0,1.9305291886686415e-09
-1,0,4.25139846220624e-59
0,0,3.77100462682717e-31
0,0,0.00014707774493544825
-1,0,1.951069822862697e-48
-1,0,6.286637150395122e-52
0,0,7.102316840895373e-12
0,0,2.0269317392247473e-27
0,1,0.9999999999978024
0,0,9.8064941478774e-35
-1,0,1.1037770883430072e-56
0,0,0.007035147419316433
0,0,9.98018398199224e-24
0,0,4.0245353856975e-26
0,0,1.6279040914812273e-09
0,0,1.3978570574751334e-23
0,0,3.626258460673529e-18
0,0,1.8514733597628428e-24
-1,0,4.7590940345417013e-23
0,0,3.0409873840345674e-28
-1,0,6.904851442132686e-67
-1,0,3.5747713607200423e-41
-1,0,3.0409873840345674e-28
0,0,3.626258460673529e-18
-1,0,7.415940109736747e-40
0,0,1.943143842659515e-33
0,1,0.9999999956923156
0,0,5.281791839602534e-31
-1,0,1.69801505106471e-71
0,0,2.5653425582321527e-22
0,0,4.255839706876642e-25
0,0,4.751351296692429e-17
0,0,3.866908250315262e-10
0,0,1.9368262475704676e-21
0,0,1.1596376556853977e-31
-1,0,2.0476715438023305e-57
0,1,0.9999999999990534
0,0,0.0013126465350389947
0,0,2.0498106541235996e-23
-1,0,1.0312967947530898e-58
-1,0,6.31887416326509e-33
-1,0,6.595193962317337e-67
0,1,0.9999999999724969
0,0,1.309797262589662e-28
0,0,1.7565569887903148e-37
0,0,7.807096713770042e-30
-1,0,2.6638632086492874e-75
-1,0,1.2332945905729363e-51
0,0,5.727401030850407e-09
-1,0,8.798102927964417e-49
-1,0,4.43832965165566e-56
-1,0,5.196193871035104e-54
0,0,2.174690948339473e-34
0,0,2.165856534930686e-19
0,0,1.903886940281428e-41
0,1,0.9998805588889413
0,0,0.48391075050036786
0,0,5.028520509602316e-19
0,0,2.559084635907331e-13
0,0,8.321840839792042e-13
0,0,5.9560166890919185e-22
-1,0,6.534891772818478e-71
0,0,1.5290822502156146e-23
-1,0,4.004003405526258e-45
0,0,4.2454579688806283e-16
0,0,1.121499293984877e-39
-1,0,7.44012963467555e-52
-1,0,2.5217141703304204e-42
-1,0,5.256966820851932e-59
0,0,2.2978066742118306e-30
0,0,3.7679357879383124e-28
-1,0,1.1085342472886326e-34
-1,0,2.5258235216564853e-48
0,1,0.9999999999999243
0,0,5.727401030850407e-09
0,0,1.3055388188387987e-16
0,0,8.932090111295563e-29
-1,0,3.322991656682726e-62
0,0,1.702558843982552e-43
-1,0,9.138090841067079e-65
-1,0,1.6445610007897324e-39
0,0,7.373797528110536e-19
-1,0,1.9363808681521654e-58
-1,0,2.07547357343961e-31
0,0,4.6629471174578374e-31
0,0,4.5345772289816624e-14
0,0,1.7306054454043953e-20
-1,0,4.419283023500047e-78
0,1,0.9999999834216713
-1,0,1.6997888909818322e-37
-1,0,1.153247951472607e-56
0,0,4.2489157312335314e-19
-1,0,5.526241547346084e-74
0,0,4.1766550722859304e-39
0,0,1.6392141652780324e-27
0,0,2.2828843849974286e-06
0,0,1.5413139677510024e-07
0,0,3.210531874170051e-21
0,0,3.9167287680280955e-47
-1,0,1.0905690789259066e-57
-1,0,1.2312881001282549e-45
0,0,0.021532464321724475
-1,0,6.568401801335321e-52
0,0,1.1114993872479387e-06
-1,0,2.0198771468782207e-52
0,1,0.9999999999999545
0,0,3.403354704314215e-29
-1,0,1.280953188968805e-67
0,1,0.9999999999999105
-1,0,5.9449592586685375e-53
0,0,1.1655841184965904e-12
0,1,0.893369102137408
0,0,1.546341707946259e-19
0,0,6.346107821786357e-11
0,0,7.948636537937332e-13
-1,0,4.010528275353957e-51
-1,0,5.5352470358737416e-80
0,1,0.9995404815407178
0,0,1.4658741100787493e-29
0,0,4.0310937141624986e-32
0,0,7.813455293998654e-33
0,0,0.0001740593472813196
0,0,1.6365472699680573e-21
-1,0,1.4324262895283218e-65
-1,0,6.31887416326509e-33
-1,0,1.1010845234612298e-47
0,0,1.181138036561698e-23
-1,0,3.812004307750557e-33
-1,0,1.825185384162372e-47
-1,0,4.24102755822704e-50
-1,0,2.4214127830612824e-54
0,0,1.9499303994070067e-08
-1,0,9.35908592784218e-32
-1,0,1.897260596642101e-66
0,0,1.1058300777456724e-25
0,0,4.281147042893906e-09
0,0,3.946440201575779e-37
0,0,0.007945299752939233
0,0,2.427892347684611e-26
-1,0,9.366708543639127e-35
0,0,0.0002755578691575613
0,0,2.580590710415984e-06
-1,0,2.1782347953136495e-40
0,0,1.307666307251037e-22
0,0,1.0596828857592192e-37
0,0,1.244961377615366e-10
0,0,0.2544247221923586
-1,0,5.5352470358737416e-80
0,0,2.559084635907331e-13
0,0,7.447902003316221e-18
-1,0,1.4730521004443004e-47
-1,0,6.64254238679573e-48
-1,0,4.790191366327986e-47
0,0,1.1665334419664003e-15
0,0,6.020772585197184e-24
0,0,1.3873330573760693e-33
0,0,5.623144575006029e-17
-1,0,1.9316572412727657e-49
0,0,1.9531080177129333e-14
0,0,0.00982596193105277
0,0,7.948636537937332e-13
-1,0,3.2045714756900003e-52
0,1,0.9999767992875764
0,0,5.028520509602316e-19
0,0,0.40099927641855937
0,0,8.292877262209624e-38
0,0,4.004924190353743e-08
0,0,2.7194156625508767e-30
-1,0,1.2165542693634671e-46
0,0,1.9415625146100953e-30
0,0,8.814467112604074e-18
-1,0,3.359120383936423e-64
-1,0,4.7707318054788186e-32
0,0,0.0013126465350389947
0,0,4.431108776688407e-50
-1,0,4.269721526201282e-37
0,0,2.2996781494379604e-33
0,1,0.999999999999936
0,1,0.9998805588889413
0,0,1.4634892278150458e-23
0,0,2.4239423240377386e-20
0,0,6.676604432892822e-29
0,0,3.828433630684503e-11
0,1,0.9987383846518546
-1,0,2.2435488129981096e-63
0,0,1.7376644928092056e-35
0,0,5.2903989761905145e-37
0,1,0.9999999999990534
0,0,4.2523763098009485e-22
-1,0,6.189791665690704e-78
0,0,1.3604121782756165e-44
-1,0,4.5151175644002764e-36
0,0,3.632167762444981e-24
-1,0,1.2342990616185995e-54
0,1,0.9932368483549753
-1,0,3.641049775726965e-33
-1,0,4.689596700493855e-52
0,0,2.0248165045345767e-61
0,0,5.317527416372916e-18
0,0,0.0001740593472813196
0,0,1.2406283778782928e-35
-1,0,8.313156459318904e-47
0,0,3.240157782019605e-17
0,0,4.787391699250803e-07
0,0,3.4005850584763966e-26
-1,0,2.814672431820951e-71
0,1,0.999999999998143
-1,0,3.0254731726570754e-47
-1,0,5.517250710165482e-68
0,0,3.828433630684503e-11
0,0,1.4622982420963354e-20
0,0,7.51662920088619e-14
0,0,5.066665722423037e-09
0,0,1.8170246371734424e-38
0,0,1.0423284636118905e-14
-1,0,4.000744952520354e-42
0,1,0.9998805588889413
0,0,8.836021792643092e-27
-1,0,8.233765155745979e-57
0,0,5.0707923525965856e-12
0,0,6.563056444095018e-49
0,0,1.0519467847708032e-10
0,0,5.024428305847582e-16
0,1,0.9970757539106673
0,0,5.028520509602316e-19
0,0,8.843218392804481e-30
0,0,1.8218868927283002e-10
0,0,5.062516872584793e-06
0,0,8.888565202768787e-11
-1,0,1.2282844836075022e-36
-1,0,1.3052386059929366e-53
0,0,1.6503047696458708e-14
0,0,0.00016625471624141203
0,0,4.288123560604897e-15
-1,0,7.920971871492176e-38
-1,0,1.5447280001137704e-53
-1,0,1.1624734049496671e-40
-1,0,1.7897680813007562e-58
-1,0,3.5718622162198436e-38
-1,0,3.7471741344515083e-53
0,0,5.641486308342603e-29
0,0,2.1623328265842098e-13
-1,0,5.669111146035177e-47
0,0,3.0590706180256284e-12
-1,0,1.5472452679827101e-59
0,0,4.180056797323809e-42
-1,0,1.792684663173798e-64
-1,0,5.999817712678498e-49
0,0,0.00012427814364512216
-1,0,8.669623706134822e-78
-1,0,1.825185384162372e-47
0,0,9.343859301025919e-26
0,0,1.3910261329202112e-05
-1,0,5.326192787173765e-24
-1,0,2.0460051512393479e-54
-1,0,2.2823646387731325e-43
0,1,0.9999999999999545
0,1,0.9999999834216713
-1,0,2.7216305220946017e-33
0,0,7.048845863539417e-22
0,0,3.5529979684427866e-26
0,0,3.566051027667371e-32
0,0,1.9384037181123954e-24
-1,0,3.7833049972611235e-43
0,0,0.0003414075220396442
0,1,0.9999999999995175
0,0,5.573979195652866e-30
-1,0,6.64795248228144e-51
-1,0,2.5647526494689405e-59
0,1,0.9997227345096907
-1,0,2.1250695844770674e-70
0,0,4.298609631984535e-24
0,0,3.987737636175677e-30
0,0,9.864808473458237e-19
0,0,1.1103406997139872e-40
0,0,4.5041033414024224e-27
0,0,1.1040309638102035e-19
-1,0,5.303335987101377e-46
0,0,4.766849389851813e-29
0,0,4.787391699250803e-07
-1,0,2.4174733012464915e-48
0,0,2.7172026054571218e-27
0,1,0.9994562134587772
0,0,1.2262861442824732e-30
0,0,3.3950525267696046e-20
0,0,4.0451710147047915e-07
-1,0,3.394271823533359e-57
0,0,2.8710315306055467e-23
-1,0,6.698382371636508e-41
0,0,2.1805055445739427e-06
-1,0,7.351099609213826e-53
0,0,2.7216305220946017e-33
0,0,7.819819053046378e-36
0,0,1.5593409020027315e-12
0,0,4.5041033414024224e-27
0,0,5.915990249174953e-35
0,1,0.9998805588889413
0,0,2.3057787916339442e-05
0,1,0.9999994299082272
0,0,3.3777319805501845e-39
0,0,2.822204337179308e-43
0,0,1.4757919293316246e-16
0,0,1.473390911201053e-10
0,0,4.305614588136689e-30
-1,0,1.211333553774845e-68
0,0,2.8904563709580533e-10
0,0,0.00014707774493544825
0,0,0.08144701269395363
0,0,1.2406283778782928e-35
0,0,6.020772585197184e-24
-1,0,2.7011402725866727e-43
0,0,9.374337367763819e-38
0,0,4.269721526201282e-37
0,0,2.1640939635684868e-16
0,0,3.834672394527096e-17
0,0,4.227239029407776e-38
-1,0,1.4324262895283218e-65
0,0,4.7629701337298295e-26
0,0,0.026543175832651634
-1,0,4.477478014675849e-43
0,0,2.5869078989137622e-15
0,0,2.196545946506596e-33
0,0,0.03126115450608706
0,0,2.165856534930686e-19
-1,0,2.4397810820312565e-44
0,0,0.1959069714273571
0,0,1.1674835386223097e-18
0,0,8.873316656139749e-05
0,0,2.7083683722627447e-15
0,0,3.5989575687867074e-28
0,0,5.028520509602316e-19
0,1,0.9083862650299876
-1,0,4.3977484349028356e-60
-1,0,1.3031150672934276e-47
0,0,3.620358772940308e-12
0,0,2.4259165319029496e-23
0,0,1.5580719098852974e-09
0,0,3.8213260888759234e-42
-1,0,1.734837425190889e-29
-1,0,5.999817712678498e-49
0,1,0.9970757539106673
0,0,2.4199987268235048e-14
0,0,1.7196690547198845e-42
0,0,2.4160614872131973e-08
0,0,5.330530766501031e-27
0,0,2.712781892753289e-21
0,1,0.9999999986753256
0,0,1.2426500891133612e-41
0,0,7.071837989997228e-34
0,0,4.766849389851813e-29
-1,0,1.6179088560010628e-62
0,0,1.2469901500034734e-16
0,0,1.3044763729668953e-13
0,0,2.5460289487378584e-32
0,0,5.627724410151942e-20
0,0,3.796518511023201e-18
0,0,1.8454538059063856e-12
0,0,3.3867706015254e-11
0,0,3.626258460673529e-18
0,0,9.35908592784218e-32
0,0,7.948636537937332e-13
-1,0,2.868035423054082e-57
0,0,1.9415625146100953e-30
0,0,3.5960287415803777e-25
0,0,5.087332407727788e-24
0,0,2.60865445880278e-08
0,0,2.6836048029500553e-19
0,0,2.2922013816020515e-21
-1,0,1.290670215039785e-57
0,0,2.1539224772898136e-44
0,0,4.262774965736868e-31
0,0,5.675033411349332e-13
0,0,4.2916160724425385e-18
0,0,2.260567875439326e-53
-1,0,1.6308513831150705e-46
0,0,0.00012427814364512216
0,0,1.547601143837888e-22
-1,0,2.8563843833430998e-42
0,0,1.2822913431253906e-33
-1,0,9.65542535604474e-61
0,0,7.823030242823122e-30
0,1,0.9999999999999545
0,0,3.2053085466883795e-15
0,0,7.096536933947511e-09
0,0,5.334872278945704e-30
0,0,1.1121500959097806e-46
0,0,9.84074415120464e-10
-1,0,4.7707318054788186e-32
0,1,0.8348283043583623
-1,0,7.940341620350045e-47
0,0,3.1974792610175238e-06
0,0,6.409884316956283e-10
-1,0,8.240471241022728e-60
0,0,5.627724410151942e-20
0,1,0.9985072449447348
-1,0,2.8517372308984816e-36
0,0,2.4160614872131973e-08
0,0,4.420299485568442e-41
0,0,3.1507963552576955e-35
0,0,1.3023539047587628e-07
-1,0,3.6077583706817892e-37
-1,0,2.1268003719822935e-73
0,0,3.8220589302715184e-05
0,0,1.8360388505625135e-31
-1,0,1.0252004394896646e-74
-1,0,1.928514560013446e-43
0,0,2.4443189953096283e-13
0,0,1.452471104970429e-33
0,0,7.043109521517002e-19
-1,0,2.392437690917079e-55
-1,0,7.018596477705747e-44
-1,0,1.2788691610703645e-61
0,1,0.9993565019537491
-1,0,2.8633693151222437e-51
0,0,7.037377847722706e-16
0,0,8.235658971986274e-20
0,0,4.180056797323809e-42
-1,0,5.204661518330605e-60
-1,0,3.939113578729219e-68
0,0,5.965722533381234e-28
0,1,0.9996718776349772
-1,0,3.0205509237005167e-41
0,0,2.882742315249851e-38
0,1,0.9773428762557226
-1,0,8.171775880911788e-67
0,0,2.7311359730652917e-08
-1,0,1.6308513831150705e-46
0,0,6.654897299097055e-17
0,0,8.34219086372491e-22
0,0,8.308294840798664e-07
0,0,1.3066021300318718e-19
0,0,8.335401999145291e-19
-1,0,1.5513856094280592e-31
-1,0,9.744522973840665e-57
-1,0,2.435811716183364e-38
-1,0,3.812004307750557e-33
0,0,7.484372371716805e-36
-1,0,1.2788691610703645e-61
0,0,9.818442758420582e-47
-1,0,4.0508328934303704e-50
0,0,6.010977178038067e-18
0,1,0.9995404815407178
0,0,9.35908592784218e-32
0,1,0.9999999999928537
0,0,3.1974792610175238e-06
0,0,5.527512616631258e-37
0,0,3.617412516388001e-09
0,0,5.627724410151942e-20
-1,0,3.234142382616643e-48
0,0,5.388486160939933e-29
-1,0,9.84649431501496e-50
0,1,0.9999999999956888
0,0,0.004255991032263699
0,1,0.9996116960617358
0,0,1.393312311622911e-11
0,1,0.9994562134587772
-1,0,1.3802552975616008e-52
0,0,1.1712916697230626e-30
0,0,4.998795169979502e-35
0,0,4.5345772289816624e-14
0,0,4.500437907688766e-24
-1,0,1.7320149570284774e-23
0,0,1.6462518977665187e-05
-1,0,1.1085342472886326e-34
-1,0,2.519082598093118e-76
-1,0,2.9990202628531647e-60
0,0,4.7397605781092275e-08
0,0,6.721777040508269e-16
0,0,3.831551742887748e-14
-1,0,3.949654425449154e-40
0,0,3.5747713607200423e-41
0,0,3.7996106294414844e-21
0,1,0.9993565019537491
0,0,0.0030423243084556875
-1,0,2.398288098920413e-64
0,0,0.0003414075220396442
0,0,8.843218392804481e-30
0,0,0.021532464321724475
0,1,0.9998020269621885
0,0,4.787391699250803e-07
0,1,0.9511043990132185
0,0,2.4443189953096283e-13
-1,0,7.100683640369625e-49
-1,0,4.22379890752794e-35
-1,0,2.3053017255509943e-42
0,0,2.2922013816020515e-21
0,0,8.888565202768787e-11
0,1,0.9999999999998517
-1,0,8.641436821073962e-66
0,0,1.5513856094280592e-31
-1,0,3.391509569332729e-54
0,0,1.371294850336106e-28
0,0,7.823030242823122e-30
-1,0,8.340272550133722e-59
-1,0,3.5960287415803777e-25
0,0,5.873820730153923e-54
0,0,5.646081082125484e-32
-1,0,4.0508328934303704e-50
0,0,7.882374010790425e-20
0,0,5.911175823646644e-32
-1,0,1.0841223445054216e-73
0,0,4.530886995451162e-11
0,0,0.011607933220985682
-1,0,1.082358547646388e-67
-1,0,4.449183033298183e-65
0,0,5.271034168838595e-31
0,0,8.873316656139749e-05
0,0,5.946326635582904e-16
0,0,2.3095895115574323e-11
0,0,1.1712916697230626e-30
0,0,6.334326181981142e-42
0,0,1.4569456923403062e-14
0,1,0.9999999544473778
-1,0,1.6378801748231558e-24
-1,0,3.7655230360729225e-71
0,0,7.592169091978455e-13
0,0,4.766849389851813e-29
-1,0,1.151371691726845e-50
0,1,0.999999999996922
-1,0,4.2306819531346725e-41
0,0,2.448302224505173e-19
0,0,4.751351296692429e-17
0,1,0.9999999999105633
0,0,2.0464757449118478e-17
0,0,4.0245353856975e-26
0,0,7.113890680467999e-18
0,0,4.255839706876642e-25
0,0,2.129022144629746e-39
-1,0,4.786293114534561e-44
0,0,7.888793901484382e-23
0,1,0.999999999998143
-1,0,1.5196937725609585e-76
-1,0,1.9034491353626105e-78
0,0,6.2013044764100685e-47
0,1,0.9998805588889413
0,0,1.1380613063988864e-45
-1,0,3.043464151386675e-31
0,0,2.1822862362630107e-09
0,1,0.999999592975428
0,0,4.7552210897181836e-20
-1,0,3.152637431945323e-75
0,0,2.6901672238133127e-28
-1,0,2.6595292756904067e-69
0,0,8.814467112604074e-18
0,0,2.0431462613396644e-11
-1,0,2.976441638397635e-70
-1,0,2.703340247527637e-46
0,0,3.2348862549994657e-11
0,0,1.9289544092606153e-06
0,0,2.4259165319029496e-23
-1,0,8.924821187439942e-26
-1,0,8.798102927964417e-49
0,0,4.681967030307286e-46
0,1,0.999999999998143
0,0,0.03126115450608706
0,0,7.037377847722706e-16
0,0,1.747997516156416e-19
-1,0,5.330530766501031e-27
-1,0,1.324037836429977e-30
-1,0,7.047224958786225e-59
0,0,5.0707923525965856e-12
-1,0,1.791225778618056e-61
0,0,1.4634892278150458e-23
-1,0,4.456433361829761e-71
-1,0,1.9447264586398566e-36
0,0,9.689147748480307e-36
-1,0,1.702558843982552e-43
0,0,2.2959367219899193e-27
0,0,6.313731871307203e-30
-1,0,2.532000108073849e-57
0,0,4.0147178937786107e-17
-1,0,4.5151175644002764e-36
0,0,7.901649373393629e-29
-1,0,5.343565914700151e-36
0,0,2.9941410510681096e-54
-1,0,6.709297965007476e-47
0,0,7.435784748943313e-12
0,0,6.987215013352266e-35
-1,0,2.1548069803443692e-38
-1,0,7.289818352342168e-60
0,1,0.9998805588889413
0,0,7.447902003316221e-18
0,0,1.4757919293316246e-16
0,0,5.024428305847582e-16
0,0,2.706164305432791e-12
0,0,0.007945299752939233
-1,0,2.1618355912040184e-50
0,0,1.0474324651207039e-32
0,0,7.397849591174764e-31
0,0,5.3392173273854454e-33
-1,0,2.8540598612742024e-39
-1,0,2.5737102657474815e-34
0,0,1.6325550601677712e-12
-1,0,1.0235325047549767e-68
0,0,1.8424479774374199e-06
-1,0,5.011019100149418e-44
-1,0,1.7259868016528447e-48
0,0,5.980310963829127e-37
0,0,5.732065811669731e-12
-1,0,3.2507266210763825e-29
0,0,5.04081712938305e-28
-1,0,4.7386708795379154e-45
0,0,2.0481425207552906e-20
-1,0,2.3053017255509943e-42
-1,0,1.7095034907945154e-58
-1,0,1.6295241982819473e-43
0,1,0.9999999999973992
-1,0,3.777149804994481e-37
-1,0,3.331117618356493e-71
0,0,4.5233109232109345e-05
0,0,3.6048223813937913e-34
-1,0,4.247938679410073e-56
0,0,1.1494984845341875e-44
0,1,0.9426474162674192
-1,0,1.60050757795831e-60
0,0,3.1974792610175238e-06
-1,0,4.2341276809906857e-44
-1,0,1.8218868927283002e-10
0,0,7.460039003747736e-24
-1,0,2.183561396849825e-49
0,0,1.0499938305849727e-41
0,0,5.0707923525965856e-12
0,0,3.1974792610175238e-06
0,0,6.66031745718429e-20
0,0,0.2238077031813989
-1,0,3.22362746262712e-36
0,0,8.864843380513422e-39
-1,0,2.1600762920808378e-47
-1,0,1.0210356893139184e-59
-1,0,2.4174733012464915e-48
-1,0,3.93270489598898e-62
0,0,1.547601143837888e-22
0,0,4.6934161967744446e-55
0,0,5.975444194183082e-34
-1,0,1.5159866163549927e-67
0,0,1.6156481465318834e-19
0,0,7.908084963129628e-32
0,0,2.735586670042864e-14
0,0,3.0665511937233366e-21
0,0,1.2155642390077357e-43
0,0,2.4239423240377386e-20
0,0,1.724978830409516e-08
0,0,4.427502745860994e-47
0,0,3.0119457133107466e-38
0,1,0.9999949061023707
0,0,7.048845863539417e-22
0,0,4.7552210897181836e-20
0,0,2.5611689119923826e-16
-1,0,1.6459004325205757e-42
0,0,5.609427105166668e-08
-1,0,2.703340247527637e-46
0,0,1.385075956319704e-27
-1,0,3.2045714756900003e-52
0,1,0.9999999999994289
0,0,6.81702221431858e-30
0,0,6.671171020485046e-26
0,0,3.4005850584763966e-26
0,1,0.999858646546025
-1,0,1.705333310861265e-49
0,0,4.0310937141624986e-32
0,0,5.0707923525965856e-12
-1,0,8.775055896015263e-09
-1,1,0.999999999999754
0,0,1.1674835386223097e-18
-1,0,2.435811716183364e-38
0,0,1.9368262475704676e-21
-1,0,2.5047674010388807e-55
0,0,3.0615621134862414e-15
0,0,1.3862040474544595e-30
0,0,7.060332567479584e-28
0,0,1.624226250777194e-31
0,1,0.9998805588889413
-1,0,1.911652793671397e-56
0,0,1.2396187560429067e-32
0,0,2.0598480243352582e-41
0,0,1.1684344090954047e-21
0,0,4.4967754569005835e-21
-1,0,1.2312881001282549e-45
-1,0,8.641436821073962e-66
-1,0,4.701064524367863e-61
0,0,1.0431774000864238e-17
0,1,0.6852339549895139
0,0,3.754143756188709e-22
0,0,9.864808473458237e-19
0,0,8.47541439591739e-05
-1,0,1.5526491533836072e-34
0,1,0.9920058436002769
0,0,1.954698749130934e-17
0,0,1.0545191895517009e-19
-1,0,1.0814777256026015e-64
0,0,6.298330090558916e-21
0,0,7.020205869401002e-07
0,0,1.2705669001434885e-37
-1,0,7.908084963129628e-32
0,0,1.8360388505625135e-31
-1,0,3.406126605922099e-32
0,0,2.822204337179308e-43
0,0,7.321236674893742e-38
-1,0,1.734837425190889e-29
0,0,9.343859301025919e-26
0,0,6.990084296294113e-29
0,1,0.9975279983947021
0,0,8.348985257573758e-25
-1,0,4.1689010522294265e-70
0,0,4.0649807710728515e-25
-1,0,8.233765155745979e-57
-1,0,9.80246878778371e-41
0,0,1.1665334419664003e-15
0,0,7.888793901484382e-23
-1,0,2.0598480243352582e-41
-1,0,1.1634201948614617e-43
0,0,3.6233074160352e-15
0,0,1.1712916697230626e-30
0,1,0.9999999993247561
0,0,2.7288389848735356e-05
0,0,8.836021792643092e-27
0,1,0.9994562134587772
-1,0,1.2875217411933038e-48
0,0,9.864808473458237e-19
0,0,1.104930154599768e-22
0,0,2.294068291532774e-24
0,0,0.2238077031813989
0,0,1.6365472699680573e-21
0,1,0.969919102690411
0,0,1.106730733844393e-28
0,0,1.9069894887044955e-47
-1,0,2.0443401147845667e-51
0,0,1.546341707946259e-19
0,1,0.9998805588889413
0,0,4.0179877272082143e-20
0,0,8.403540003235313e-49
-1,0,1.3567815071579768e-72
0,0,1.461108225600357e-17
0,0,1.6378801748231558e-24
0,0,5.960867635781796e-25
0,0,0.004255991032263699
-1,0,8.662568377114168e-75
0,0,9.832726107234487e-07
-1,0,3.635126023494899e-27
-1,0,1.643222659086747e-36
0,0,6.313731871307203e-30
-1,0,2.991704422793852e-51
-1,0,2.8757101247801666e-29
-1,0,6.534891772818478e-71
-1,0,1.430095824702952e-59
-1,0,6.63713669403883e-45
-1,1,0.999999999998143
-1,0,1.8375342336430842e-34
-1,0,5.019184989141213e-50
-1,0,1.2406283778782928e-35
-1,0,1.1732003907957259e-36
0,0,2.0548232104387475e-32
0,0,1.63122648622615e-09
-1,0,1.7999969284003224e-79
-1,0,2.0426764333343296e-48
0,0,1.2335782558561198e-14
-1,0,9.776307936772607e-69
-1,0,1.1485630240929926e-41
-1,0,1.8957166083213897e-63
-1,0,2.2805072532605114e-40
-1,0,2.2490351318189785e-72
0,1,0.9994562134587772
0,0,0.0003414075220396442
0,1,0.9999999859919191
-1,0,1.4619619819174854e-57
0,1,0.9426474162674192
0,0,8.335401999145291e-19
-1,0,3.786386353780247e-46
0,0,1.3862040474544595e-30
0,0,1.4634892278150458e-23
0,0,9.407078036537881e-13
0,0,8.007091447433282e-40
0,1,0.9999999999834082
-1,0,4.511443167325731e-33
-1,0,8.676684781449813e-81
-1,0,7.03003388765574e-50
0,0,2.8640279075411466e-14
0,0,1.1133119090695486e-12
0,0,4.2350997625924516e-07
0,0,2.056496784972049e-35
0,0,7.45396803325785e-21
-1,0,1.5422148276766425e-47
0,0,1.0457283603198083e-26
0,0,7.948636537937332e-13
-1,0,6.25600318919051e-34
0,1,0.893369102137408
-1,0,3.7833049972611235e-43
0,0,1.1586939439993103e-28
0,1,0.9989337726694644
0,0,5.03671491865439e-25
0,1,0.5259972233894379
0,0,2.4443189953096283e-13
0,0,0.0015531210928223808
-1,0,2.5402590582343497e-69
0,0,4.0147178937786107e-17
0,0,4.5345772289816624e-14
-1,0,2.723847185556303e-36
-1,0,4.0409512511078485e-41
-1,0,6.2815210928784205e-49
0,0,4.259305924756147e-28
-1,0,1.0941263282485711e-69
0,0,1.309797262589662e-28
0,0,1.932101534224363e-12
0,0,1.3805727647043939e-15
0,0,4.277644770729762e-06
0,0,1.3805727647043939e-15
-1,0,2.0393531310378705e-42
-1,0,5.669111146035177e-47
0,0,5.627724410151942e-20
-1,0,4.172296461915974e-73
0,0,0.04324379515738642
0,0,9.43008187269341e-22
0,0,7.955110396919457e-16
0,0,1.361520181711041e-47
0,0,2.7311359730652917e-08
0,0,1.820733008660054e-38
-1,0,6.5189504923919e-62
0,0,6.0060854522648076e-15
-1,0,4.0137946965003717e-54
-1,0,1.5172213291911907e-70
-1,0,6.653366984082095e-54
0,1,0.9987383846518546
0,0,1.4459768335943547e-24
-1,0,7.047224958786225e-59
0,0,5.37971944285338e-23
0,1,0.8889187014739302
0,0,5.650679598174863e-35
-1,0,4.0508328934303704e-50
-1,0,3.5283090917572556e-76
0,0,7.102316840895373e-12
0,0,7.102316840895373e-12
0,0,2.169385985464201e-25
0,0,2.5653425582321527e-22
-1,0,5.9705813851081395e-31
0,0,3.946440201575779e-37
0,0,0.0011093640295040171
0,0,2.1078389888016073e-40
-1,0,6.164646401472742e-63
0,0,3.3950525267696046e-20
0,0,3.0740500622265802e-30
0,0,2.7445096846571655e-26
0,0,2.0464757449118478e-17
0,1,0.999999999999936
-1,0,4.25139846220624e-59
0,0,1.7423140818405575e-07
0,0,1.1094371058295188e-37
0,1,0.7830138077940757
0,1,0.9987383846518546
-1,0,1.525001432026061e-51
0,0,1.2376019765904868e-26
-1,0,7.313596489735839e-72
0,0,1.1674835386223097e-18
-1,0,3.3777319805501845e-39
0,0,3.793428908967092e-15
-1,0,1.9348050438029856e-55
0,0,9.391764509144689e-07
-1,0,1.7021673351063153e-80
-1,0,6.154616920930008e-57
0,0,2.712781892753289e-21
0,0,4.527199560482874e-08
0,0,0.04324379515738642
0,0,7.935698323424418e-07
0,0,1.2355884783076348e-20
0,0,4.730961368839462e-39
0,0,3.22951900332327e-05
-1,0,1.458395657219702e-48
-1,0,6.957230109875376e-57
0,0,2.0464757449118478e-17
-1,0,4.2203615852150217e-32
0,0,3.038512632272637e-25
-1,0,5.3392173273854454e-33
0,0,7.895219020932577e-26
-1,0,8.171775880911788e-67
0,0,4.0114507213352924e-14
0,0,0.09497189825312094
0,0,0.06969986277076516
0,0,2.8710315306055467e-23
-1,0,1.5147529083266122e-64
-1,0,1.0992931302353134e-41
0,0,3.038512632272637e-25
0,0,7.565745085229061e-38
0,0,1.2439480750043335e-07
-1,0,1.6952524905208385e-65
0,1,0.9999999999948979
0,1,0.999999999999936
0,0,1.2500395088985268e-25
0,0,1.5450832969819853e-16
-1,0,5.954647083918528e-59
-1,0,6.2968817693190144e-58
-1,0,5.888184426203482e-63
0,0,5.03671491865439e-25
0,0,0.28767782301535344
0,0,3.403354704314215e-29
0,0,1.7291970808390885e-17
-1,0,1.643222659086747e-36
0,0,0.04324379515738642
0,0,1.5425695462619276e-10
-1,0,4.7232644010158026e-33
0,0,5.693544397175216e-25
0,0,7.043109521517002e-19
0,1,0.9998805588889413
0,0,1.7465749979454618e-16
0,1,0.9883209532807458
0,0,5.854723625665695e-42
0,1,0.9999999999994289
0,0,6.772721076485629e-06
0,0,5.688910997805407e-22
0,0,2.4298697726923084e-29
0,0,0.0030423243084556875
-1,0,4.782398035133475e-41
-1,0,9.374337367763819e-38
-1,0,8.857629181963854e-36
-1,0,4.0508328934303704e-50
0,0,5.317527416372916e-18
0,0,2.4160614872131973e-08
-1,0,4.9631634702768763e-54
-1,0,4.7463929535507257e-51
0,0,5.951169690096528e-19
0,1,0.932831014183391
-1,0,8.292877262209624e-38
0,1,0.9999999999948979
-1,0,5.3076553504435754e-49
-1,0,1.1010845234612298e-47
0,1,0.6478195940678282
0,1,0.999997403413078
-1,0,1.1504347068719598e-47
-1,0,1.2386099558365183e-29
0,0,5.012169152941938e-07
0,0,1.951069822862697e-48
0,1,0.9965410596904526
0,0,0.0030423243084556875
0,0,3.056581140817007e-09
0,0,6.557715436899808e-46
0,0,4.2299180284104354e-10
-1,0,2.0443401147845667e-51
0,1,0.9999999963601642
0,0,1.1763397953180034e-08
0,0,1.8241191799615683e-07
-1,0,3.5805967598093853e-47
0,0,4.0310937141624986e-32
0,0,1.3066021300318718e-19
0,0,1.8140684557386582e-32
0,0,3.2157637135155272e-27
0,0,2.388545349701074e-49
0,0,2.712781892753289e-21
-1,0,1.6281980935101489e-40
0,0,7.800743308146078e-27
-1,0,4.677081094146195e-80
-1,0,1.211333553774845e-68
0,1,0.9998327148965553
-1,0,2.3943862394694266e-58
0,0,0.0015531210928223808
0,0,2.169385985464201e-25
-1,0,1.446821748320333e-64
0,0,1.0528035551089011e-13
0,0,1.6255491206356872e-34
0,0,1.954698749130934e-17
0,0,5.650679598174863e-35
0,0,3.043464151386675e-31
0,0,2.1478012210701278e-26
0,0,1.3772030849870796e-06
0,0,3.374983186453214e-36
-1,0,4.790191366327986e-47
0,0,1.6295241982819473e-43
-1,0,1.164367755897252e-46
0,1,0.9965410596904526
0,0,6.716306866684025e-13
0,0,0.36129101414979364
0,1,0.9996116960617358
-1,0,4.511443167325731e-33
-1,0,8.798102927964417e-49
0,0,4.2350997625924516e-07
-1,0,4.5224753389525024e-42
-1,0,4.742530344851236e-48
0,0,2.4403416510443696e-07
0,0,8.814467112604074e-18
0,0,0.011607933220985682
0,0,3.5960287415803777e-25
0,0,5.646081082125484e-32
-1,0,4.047536330645226e-47
-1,1,0.9999999999994289
0,0,1.1712916697230626e-30
0,0,2.409613555034898e-36
0,0,1.106730733844393e-28
0,0,0.03126115450608706
0,0,4.2454579688806283e-16
0,0,2.712781892753289e-21
-1,0,6.653366984082095e-54
-1,0,1.740496167378724e-41
0,0,4.0179877272082143e-20
0,0,4.288123560604897e-15
0,0,4.5345772289816624e-14
-1,0,1.0983985268491706e-38
0,0,8.348985257573758e-25
-1,0,6.64795248228144e-51
0,0,5.028520509602316e-19
0,0,3.2348862549994657e-11
0,0,4.7590940345417013e-23
0,0,2.27309281429442e-28
-1,0,4.9712513743810947e-60
0,0,6.298330090558916e-21
0,1,0.9998327148965553
-1,0,2.819259183969996e-77
0,0,6.687484537229184e-35
-1,0,7.44012963467555e-52
-1,0,5.023272922416e-53
-1,0,5.015100382621455e-47
-1,0,2.0514801461224273e-26
0,0,8.206995344283468e-45
0,0,1.3839487832241056e-24
-1,1,0.9999999999963571
0,0,1.7423140818405575e-07
-1,0,2.4397810820312565e-44
0,1,0.9996718776349772
0,0,1.3130002084456176e-37
-1,0,2.0014086961895215e-56
-1,0,3.516837770025243e-64
0,1,0.9999999999995175
0,0,1.3087313512016574e-25
-1,0,1.449179469484787e-70
-1,0,1.2396187560429067e-32
0,0,0.004255991032263699
0,0,8.828831049065864e-24
0,0,4.743621155551387e-11
0,0,2.878052280156661e-32
-1,0,7.018596477705747e-44
-1,0,3.762458658095877e-68
0,0,2.1858424651858663e-15
0,0,3.5960287415803777e-25
0,0,0.32339194064008353
0,0,1.5593409020027315e-12
0,0,2.892810537420604e-13
0,0,7.528878198230449e-20
-1,0,3.818216298443709e-39
0,0,2.8710315306055467e-23
0,1,0.9999999999963571
0,1,0.9995404815407178
-1,0,5.019184989141213e-50
-1,0,5.521744298828228e-71
0,0,0.021532464321724475
-1,0,1.3757677789857195e-40
0,0,9.888931632303258e-28
-1,0,1.741913734615768e-44
0,0,4.678156851344235e-43
0,0,1.2520765563854958e-31
-1,0,2.873369875446854e-26
0,0,4.04846728706625e-10
0,0,2.6989420879825867e-40
-1,0,1.2988783488535158e-35
0,0,6.710841139986072e-10
0,0,3.3922896372336254e-17
0,0,2.1676205418395502e-22
0,1,0.999858646546025
0,0,5.317527416372916e-18
0,0,4.259305924756147e-28
0,0,7.888793901484382e-23
0,0,1.819251298395513e-35
-1,0,5.3076553504435754e-49
0,1,0.9998805588889413
0,0,1.3862040474544595e-30
0,0,2.183561396849825e-49
0,1,0.9998805588889413
-1,0,2.5481025914668344e-35
0,0,3.193575927514376e-09
-1,0,1.082358547646388e-67
0,0,2.0448103254884923e-14
0,0,0.021532464321724475
0,0,2.73336045292857e-11
-1,0,9.83047470631181e-44
-1,0,7.094905112828811e-46
-1,0,1.4289320144943031e-56
0,1,0.9998805588889413
0,0,1.7437334332081842e-10
0,0,3.210531874170051e-21
-1,0,1.2292848741135918e-39
-1,0,1.1770271692879572e-48
0,0,7.460039003747736e-24
0,0,4.255839706876642e-25
-1,0,1.0579588503171431e-31
0,0,1.0491393469077487e-38
0,0,2.3769062803819274e-31
-1,0,2.5647526494689405e-59
0,1,0.9999999993247561
-1,0,3.20979360205068e-58
-1,0,2.974019413883459e-67
0,0,5.636895273781009e-26
0,0,9.931453215061106e-06
0,1,0.999999999999936
0,0,0.00047812109245736937
0,0,2.2884721183711958e-15
0,0,7.031650838352552e-13
0,1,0.9998020269621885
-1,1,0.9999999999956888
0,0,7.888793901484382e-23
-1,0,9.760402516762386e-63
0,0,8.792964935951334e-09
-1,0,9.921187631515645e-40
0,0,2.8153198236595962e-34
-1,0,3.3202874101934353e-59
0,0,1.943143842659515e-33
0,0,4.4967754569005835e-21
0,0,4.262774965736868e-31
0,0,2.878052280156661e-32
0,1,0.9998805588889413
0,0,1.6378801748231558e-24
-1,0,3.1889560177090607e-34
-1,0,3.22362746262712e-36
-1,0,2.554333658570914e-44
0,0,2.399824797548828e-21
0,0,4.2014915551361983e-23
0,0,2.0704106424221792e-22
0,0,1.8390308346557032e-37
0,0,3.033569168959572e-19
0,0,1.9368262475704676e-21
0,0,5.632307975397648e-23
0,0,2.0653600619689428e-13
-1,0,1.5225203534379646e-45
0,0,1.0457283603198083e-26
0,1,0.9949359965058743
0,1,0.9998805588889413
0,0,9.321065797084003e-17
-1,0,1.1624734049496671e-40
0,0,7.866319613528777e-20
-1,0,1.643222659086747e-36
0,0,1.7390797537561401e-38
0,0,2.0498106541235996e-23
-1,0,6.904851442132686e-67
0,0,0.001837569110909777
0,0,2.878052280156661e-32
0,0,2.892810537420604e-13
-1,0,2.8383337435254568e-64
0,0,2.0531509978583253e-29
-1,0,4.244481712180734e-53
0,0,1.9159948812488528e-19
0,0,5.384101017584544e-26
0,0,3.5472174708000374e-20
-1,0,1.3119316905042843e-34
0,0,1.7465749979454618e-16
0,0,6.2013044764100685e-47
-1,0,5.873820730153923e-54
0,0,0.0011093640295040171
0,0,3.1974792610175238e-06
0,0,2.882742315249851e-38
0,0,9.896985787063434e-31
0,0,7.869549898647515e-14
-1,0,8.319927205761103e-50
-1,0,1.8222159257206085e-41
-1,0,5.2990201388518615e-43
0,0,1.7098966870313e-21
0,0,2.1676205418395502e-22
-1,0,3.72805716872673e-72
-1,0,1.724582195734095e-45
-1,0,1.7362503835998994e-32
0,1,0.9999107168541402
0,0,6.404663863178958e-07
0,0,1.107632123492892e-31
-1,0,6.904851442132686e-67
0,1,0.9989337726694644
0,1,0.9990989279903394
-1,0,1.431260582790288e-62
0,0,2.7378147002507577e-17
-1,0,1.9363808681521654e-58
-1,0,2.1565619878156829e-41
0,0,1.1058300777456724e-25
0,0,4.743621155551387e-11
-1,1,0.9999999999998941
0,0,1.0465800658795336e-29
0,0,4.7629701337298295e-26
0,0,9.888931632303258e-28
-1,0,1.4456443265758272e-61
0,1,0.9999999999995175
0,0,6.298330090558916e-21
-1,0,2.5108924973392614e-64
0,0,1.747997516156416e-19
0,0,2.706164305432791e-12
0,0,1.862483112943306e-08
-1,0,7.541147156374752e-26
-1,0,1.791225778618056e-61
0,1,0.9982338331721774
-1,0,5.603573618612056e-42
0,0,2.5196620024658765e-39
0,0,2.169385985464201e-25
0,0,6.34094296543774e-08
0,1,0.999999999999754
-1,0,8.171775880911788e-67
-1,0,2.726065654405241e-39
-1,0,3.1817291057558254e-71
0,1,0.9997927336607192
-1,0,6.22153206820102e-59
-1,0,5.06137835387816e-43
0,0,1.3175859730958574e-12
0,0,0.1707194378022448
0,0,1.6074055911735108e-38
0,1,0.9996564769293489
-1,0,8.886521249432873e-48
0,0,0.10604365902274682
0,0,5.960867635781796e-25
0,0,5.024428305847582e-16
0,0,5.9705813851081395e-31
0,0,1.9531080177129333e-14
-1,0,2.2490351318189785e-72
0,0,2.936190094771479e-30
0,1,0.9999999106361657
0,0,7.869549898647515e-14
-1,0,2.5564140651668797e-47
0,0,6.308593764140137e-27
-1,0,1.8121753576862083e-66
0,0,4.2350997625924516e-07
-1,0,3.4089007651373125e-35
0,0,1.1722456417726087e-33
0,0,8.836021792643092e-27
0,0,1.1085342472886326e-34
0,0,1.6503047696458708e-14
0,0,6.59134250203479e-27
-1,0,1.7970684499452165e-73
0,0,2.1876227498668076e-18
0,0,1.1031325047809885e-16
0,1,0.9511043990132185
-1,0,3.20979360205068e-58
0,0,5.9851816972720075e-40
0,0,2.5027290244341343e-52
-1,0,3.359120383936423e-64
-1,0,3.6048223813937913e-34
0,0,1.464681183545831e-26
0,0,8.369401659788264e-34
-1,0,5.954647083918528e-59
0,0,1.0536610231429767e-16
0,0,1.4658741100787493e-29
0,0,3.403354704314215e-29
0,0,7.066082937010914e-31
-1,0,5.347918043772098e-39
0,0,1.3862040474544595e-30
0,0,1.1636864344394692e-06
-1,0,8.355785185195329e-28
0,0,4.266246832118238e-34
0,0,3.22362746262712e-36
0,0,1.3175859730958574e-12
0,0,6.671171020485046e-26
0,0,4.7348145550526137e-42
-1,1,0.9999999999986742
0,0,1.1753686901998727e-05
0,1,0.9998805588889413
0,0,2.2786513792859166e-37
0,0,2.878052280156661e-32
0,0,1.156333978225526e-28
-1,0,3.5960287415803777e-25
0,1,0.8567681313058455
0,0,1.0536610231429767e-16
0,1,0.9083862650299876
0,0,4.538270467860698e-17
0,0,7.466114918809766e-27
0,0,7.043109521517002e-19
-1,0,6.910475178262919e-70
0,1,0.9997227345096907
0,0,1.1722456417726087e-33
-1,0,1.6165922037804546e-59
0,0,1.3816971881626484e-18
0,1,0.999999999976761
0,0,4.7552210897181836e-20
0,0,4.799100966115538e-16
-1,0,5.8343466747890584e-67
0,1,0.9645951737985522
-1,0,4.0409512511078485e-41
-1,0,2.8874399931608327e-44
0,0,2.5217141703304204e-42
0,0,0.005950932719774229
-1,0,7.848547625967482e-42
0,0,1.9336751566725847e-15
0,0,9.391764509144689e-07
0,0,0.011607933220985682
-1,0,2.4174733012464915e-48
-1,0,9.303761104719428e-48
0,0,3.1941526973304887e-40
-1,0,3.795645489394089e-55
0,1,0.9981510614485637
0,0,4.766849389851813e-29
-1,0,1.5695300978995357e-36
0,0,4.485805977803181e-12
0,0,2.4160614872131973e-08
0,0,5.975444194183082e-34
0,0,9.83047470631181e-44
0,0,2.3057787916339442e-05
-1,0,2.861039108724526e-48
0,0,7.037377847722706e-16
0,1,0.8711630436873735
0,0,3.1974792610175238e-06
0,0,5.636895273781009e-26
0,0,1.6392141652780324e-27
0,0,2.9022463893300573e-25
0,0,7.760946240516165e-46
-1,0,2.571615783524933e-31
-1,0,2.1583184246731024e-44
-1,0,1.901900110816763e-75
0,0,1.2999362353497818e-38
0,0,6.63713669403883e-45
-1,0,9.896985787063434e-31
0,1,0.9083862650299876
0,0,0.04324379515738642
0,0,2.056496784972049e-35
0,1,0.9999999999995175
0,0,0.008315245403482004
0,0,3.3777319805501845e-39
0,0,7.119684671023996e-21
-1,0,1.3648496095151686e-56
0,0,3.4208066391758804e-10
-1,0,4.4811247484389835e-46
-1,0,1.5539137264471462e-37
-1,0,2.294068291532774e-24
-1,0,2.4298697726923084e-29
0,0,2.260567875439326e-53
-1,0,5.230147342780104e-78
-1,0,6.557715436899808e-46
0,0,5.941487522337556e-13
-1,1,0.999999999999936
0,0,1.1665334419664003e-15
0,0,2.165856534930686e-19
0,1,0.9999999999674507
0,0,1.6298963422268864e-06
-1,0,2.4115760926684616e-39
-1,0,1.2988783488535158e-35
-1,0,2.009572335625863e-71
0,0,1.5450832969819853e-16
0,0,2.5674319311537952e-25
0,0,4.4967754569005835e-21
0,1,0.9998805588889413
0,0,4.0550646162759685e-16
-1,0,5.545542414918757e-49
0,0,4.5077717604709036e-30
0,1,0.9999999999997089
-1,0,4.518794954130151e-39
0,0,3.7996106294414844e-21
0,0,1.556801531688063e-06
0,0,3.1482322410911604e-32
0,0,1.396719483135274e-20
0,0,0.09497189825312094
0,0,0.04860902208515485
0,0,3.218382829470961e-30
-1,0,5.303335987101377e-46
0,0,7.447902003316221e-18
0,0,4.489459494392339e-15
0,1,0.9998805588889413
-1,0,6.17972127543156e-72
-1,0,2.4233849307125674e-57
0,1,0.999430696134013
-1,0,9.83848125015226e-47
-1,0,1.1001884622415168e-44
0,0,1.7362503835998994e-32
-1,0,1.5184570476534982e-73
-1,0,1.5472452679827101e-59
0,1,0.999999999998143
0,0,1.4658741100787493e-29
0,0,2.0514801461224273e-26
0,0,2.202375274466847e-05
-1,0,7.403874855350336e-34
-1,0,1.4421178073298577e-52
0,0,1.2106261594059158e-28
0,0,1.5513856094280592e-31
0,1,0.9998327148965553
0,0,2.171152866974849e-28
0,0,2.571615783524933e-31
-1,0,9.343859301025919e-26
0,0,1.1655841184965904e-12
-1,0,5.3392173273854454e-33
0,0,7.908084963129628e-32
0,0,6.654897299097055e-17
0,0,7.472195782471048e-30
-1,0,4.162118520148235e-64
0,0,0.36129101414979364
-1,0,8.776640747583717e-40
-1,0,3.0353417473325776e-59
0,0,4.255839706876642e-25
0,0,1.570808419843609e-39
-1,0,3.7410777247592325e-47
0,0,4.021260223791537e-23
0,0,4.259305924756147e-28
0,0,1.4506933620667927e-36
-1,0,3.231510441556403e-45
0,1,0.9987383846518546
0,0,1.3087313512016574e-25
-1,0,3.234142382616643e-48
0,0,0.03126115450608706
0,0,3.036039894460579e-22
0,0,7.908084963129628e-32
0,1,0.9998805588889413
0,1,0.9996718776349772
0,0,1.0457283603198083e-26
-1,0,4.175694637033218e-76
0,0,1.831559999005606e-22
0,0,7.504399568708515e-08
0,0,1.3108640421215083e-31
-1,0,1.525001432026061e-51
-1,0,6.64254238679573e-48
-1,0,1.1103406997139872e-40
0,0,2.2959367219899193e-27
0,1,0.9999999999963571
-1,0,3.372236629321424e-33
0,0,5.281791839602534e-31
0,0,1.3910261329202112e-05
0,0,2.4259165319029496e-23
0,1,0.9996718776349772
0,0,3.3454743722195688e-49
-1,0,8.81961759143061e-58
-1,0,6.339485247213496e-45
0,0,8.362590651096494e-31
0,0,2.5737102657474815e-34
-1,0,1.6152766230497448e-56
0,0,3.840921324828111e-23
-1,0,2.0368570775575208e-45
0,0,1.6476198034942192e-08
0,0,3.793428908967092e-15
-1,0,4.9591244539996964e-51
0,0,6.324020643422145e-36
-1,0,2.2527001290696445e-78
0,0,3.4089007651373125e-35
0,0,1.3805727647043939e-15
0,0,1.6418854065245565e-33
0,0,1.0457283603198083e-26
-1,0,1.0992931302353134e-41
0,0,8.321840839792042e-13
0,0,2.0827180033006024e-06
-1,0,3.1941526973304887e-40
-1,0,2.0410141057860515e-45
0,0,8.857629181963854e-36
-1,0,2.726065654405241e-39
0,0,2.172921187542567e-31
-1,0,1.3108640421215083e-31
0,0,4.799100966115538e-16
0,0,2.446309799191065e-16
0,0,7.020205869401002e-07
0,0,5.37096698764952e-17
0,0,6.60479479436666e-27
0,0,1.0528035551089011e-13
0,0,2.8593682378177783e-08
-1,0,2.4155059644719006e-45
0,0,3.403354704314215e-29
-1,0,2.562665456943411e-56
0,0,8.328618659335301e-16
0,0,0.1481734957046791
-1,0,1.9253769916930236e-37
0,0,3.004598342778118e-29
0,0,7.043109521517002e-19
-1,0,7.319553132998328e-75
0,0,1.1114993872479387e-06
-1,0,8.655518789711519e-72
0,0,8.265915264072515e-26
0,1,0.8762257613638691
0,1,0.9994562134587772
-1,0,1.3755193583821223e-09
0,0,3.3950525267696046e-20
-1,0,4.470193447856768e-37
0,0,1.6100249975976296e-44
0,0,0.019095830652604315
-1,0,1.3802552975616008e-52
0,0,7.060332567479584e-28
-1,0,5.659887869267966e-41
-1,0,4.774617383184142e-35
-1,0,1.3659612270678359e-59
0,0,0.48391075050036786
0,0,2.2749441610314573e-31
0,1,0.6478195940678282
0,0,9.931453215061106e-06
0,1,0.9999999899987467
0,0,2.5481025914668344e-35
0,0,4.0451710147047915e-07
0,0,1.8133365056683027e-23
0,0,2.184063629293661e-12
-1,0,2.8009569009230967e-53
0,0,7.869549898647515e-14
-1,0,9.83047470631181e-44
-1,0,8.362590651096494e-31
0,0,1.7465749979454618e-16
-1,0,3.5225687613182766e-70
0,0,3.629211908824237e-21
-1,0,1.8222159257206085e-41
0,0,3.218382829470961e-30
-1,0,3.795645489394089e-55
0,0,8.999846960825138e-19
0,0,1.3816971881626484e-18
0,0,2.8593682378177783e-08
-1,0,1.5209315047333688e-79
-1,0,1.9348050438029856e-55
-1,0,4.1655084057230706e-67
-1,0,2.2916742825299545e-58
-1,0,2.43382945562937e-35
-1,0,5.3392173273854454e-33
-1,0,2.303425673865598e-39
-1,0,1.9222445279931327e-31
0,0,1.6489617536437498e-11
-1,0,4.259305924756147e-28
-1,0,3.2019635993971456e-49
0,0,5.915990249174953e-35
-1,0,3.045942935970625e-34
0,0,1.2967651578805727e-29
0,0,8.419170313697196e-18
-1,0,2.250866884498232e-75
0,0,2.0531509978583253e-29
0,0,1.3921784164293802e-08
0,0,1.0423284636118905e-14
0,0,3.8220589302715184e-05
-1,0,4.25139846220624e-59
-1,0,4.255839706876642e-25
0,0,7.054586877591848e-25
-1,0,2.7121580798413135e-58
0,0,1.932101534224363e-12
0,0,5.936652343639153e-10
-1,0,4.979352458424518e-66
0,0,6.676604432892822e-29
0,0,1.104930154599768e-22
0,0,5.873820730153923e-54
-1,0,2.163596323208721e-53
-1,0,2.3763597031461146e-68
-1,0,2.7282859301117955e-42
0,1,0.9998805588889413
0,0,3.3867706015254e-11
0,0,2.176462150538501e-37
-1,0,2.9667645611454232e-58
0,0,2.3057787916339442e-05
-1,0,5.9705813851081395e-31
0,0,5.03671491865439e-25
0,0,1.438599890710249e-43
0,0,8.723183554775952e-25
0,0,1.3752030551779657e-46
0,0,0.0006695437149103229
-1,0,2.726065654405241e-39
-1,0,2.4174733012464915e-48
0,0,2.735586670042864e-14
-1,0,5.053143819013901e-37
-1,0,1.039546695035898e-42
-1,0,1.2469901500034734e-16
0,1,0.9999999999999545
-1,0,3.7833049972611235e-43
-1,0,2.709950928959386e-55
0,0,6.638662835269593e-08
0,1,0.9998805588889413
-1,0,1.5539137264471462e-37
-1,0,1.3693015148945244e-68
0,0,4.5345772289816624e-14
0,0,1.2726373987897445e-43
0,1,0.9816338355076064
0,0,2.892810537420604e-13
-1,0,1.951069822862697e-48
0,0,1.5513856094280592e-31
0,1,0.8889187014739302
0,0,1.3208079652737745e-21
-1,0,2.2842235370548705e-46
-1,0,2.1583184246731024e-44
0,0,8.405472868656272e-12
0,0,2.2959367219899193e-27
-1,0,1.378009711562139e-46
0,0,3.2348862549994657e-11
-1,0,9.83047470631181e-44
0,0,7.358778972193095e-19
-1,0,6.5523787762095386e-43
-1,0,2.174690948339473e-34
0,0,0.0030423243084556875
-1,0,7.077597730253018e-37
-1,0,1.8330517342337162e-25
0,0,7.403874855350336e-34
-1,0,6.286637150395122e-52
-1,0,1.724582195734095e-45
0,0,3.796518511023201e-18
-1,0,1.0474324651207039e-32
-1,0,4.2341276809906857e-44
-1,0,8.812440197572237e-55
0,0,5.627724410151942e-20
-1,0,5.853377313157886e-79
0,1,0.9999999999990534
0,0,1.464681183545831e-26
0,1,0.9999999999724969
0,0,7.077597730253018e-37
0,0,1.7320149570284774e-23
0,0,4.259305924756147e-28
0,0,1.3108640421215083e-31
0,0,1.4745909316894802e-13
0,0,9.343859301025919e-26
-1,0,1.0296189416431045e-52
-1,0,2.5402590582343497e-69
0,0,1.8330517342337162e-25
0,1,0.9996718776349772
-1,0,1.8311388258993624e-59
0,0,1.038513147027355e-08
0,0,1.2355884783076348e-20
-1,0,4.518794954130151e-39
0,0,1.0431774000864238e-17
-1,0,1.241638822011879e-38
-1,0,2.2959367219899193e-27
0,0,3.221004078595682e-33
-1,0,2.2527001290696445e-78
-1,0,6.951568324639777e-54
0,0,1.3108640421215083e-31
-1,0,3.045942935970625e-34
-1,0,2.833715958303067e-58
-1,0,1.6938728961463739e-62
-1,0,2.9667645611454232e-58
0,1,0.9989337726694644
0,0,5.03671491865439e-25
0,0,1.1151261471092032e-18
-1,0,2.2860839493378172e-49
0,0,2.1565619878156829e-41
-1,0,2.1583184246731024e-44
-1,0,9.265965724222515e-33
0,1,0.9999881734566287
0,0,1.3044763729668953e-13
0,0,4.2489157312335314e-19
0,1,0.9998805588889413
-1,0,6.324020643422145e-36
0,0,1.5580719098852974e-09
0,0,8.708991499946837e-19
0,0,1.8390308346557032e-37
0,0,2.735586670042864e-14
0,0,4.500437907688766e-24
0,0,1.0457283603198083e-26
0,0,5.965722533381234e-28
0,0,9.921187631515645e-40
0,0,3.218382829470961e-30
-1,0,1.724582195734095e-45
0,0,3.4208066391758804e-10
0,0,3.369492307334469e-30
0,0,2.43382945562937e-35
0,0,4.990662453903339e-29
-1,0,2.7077455742540704e-52
0,0,0.001837569110909777
0,0,2.3015511489087364e-36
0,0,8.888565202768787e-11
0,0,5.304555758608885e-09
-1,0,1.9178882772706698e-68
0,1,0.9083862650299876
0,0,1.0528035551089011e-13
0,0,3.808902103372316e-30
-1,0,9.937355064775681e-46
-1,0,3.5805967598093853e-47
0,0,5.577236189122807e-70
0,0,1.8270920732037005e-13
0,0,7.968073937293274e-22
0,0,1.3862040474544595e-30
-1,0,4.4811247484389835e-46
-1,0,1.1760693060372486e-45
0,0,3.617412516388001e-09
0,0,2.921882424175187e-12
-1,0,1.1722456417726087e-33
-1,0,1.845029437877986e-49
0,0,8.328618659335301e-16
0,0,1.1169433416054106e-24
0,0,1.0431774000864238e-17
0,0,3.2348862549994657e-11
0,0,3.4005850584763966e-26
0,0,7.096536933947511e-09
0,0,1.640549242216866e-30
-1,0,1.2819964761112316e-70
0,1,0.8348283043583623
0,0,0.10604365902274682
0,0,1.903886940281428e-41
0,0,6.638662835269593e-08
0,0,8.917558179025477e-23
-1,0,3.406126605922099e-32
0,0,3.7648694464667907e-25
-1,0,1.791225778618056e-61
0,0,2.31335318746027e-17
-1,0,2.836023911044938e-61
0,0,2.446309799191065e-16
0,0,1.5438259101107562e-13
-1,0,1.459583464432995e-51
0,0,9.343859301025919e-26
0,0,6.687484537229184e-35
0,0,3.4235927558839643e-13
0,1,0.9979104483238305
-1,0,4.5151175644002764e-36
0,0,5.594456967158416e-36
-1,0,8.783788984166056e-43
0,0,6.335381719619103e-05
-1,0,5.930457065524159e-44
0,0,3.1974792610175238e-06
0,0,7.895219020932577e-26
0,0,4.25139846220624e-59
-1,0,6.31887416326509e-33
0,0,4.5493682423051947e-26
-1,0,2.703340247527637e-46
0,0,8.489945373986736e-11
0,0,2.55492051814063e-07
0,1,0.893369102137408
0,0,2.9795509930442806e-36
0,0,1.1840263623259746e-32
0,0,7.048845863539417e-22
0,0,1.4721916509867572e-07
-1,0,4.790191366327986e-47
0,0,1.476993905139974e-19
-1,0,5.248414076216e-53
0,0,8.737398736785781e-31
0,0,5.04081712938305e-28
-1,0,9.389613661225664e-44
-1,0,5.002866496530352e-38
-1,0,8.812440197572237e-55
0,0,1.7306054454043953e-20
0,0,7.504399568708515e-08
0,0,3.808902103372316e-30
0,0,9.366708543639127e-35
0,0,5.074922318111189e-15
-1,0,1.5459861217023996e-56
-1,0,3.0304034428440423e-53
-1,0,6.17972127543156e-72
0,0,4.4967754569005835e-21
0,0,2.4076526145120276e-33
0,0,3.015636682924302e-35
-1,0,6.276409198802805e-46
0,0,2.7194156625508767e-30
0,0,5.960867635781796e-25
0,0,1.8360388505625135e-31
0,0,4.7474846528992134e-14
0,0,4.2306819531346725e-41
0,0,4.255839706876642e-25
0,0,6.346107821786357e-11
0,0,2.7149913493464646e-24
0,0,7.020205869401002e-07
0,0,2.2959367219899193e-27
0,0,5.623144575006029e-17
0,0,6.001197707336102e-12
0,0,1.5488616054916917e-25
0,0,1.4745909316894802e-13
-1,0,1.2282844836075022e-36
0,0,1.7263837891219283e-11
0,0,2.0514801461224273e-26
0,0,1.3066021300318718e-19
0,0,4.7474846528992134e-14
0,0,2.873369875446854e-26
0,0,2.904610157474137e-28
-1,0,4.2005254086543104e-60
-1,0,1.1624734049496671e-40
0,0,3.5960287415803777e-25
0,0,5.032616046299734e-22
0,1,0.9999999999999105
0,0,6.716306866684025e-13
-1,0,3.0715484040981396e-27
0,0,1.290670215039785e-57
0,0,3.031100454131891e-16
0,0,2.2959367219899193e-27
0,0,0.029901125253923085
-1,0,5.930457065524159e-44
-1,0,3.3427518293243022e-46
0,0,2.0670422183632872e-16
0,1,0.9999999998941533
0,0,0.00047812109245736937
0,0,1.106730733844393e-28
0,0,1.4575439623199484e-08
0,0,7.45396803325785e-21
0,0,7.066082937010914e-31
0,1,0.9999999999998517
0,0,1.3921784164293802e-08
-1,0,7.428025025498408e-46
-1,0,1.2093627925151203e-62
-1,0,7.920971871492176e-38
0,0,6.346107821786357e-11
0,0,1.6352154498292766e-18
0,0,2.0653600619689428e-13
0,0,1.7362503835998994e-32
0,0,9.305901025692803e-11
0,1,0.9998943366252104
0,1,0.9999461360071845
0,0,1.943143842659515e-33
0,0,1.550123093743037e-28
0,0,3.1837677927488537e-28
-1,0,2.1250695844770674e-70
0,1,0.9998805588889413
0,1,0.9999900069855107
-1,0,1.819251298395513e-35
0,0,5.3532181883172974e-05
0,0,0.00014707774493544825
0,0,2.172921187542567e-31
-1,0,6.2968817693190144e-58
-1,0,1.7108958156876012e-61
0,0,1.6418854065245565e-33
0,1,0.9583694221825518
0,0,7.968073937293274e-22
-1,0,1.6321796488892335e-49
0,0,6.709297965007476e-47
0,0,2.072096912319756e-25
0,0,5.536520176476163e-43
-1,0,1.9363808681521654e-58
-1,0,8.15848093066537e-61
0,0,2.1911876703299694e-24
-1,0,4.0376627299909146e-38
-1,0,6.692931236369285e-38
0,0,6.62094599632771e-36
0,0,1.8330517342337162e-25
-1,0,1.9363808681521654e-58
0,0,2.4037355196005304e-27
0,0,7.888793901484382e-23
0,0,2.7017542518399355e-06
-1,0,1.4324262895283218e-65
0,0,1.5450832969819853e-16
0,0,1.2355884783076348e-20
0,0,5.684281369090422e-19
-1,0,7.083362161595988e-40
0,0,1.9191171606088583e-25
0,0,7.472195782471048e-30
0,0,6.277852771815053e-09
0,0,0.059537192980701294
0,0,1.556801531688063e-06
0,0,0.0009375332382105298
-1,0,7.47828159876224e-33
0,0,4.774617383184142e-35
0,0,1.2376019765904868e-26
-1,0,1.643222659086747e-36
0,0,1.4658741100787493e-29
-1,0,1.446821748320333e-64
-1,0,7.077597730253018e-37
0,0,1.309797262589662e-28
-1,0,4.0376627299909146e-38
0,0,9.963946868857005e-18
0,0,4.751351296692429e-17
0,0,1.624226250777194e-31
0,0,0.06969986277076516
0,1,0.9998805588889413
0,0,1.2439480750043335e-07
0,0,1.8360388505625135e-31
0,0,4.061672694762427e-22
0,0,4.527199560482874e-08
0,0,3.5785044829341515e-07
-1,0,7.786261116291391e-58
0,1,0.9942793861958388
-1,0,5.617276459053861e-51
0,0,1.0482855586082968e-35
-1,0,1.8360388505625135e-31
-1,0,3.5922760524325644e-59
0,0,5.632307975397648e-23
0,0,4.0376627299909146e-38
-1,0,4.511443167325731e-33
-1,0,1.0378554198723372e-36
0,0,3.2027000705578363e-12
0,0,1.1151261471092032e-18
0,0,7.020205869401002e-07
-1,0,1.8360388505625135e-31
0,0,3.5989575687867074e-28
0,0,0.0011093640295040171
0,0,7.054586877591848e-25
-1,0,1.0457283603198083e-26
0,0,9.8567805045561e-16
0,0,1.0735825138418772e-37
-1,0,5.031458780070999e-59
-1,0,2.880396343128654e-35
0,0,2.4298697726923084e-29
0,0,2.73336045292857e-11
-1,0,1.444467863015636e-58
0,0,1.1684344090954047e-21
-1,0,9.8064941478774e-35
-1,0,1.3648496095151686e-56
0,0,1.2355884783076348e-20
0,0,4.0343768850683874e-35
0,1,0.9999999999998517
-1,0,1.0983985268491706e-38
-1,0,3.629211908824237e-21
-1,0,7.927423198660269e-41
0,0,2.388545349701074e-49
0,0,2.571615783524933e-31
0,1,0.9959089985382445
0,0,5.646081082125484e-32
0,0,2.303425673865598e-39
0,0,5.965722533381234e-28
0,1,0.6852339549895139
0,1,0.969919102690411
-1,0,9.351469515320518e-29
0,0,9.939640618296325e-09
-1,0,4.0137946965003717e-54
0,0,1.546341707946259e-19
-1,0,3.0533914095497107e-43
-1,0,1.2332945905729363e-51
0,0,7.167854559611443e-08
0,1,0.932831014183391
0,0,2.662307566251979e-35
0,0,1.3921784164293802e-08
-1,0,8.648474939254357e-69
-1,0,3.0509065634071557e-40
-1,0,3.0328715899828375e-56
-1,0,9.273512497192436e-36
0,1,0.9214744111589723
-1,0,2.441768189956116e-47
-1,0,1.643222659086747e-36
0,0,2.3057787916339442e-05
-1,0,2.3866015544576105e-46
-1,0,2.3963363750396828e-61
-1,0,5.256966820851932e-59
-1,0,1.4359291093761524e-74
0,0,1.640549242216866e-30
0,0,1.8454538059063856e-12
0,0,2.8517372308984816e-36
0,0,2.1164367517308882e-55
-1,0,5.225891055358574e-75
-1,0,5.892980126122102e-66
0,1,0.9994562134587772
0,0,4.277644770729762e-06
0,0,1.4599191775382954e-14
0,0,4.7474846528992134e-14
0,0,1.450108028528189e-27
0,0,7.895219020932577e-26
0,0,4.7397605781092275e-08
0,0,1.640549242216866e-30
0,0,1.831559999005606e-22
0,0,3.1974792610175238e-06
0,0,4.0550646162759685e-16
-1,0,7.746537932488375e-77
0,0,9.303761104719428e-48
0,0,2.8470976390699935e-30
0,0,2.4259165319029496e-23
0,0,1.8330517342337162e-25
0,0,1.307666307251037e-22
-1,0,2.0598480243352582e-41
0,0,2.8640279075411466e-14
0,0,4.500437907688766e-24
0,0,6.995777451308465e-32
-1,0,1.8390308346557032e-37
0,0,1.43742915990325e-40
0,0,3.3598930021270165e-27
-1,0,1.1653160886850888e-49
0,0,1.7320149570284774e-23
-1,0,3.540632010679902e-51
0,0,3.403354704314215e-29
0,0,3.210531874170051e-21
0,0,8.664560820712561e-38
-1,0,3.706871728820876e-51
0,0,1.5413139677510024e-07
0,0,8.80729391019878e-15
-1,0,5.9705813851081395e-31
0,0,3.952871267184399e-43
0,0,2.0531509978583253e-29
0,0,1.3805727647043939e-15
-1,0,3.380483013434304e-42
-1,0,1.0465800658795336e-29
0,0,9.872842980832642e-22
-1,0,1.9003523468651696e-72
0,0,2.542912752566634e-35
0,0,7.816663870512975e-27
-1,0,1.2747112714926074e-49
0,0,4.7474846528992134e-14
-1,0,1.8062835704243135e-54
0,0,6.5523787762095386e-43
-1,0,8.776640747583717e-40
0,0,2.4259165319029496e-23
0,0,5.3218583380886955e-21
0,0,8.800126545259483e-12
-1,0,1.834544684422839e-28
0,0,4.678156851344235e-43
0,0,3.226252983303984e-39
0,1,0.9920058436002769
0,1,0.9999999999998517
-1,0,2.056496784972049e-35
-1,0,1.4421178073298577e-52
0,0,2.6901672238133127e-28
0,0,1.9100970929985912e-53
0,0,2.0636792740863612e-10
0,0,3.828433630684503e-11
-1,0,8.333485246675503e-56
-1,0,3.8213260888759234e-42
0,0,1.3944471109719282e-14
-1,0,4.786293114534561e-44
0,0,9.84074415120464e-10
0,0,4.493115986610375e-18
-1,0,3.394271823533359e-57
-1,0,9.326512292194232e-57
0,0,3.946440201575779e-37
-1,0,7.0357595800768015e-53
0,0,1.2335782558561198e-14
-1,0,2.657364954063992e-66
0,0,1.954698749130934e-17
0,0,3.802705266271382e-24
0,1,0.9998805588889413
0,0,3.218382829470961e-30
0,0,2.5890148359765907e-18
0,0,2.0133100746607926e-40
0,0,6.298330090558916e-21
-1,0,9.694809321629523e-76
0,0,5.627724410151942e-20
0,1,0.9999999999999545
0,0,1.2345829579362693e-17
-1,0,7.071837989997228e-34
0,0,1.0431774000864238e-17
-1,0,5.294707802834374e-40
0,0,1.546341707946259e-19
-1,1,0.9999999999995175
-1,0,8.676684781449813e-81
-1,0,1.2830406129709762e-73
0,0,3.1974792610175238e-06
0,0,7.090711552764208e-06
0,1,0.999999980379826
-1,0,2.7445096846571655e-26
-1,0,3.5922760524325644e-59
-1,0,5.320634559665491e-58
0,0,1.2376019765904868e-26
0,0,1.058820517140925e-34
0,0,7.339139846123431e-47
0,0,4.0451710147047915e-07
-1,0,6.524259927029634e-65
0,0,1.1112450295409475e-43
-1,0,1.0858890156240374e-79
0,1,0.9998805588889413
0,0,1.943143842659515e-33
0,0,2.7149913493464646e-24
0,0,1.5631540757098234e-21
0,0,9.860759176557413e-25
0,0,0.04860902208515485
0,0,0.050775428127897294
0,1,0.9951619999287135
0,0,3.1974792610175238e-06
0,0,2.571615783524933e-31
-1,0,7.867740270365439e-51
-1,0,1.460772239069613e-54
0,0,2.0464757449118478e-17
0,0,7.007177675681285e-38
0,0,1.547601143837888e-22
-1,0,1.640549242216866e-30
0,0,4.0451710147047915e-07
-1,0,5.843854247267756e-73
0,0,4.2454579688806283e-16
-1,0,1.5209315047333688e-79
0,0,4.500437907688766e-24
0,0,2.8710315306055467e-23
0,0,5.3088761435411424e-12
-1,0,1.8222159257206085e-41
0,0,1.1674835386223097e-18
-1,0,2.2697886113597797e-68
0,0,0.1481734957046791
0,0,1.106730733844393e-28
0,0,2.5217141703304204e-42
0,0,3.4319647250006903e-22
0,0,7.522751206489462e-17
0,0,1.464681183545831e-26
0,0,5.304555758608885e-09
-1,0,6.329171315189497e-39
-1,0,6.64795248228144e-51
-1,0,8.783788984166056e-43
0,0,1.107632123492892e-31
0,0,5.028520509602316e-19
-1,0,2.861039108724526e-48
0,0,0.06969986277076516
-1,0,4.155347022807579e-58
0,0,2.2866097625940118e-12
0,1,0.99999999843227
0,0,5.632307975397648e-23
0,1,0.9995404815407178
0,0,9.98018398199224e-24
-1,0,6.529573685997826e-68
0,0,3.3978176665729514e-23
-1,0,8.735389543874448e-68
0,1,0.9999999881636844
0,0,1.177297892706974e-11
0,0,1.0482855586082968e-35
-1,0,1.8957166083213897e-63
0,0,0.1707194378022448
-1,0,7.345117293468112e-50
0,0,4.7629701337298295e-26
-1,0,6.206355200575656e-50
0,1,0.999999999998143
0,0,2.7194156625508767e-30
0,1,0.9837181299442861
0,0,5.317527416372916e-18
0,1,0.9994562134587772
-1,0,8.864843380513422e-39
0,0,4.678156851344235e-43
0,0,5.641486308342603e-29
0,0,8.895804598308275e-14
-1,0,1.0832400870859387e-70
-1,0,3.540632010679902e-51
0,0,1.8241191799615683e-07
0,0,5.011019100149418e-44
0,0,2.899884544817521e-22
-1,0,4.419283023500047e-78
0,0,2.7288389848735356e-05
-1,0,4.227239029407776e-38
0,0,5.032616046299734e-22
-1,0,2.712781892753289e-21
0,0,3.593102297849996e-22
-1,0,1.7189751934261426e-33
0,1,0.9426474162674192
-1,0,6.615557878686589e-33
-1,1,0.9999999999995175
0,0,7.875959344595554e-17
0,0,5.650679598174863e-35
0,0,2.5826991605907027e-09
0,0,5.062516872584793e-06
0,0,1.1712916697230626e-30
-1,0,2.4259165319029496e-23
-1,0,5.065500652026937e-46
0,0,1.8241191799615683e-07
-1,0,4.7386708795379154e-45
-1,0,3.0304034428440423e-53
-1,0,2.2916742825299545e-58
0,1,0.999999999999946
0,0,1.9368262475704676e-21
0,0,6.721777040508269e-16
-1,0,1.4658741100787493e-29
0,0,6.293204517341921e-18
0,0,2.0531509978583253e-29
0,0,4.530886995451162e-11
0,1,0.9999939714632199
0,0,1.689740845642246e-53
0,0,1.0957190824841581e-29
-1,0,3.786386353780247e-46
0,0,3.2427967660062927e-20
0,0,5.231350308590951e-41
-1,0,2.056496784972049e-35
0,0,1.8241191799615683e-07
-1,0,5.3076553504435754e-49
0,1,0.9999999999999105
0,0,1.3165137215334465e-09
0,1,0.9959089985382445
0,0,2.8951666204267813e-16
0,0,2.7194156625508767e-30
-1,0,3.231510441556403e-45
0,0,3.5901782356558933e-19
-1,0,7.43407486640563e-49
-1,0,9.326512292194232e-57
-1,0,3.798736896769889e-58
0,0,1.9658702047175663e-38
-1,0,7.472195782471048e-30
0,0,1.9384037181123954e-24
-1,0,5.9900563977402535e-43
0,1,0.999999999996922
0,0,2.1596862528768723e-16
-1,0,4.766849389851813e-29
-1,0,1.0420887768328878e-51
-1,0,1.1464307003624219e-72
0,0,6.293204517341921e-18
-1,0,6.687484537229184e-35
-1,0,1.3791320475121311e-49
0,0,8.836021792643092e-27
0,0,3.1974792610175238e-06
-1,0,8.383040323604081e-40
-1,0,5.006941139019994e-41
0,0,1.7536991843042763e-31
0,0,2.4219697227804224e-17
-1,0,2.303425673865598e-39
-1,0,7.100683640369625e-49
0,0,1.1665334419664003e-15
0,0,7.935698323424418e-07
-1,0,1.0482855586082968e-35
-1,0,4.4085025802408246e-69
-1,0,1.9997799522745548e-53
0,0,2.7194156625508767e-30
0,0,9.374337367763819e-38
0,0,4.715579955660356e-27
-1,0,5.655281859538912e-38
-1,0,1.0992931302353134e-41
0,0,2.1911876703299694e-24
-1,0,4.495741408936941e-58
-1,0,6.261098463355459e-37
-1,0,5.8248545705155114e-61
0,0,1.9981525338293663e-50
0,0,3.802705266271382e-24
0,0,1.0440270279870707e-20
0,0,1.393312311622911e-11
-1,0,7.3255146277180375e-78
0,0,1.3910261329202112e-05
0,0,7.108101405054281e-15
0,1,0.9997227345096907
-1,0,2.4298697726923084e-29
0,0,6.705375374079349e-07
0,0,2.696745692258406e-37
-1,0,2.5522549450072556e-41
-1,0,3.5805967598093853e-47
-1,0,2.5068074378230327e-58
0,1,0.9999999999881541
-1,0,3.6048223813937913e-34
0,1,0.999430696134013
0,0,4.284633890950767e-12
0,0,2.0844186339820525e-09
-1,0,8.299631492025274e-41
0,0,3.043464151386675e-31
0,0,1.8439519744909458e-09
0,0,2.0481425207552906e-20
-1,0,9.374337367763819e-38
0,0,5.911175823646644e-32
0,1,0.9999939714632199
0,0,3.601888781410235e-31
-1,0,6.49775592680589e-50
0,0,0.03678605105801417
-1,0,1.1454977364801492e-69
0,0,1.2978213232639872e-32
0,1,0.9998805588889413
0,0,5.9560166890919185e-22
-1,0,7.47828159876224e-33
0,0,0.2238077031813989
-1,0,1.444467863015636e-58
0,0,6.945911146957984e-51
0,0,2.1495505226197136e-29
0,0,2.584208292793756e-49
0,0,1.4682628787143743e-35
-1,0,7.496568803767698e-42
-1,0,3.3392634510561146e-80
0,0,8.412318803336641e-15
0,1,0.9999999999998517
0,0,3.369492307334469e-30
0,0,0.03126115450608706
0,0,9.366708543639127e-35
-1,0,1.1722456417726087e-33
0,0,1.73342561664568e-26
0,0,1.2439480750043335e-07
0,0,6.692931236369285e-38
0,0,2.5674319311537952e-25
0,0,9.888931632303258e-28
0,0,1.104930154599768e-22
-1,0,3.725023280426068e-69
0,1,0.9932368483549753
0,0,1.640549242216866e-30
-1,0,2.1565619878156829e-41
-1,0,5.244142923349453e-50
0,0,5.494837560521891e-53
-1,0,6.573751512163661e-55
0,0,9.913113781324748e-37
0,1,0.8762257613638691
-1,0,1.6485825696178205e-48
-1,0,5.031458780070999e-59
0,0,7.508785110959402e-48
0,0,1.834544684422839e-28
-1,0,1.6966332085219005e-68
-1,0,1.3839487832241056e-24
0,0,6.990084296294113e-29
-1,0,1.082358547646388e-67
0,1,0.9987383846518546
0,1,0.9905529069064183
0,0,1.2365948176367158e-23
0,0,8.821646157306968e-21
-1,0,1.8330517342337162e-25
0,0,3.22951900332327e-05
0,0,5.273198706268481e-25
0,0,1.1124058959823904e-09
-1,0,9.686919697825784e-73
0,0,7.51662920088619e-14
0,0,0.00014707774493544825
-1,0,5.011019100149418e-44
0,0,1.8330517342337162e-25
-1,0,2.435811716183364e-38
0,0,5.330530766501031e-27
0,0,6.335381719619103e-05
-1,0,9.83848125015226e-47
0,0,3.232253604206725e-08
-1,0,4.786293114534561e-44
0,0,3.796518511023201e-18
0,0,8.80729391019878e-15
-1,0,1.2386099558365183e-29
0,0,1.943143842659515e-33
-1,0,6.329171315189497e-39
0,0,6.5523787762095386e-43
0,0,2.294068291532774e-24
0,0,2.2978066742118306e-30
0,0,1.309797262589662e-28
0,0,2.3077099172751477e-08
0,0,4.7552210897181836e-20
0,0,0.0006695437149103229
0,0,1.9384037181123954e-24
0,0,9.43008187269341e-22
-1,0,1.3862040474544595e-30
0,0,1.7320149570284774e-23
-1,0,2.5258235216564853e-48
0,1,0.7830138077940757
-1,0,4.9418645726029233e-76
0,0,4.9591244539996964e-51
-1,0,2.810093142020666e-65
0,0,3.7098908333803084e-54
0,0,1.956290776138515e-20
0,0,2.8904563709580533e-10
0,0,7.510512176800537e-11
-1,0,1.1504347068719598e-47
0,0,7.508785110959402e-48
-1,0,7.415940109736747e-40
-1,0,1.740496167378724e-41
0,0,7.856746033221046e-08
0,0,5.627724410151942e-20
-1,0,9.870572688869395e-59
0,1,0.9982338331721774
0,0,5.996313904164297e-09
-1,0,5.303335987101377e-46
0,0,5.627724410151942e-20
0,0,3.4235927558839643e-13
0,0,8.843218392804481e-30
0,0,6.298330090558916e-21
0,1,0.9965410596904526
-1,0,2.271637266950515e-71
0,1,0.9996116960617358
0,0,2.0670422183632872e-16
0,0,1.309797262589662e-28
0,0,2.5653425582321527e-22
0,0,2.2495524236262614e-35
0,0,5.960867635781796e-25
-1,0,2.5068074378230327e-58
0,0,0.016183188969714886
-1,0,5.3522737174859886e-42
-1,0,5.664497630415007e-44
-1,0,5.980310963829127e-37
0,0,1.9384037181123954e-24
-1,0,1.2152847161055524e-80
-1,0,1.9085426583530636e-50
-1,0,3.72805716872673e-72
-1,0,1.9069894887044955e-47
0,0,2.294068291532774e-24
0,0,5.3088761435411424e-12
0,0,3.617412516388001e-09
0,0,2.7216305220946017e-33
0,0,4.530886995451162e-11
0,0,4.238550881856474e-10
0,0,0.026543175832651634
0,0,8.821646157306968e-21
0,0,8.47541439591739e-05
0,0,7.054586877591848e-25
0,0,1.7451536373778092e-13
0,0,1.1636864344394692e-06
0,0,3.4089007651373125e-35
0,0,9.880884032004308e-25
0,1,0.9999999999996556
0,0,2.1342284027662273e-48
0,0,3.7349912335308974e-41
0,0,9.32865744694565e-20
0,0,6.186176952174665e-38
0,0,4.262774965736868e-31
-1,0,6.62094599632771e-36
0,0,3.563148979763396e-29
0,0,7.497730858515047e-05
0,0,3.802705266271382e-24
0,0,9.250890597948134e-27
0,0,4.0245353856975e-26
0,0,3.956090728913551e-46
-1,0,1.8237000505601423e-44
0,0,2.1623328265842098e-13
-1,0,4.0343768850683874e-35
-1,0,1.9316572412727657e-49
0,0,9.336255279914276e-23
0,1,0.6084988841351642
0,0,1.1722456417726087e-33
-1,0,1.4548380322500973e-39
0,0,3.7740759651673057e-34
0,0,3.1974792610175238e-06
0,0,2.880396343128654e-35
0,0,2.569523005789419e-28
0,0,4.998795169979502e-35
0,0,1.7390797537561401e-38
0,0,2.2922013816020515e-21
-1,0,5.360995710389467e-48
0,0,1.3063016726741846e-56
0,0,8.730288252529169e-28
-1,0,2.018233373360987e-49
0,0,2.435811716183364e-38
0,0,1.4536540868636091e-36
0,0,1.7306054454043953e-20
0,0,7.131286812927263e-27
-1,0,4.9591244539996964e-51
-1,0,4.0137946965003717e-54
-1,0,1.7970684499452165e-73
0,0,3.4235927558839643e-13
0,1,0.9990989279903394
0,0,2.6945510839583417e-34
0,0,4.4967754569005835e-21
0,0,1.6392141652780324e-27
-1,0,1.7376644928092056e-35
0,0,3.805802423564017e-27
-1,0,1.7039455127277085e-46
-1,0,3.3454743722195688e-49
0,0,4.262774965736868e-31
-1,0,2.882742315249851e-38
0,0,1.4658741100787493e-29
-1,0,4.665671775692022e-71
0,0,2.4174733012464915e-48
-1,0,6.904851442132686e-67
-1,0,3.6077583706817892e-37
0,0,1.4682628787143743e-35
0,1,0.999999999999946
0,0,3.1974792610175238e-06
0,0,2.3152373247239523e-20
0,0,3.4291717963635414e-19
-1,0,1.1732003907957259e-36
-1,0,4.280162597700753e-46
0,0,6.313731871307203e-30
0,0,0.022520688130908524
0,0,6.995777451308465e-32
0,0,1.2988783488535158e-35
0,1,0.999999999996922
0,0,2.4017793626155895e-24
0,0,0.016183188969714886
0,0,1.0474324651207039e-32
-1,0,1.2312881001282549e-45
0,0,7.47828159876224e-33
-1,0,1.7122892745758508e-64
0,0,4.2203615852150217e-32
0,0,0.00014707774493544825
-1,0,2.1583184246731024e-44
-1,0,9.343859301025919e-26
0,0,1.831559999005606e-22
-1,0,3.383236286928978e-45
0,0,0.0009375332382105298
0,1,0.9992385207630202
-1,0,4.237576215259549e-47
0,0,2.8032381726716576e-56
0,0,2.7216305220946017e-33
-1,0,1.911652793671397e-56
0,0,4.500437907688766e-24
0,0,1.831559999005606e-22
0,1,0.9990989279903394
-1,0,5.3076553504435754e-49
0,0,1.1040309638102035e-19
0,1,0.9999999999963571
-1,0,6.324020643422145e-36
0,0,4.259305924756147e-28
0,0,0.0001740593472813196
0,0,6.7327307575155045e-22
0,0,7.370770738937714e-25
-1,0,7.727640950287295e-68
-1,0,2.2860839493378172e-49
0,0,8.213679626577607e-48
0,0,1.5151013107407965e-27
0,0,1.107632123492892e-31
0,0,2.158814385035967e-07
0,0,3.1811768464673776e-25
0,0,0.02538302597632235
-1,0,5.949801199506297e-56
0,0,2.5911234890587126e-21
0,0,5.0707923525965856e-12
0,0,2.7534618046149867e-38
0,0,9.880884032004308e-25
0,0,1.4694587224003547e-38
0,0,0.06969986277076516
-1,0,8.326703466716184e-53
-1,0,1.5372007424567592e-35
0,0,3.1974792610175238e-06
-1,0,3.815109038755092e-36
0,0,1.3087313512016574e-25
-1,0,1.8033448640096864e-48
0,0,8.328618659335301e-16
0,0,3.8253179099594795e-08
0,0,1.6182809849127885e-25
0,0,3.98934727941301e-39
0,1,0.9997657107404385
-1,0,1.4706555400550581e-41
0,0,6.308593764140137e-27
-1,0,1.2396187560429067e-32
0,0,5.632307975397648e-23
-1,0,1.1672150720316645e-55
-1,0,4.404914946308108e-66
0,0,1.935250060772097e-18
-1,0,7.502674470947918e-45
-1,0,4.774617383184142e-35
0,0,1.0482855586082968e-35
0,0,8.873316656139749e-05
0,0,2.889791702064277e-47
0,1,0.9979104483238305
0,0,0.0009375332382105298
0,0,9.939640618296325e-09
0,0,1.849966633038735e-21
0,0,4.4967754569005835e-21
-1,0,6.698382371636508e-41
0,0,9.905046501622984e-34
0,0,1.379449256298656e-12
0,0,5.673728419186591e-50
0,0,1.2802051381367988e-27
0,0,7.071837989997228e-34
0,0,4.004003405526258e-45
0,0,3.2053085466883795e-15
-1,0,5.303335987101377e-46
0,0,1.7974817866570688e-36
0,0,8.879289409460461e-45
0,0,2.822204337179308e-43
-1,0,1.2133075265605484e-74
0,1,0.9985072449447348
-1,0,1.459583464432995e-51
-1,0,1.0312967947530898e-58
0,1,0.9993565019537491
-1,0,8.790943042712368e-46
0,1,0.9998805588889413
0,1,0.9920058436002769
-1,0,4.5041033414024224e-27
-1,0,1.1624734049496671e-40
0,0,1.73342561664568e-26
-1,0,1.1551272687459386e-62
-1,0,2.655202393759833e-63
0,0,1.9499303994070067e-08
-1,0,2.709950928959386e-55
0,0,2.8951666204267813e-16
-1,0,9.381972405272431e-41
0,0,1.6338847135240704e-15
-1,0,3.808902103372316e-30
0,0,2.5890148359765907e-18
-1,0,4.0137946965003717e-54
0,0,2.31335318746027e-17
-1,0,1.1001884622415168e-44
0,0,0.09110076525763679
0,0,6.649481551927544e-14
0,0,2.7105742342131294e-18
-1,0,4.000744952520354e-42
-1,0,5.334872278945704e-30
0,0,1.830069477749748e-19
0,0,4.500437907688766e-24
0,0,8.348985257573758e-25
-1,0,1.1187634973771983e-30
0,0,1.3839487832241056e-24
0,1,0.9995404815407178
0,0,0.001837569110909777
-1,0,8.676684781449813e-81
0,0,8.671617772502078e-41
-1,0,7.727640950287295e-68
0,0,5.04081712938305e-28
0,1,0.9998805588889413
-1,0,2.405693269800122e-30
0,0,2.9140844977199043e-40
-1,0,6.334326181981142e-42
-1,0,2.670991556995733e-47
0,1,0.9970757539106673
0,0,3.5960287415803777e-25
0,0,1.3884629868328896e-36
0,1,0.9965410596904526
0,0,0.0002884921269182206
0,0,4.806921516180606e-22
-1,0,3.218382829470961e-30
0,0,2.8874399931608327e-44
-1,0,2.560579962972497e-53
0,0,0.0001740593472813196
0,1,0.999858646546025
0,1,0.9999997093994294
-1,0,1.3670737499902386e-62
0,0,1.830069477749748e-19
0,0,1.2469901500034734e-16
0,0,1.834544684422839e-28
0,0,1.2396187560429067e-32
0,0,1.2365948176367158e-23
0,0,1.5657013704624895e-27
0,0,1.5513856094280592e-31
0,0,1.3034147915425574e-10
0,0,9.343859301025919e-26
-1,0,4.000744952520354e-42
-1,0,7.880561433561775e-57
0,0,0.0013126465350389947
0,0,5.951169690096528e-19
0,0,1.476993905139974e-19
0,0,1.0072278383343824e-19
-1,0,1.2875217411933038e-48
0,0,5.3218583380886955e-21
-1,0,8.808822875768375e-61
-1,0,7.740233809525573e-74
0,1,0.9996116960617358
0,0,4.751351296692429e-17
-1,0,1.6044214196349534e-69
0,0,3.787257231408364e-09
0,0,7.948636537937332e-13
-1,0,1.4382690800434183e-80
-1,0,1.819251298395513e-35
-1,0,2.829105685918319e-52
0,0,2.114714398126971e-52
0,1,0.7830138077940757
0,0,2.5653425582321527e-22
-1,0,4.000744952520354e-42
-1,0,1.1112450295409475e-43
-1,0,3.619526259821962e-49
-1,0,6.682042270606088e-32
0,0,1.643222659086747e-36
-1,0,1.5172213291911907e-70
-1,0,8.939364955410494e-32
0,0,7.409905026872011e-37
0,1,0.9989337726694644
0,1,0.9999999963601642
-1,0,2.2996781494379604e-33
-1,0,2.861039108724526e-48
0,0,6.978711881742682e-23
-1,0,3.3121878678378604e-50
-1,0,3.5521809451447504e-63
0,0,0.0010596658060141428
0,0,4.000744952520354e-42
0,0,1.3055388188387987e-16
0,0,0.48391075050036786
-1,0,5.065500652026937e-46
0,0,2.1947584001393156e-30
0,1,0.9998805588889413
0,0,4.2299180284104354e-10
-1,0,2.868035423054082e-57
0,0,8.895804598308275e-14
0,0,3.7996106294414844e-21
-1,0,2.5460289487378584e-32
0,0,0.009389440805964612
0,0,5.326192787173765e-24
0,0,2.4443189953096283e-13
-1,0,7.721352205665174e-65
0,0,1.8454538059063856e-12
0,0,5.636895273781009e-26
-1,0,2.7011402725866727e-43
-1,0,5.9900563977402535e-43
0,0,9.305901025692803e-11
0,1,0.999999999996922
0,0,1.087908733794526e-48
-1,0,5.239875246341811e-47
0,1,0.6478195940678282
-1,0,3.0304034428440423e-53
0,0,4.021260223791537e-23
0,1,0.9999999999993241
0,0,8.355785185195329e-28
0,0,2.5653425582321527e-22
-1,0,4.415686616455976e-75
0,0,1.9289544092606153e-06
0,0,4.259305924756147e-28
0,0,0.0009375332382105298
-1,0,2.861039108724526e-48
0,0,3.0665511937233366e-21
0,0,2.5611689119923826e-16
-1,0,1.3802552975616008e-52
0,0,0.43076656356265886
0,1,0.9999999999997922
0,0,3.0261690490368774e-10
0,0,3.777149804994481e-37
0,0,6.638662835269593e-08
-1,0,5.673728419186591e-50
-1,0,1.60050757795831e-60
0,0,3.3373133885366218e-40
0,0,4.2350997625924516e-07
-1,0,1.0508490102062969e-44
0,0,3.0583671749181053e-49
0,1,0.9949359965058743
0,0,0.011607933220985682
-1,0,7.696248363271012e-53
0,0,2.7083683722627447e-15
0,0,1.227284907217966e-33
0,0,1.6736889973103217e-28
0,0,1.1040309638102035e-19
0,0,1.461108225600357e-17
0,0,3.5901782356558933e-19
-1,0,3.779543548727e-09
-1,0,4.3977484349028356e-60
0,0,1.458731097100836e-11
0,0,2.5674319311537952e-25
0,0,4.500437907688766e-24
-1,0,2.7327319079853004e-48
0,0,3.038512632272637e-25
0,1,0.9999999999361455
0,0,8.80729391019878e-15
0,0,1.4794007944433145e-25
0,0,3.812004307750557e-33
0,0,5.010114273818406e-13
-1,0,2.3015511489087364e-36
0,0,1.3944471109719282e-14
0,0,3.790341821210939e-12
0,0,1.1031325047809885e-16
0,0,6.654897299097055e-17
0,0,7.51662920088619e-14
-1,0,7.060332567479584e-28
-1,0,3.9263066397606056e-56
0,1,0.6852339549895139
0,0,4.0179877272082143e-20
-1,0,3.5377506487404794e-48
0,0,4.262774965736868e-31
-1,0,1.612648672571051e-50
-1,0,7.054586877591848e-25
-1,0,5.924560888077438e-10
0,0,2.8593682378177783e-08
0,0,1.8285801694782787e-16
0,0,3.7410777247592325e-47
0,0,1.0474324651207039e-32
-1,0,2.8383337435254568e-64
0,0,1.3119316905042843e-34
-1,0,2.018233373360987e-49
0,0,3.6144556193065793e-06
0,0,1.714781908126625e-24
-1,0,6.2968817693190144e-58
0,0,2.5779043492077725e-40
0,0,2.2978066742118306e-30
0,0,1.7362503835998994e-32
-1,0,4.269721526201282e-37
0,1,0.9645951737985522
0,0,4.998795169979502e-35
0,0,3.6144556193065793e-06
0,0,1.3772030849870796e-06
-1,0,1.5539137264471462e-37
-1,0,3.001462849598071e-63
0,0,5.946326635582904e-16
0,0,6.692931236369285e-38
-1,0,4.21692706019074e-29
0,0,3.3978176665729514e-23
0,0,2.1947584001393156e-30
0,0,4.074921174589666e-34
-1,0,5.612705126437675e-48
0,0,4.493115986610375e-18
-1,0,2.5068074378230327e-58
-1,0,2.03769350798888e-39
0,0,3.056581140817007e-09
0,0,0.40099927641855937
0,0,1.3055388188387987e-16
-1,0,2.819259183969996e-77
0,1,0.9920058436002769
0,0,1.1013377795007746e-10
0,0,5.951169690096528e-19
-1,0,3.798736896769889e-58
0,0,4.227239029407776e-38
-1,0,2.172921187542567e-31
0,1,0.9998805588889413
0,0,1.932101534224363e-12
0,0,4.262774965736868e-31
0,0,7.829401800298675e-33
-1,0,4.786293114534561e-44
0,0,6.692931236369285e-38
0,1,0.9996116960617358
-1,0,2.571615783524933e-31
0,0,2.0653600619689428e-13
-1,0,1.0243661326433821e-71
0,0,0.0005657986584497836
0,0,1.0870233950161043e-45
0,0,1.6156481465318834e-19
0,0,1.7320149570284774e-23
-1,0,6.189791665690704e-78
0,0,3.056581140817007e-09
-1,0,1.5172213291911907e-70
0,1,0.9996116960617358
-1,0,1.0474324651207039e-32
-1,0,7.47828159876224e-33
0,1,0.999999999998431
-1,0,3.1475082949726195e-69
0,0,2.1805055445739427e-06
0,0,7.041489935854288e-56
-1,0,2.3802321867971725e-74
0,0,2.6901672238133127e-28
0,0,2.176462150538501e-37
-1,0,3.6106967512202767e-40
-1,0,7.44012963467555e-52
0,0,8.800126545259483e-12
0,0,7.810302679148827e-24
-1,0,2.7011402725866727e-43
-1,0,1.928514560013446e-43
-1,0,2.431848808236626e-32
-1,0,1.2322909369645647e-48
0,0,5.1919652149067734e-51
0,0,5.012169152941938e-07
0,0,3.0409873840345674e-28
-1,0,1.3791320475121311e-49
0,0,9.343859301025919e-26
-1,0,3.383236286928978e-45
-1,0,1.643222659086747e-36
-1,0,9.281065416718903e-39
0,0,2.0514801461224273e-26
0,0,2.0464757449118478e-17
0,0,3.47493173449301e-30
-1,0,8.641436821073962e-66
-1,0,1.3873330573760693e-33
0,0,1.2386099558365183e-29
-1,0,5.347918043772098e-39
0,0,3.2053085466883795e-15
0,0,1.1646355662313986e-09
-1,0,2.703340247527637e-46
-1,0,1.6924944244841002e-59
0,0,2.8593682378177783e-08
0,0,4.004924190353743e-08
0,0,1.7277898623990393e-14
0,0,3.0409873840345674e-28
-1,0,8.821646157306968e-21
-1,0,1.2245035957428067e-70
0,0,2.158814385035967e-07
-1,0,4.0343768850683874e-35
0,0,8.800126545259483e-12
0,0,3.084691286800643e-05
0,0,1.6034844698789344e-29
-1,0,8.798102927964417e-49
0,1,0.9987383846518546
0,0,1.3921784164293802e-08
-1,0,1.381379462455067e-55
-1,0,1.2386099558365183e-29
-1,0,2.0393531310378705e-42
0,1,0.9999999999973992
-1,0,7.44012963467555e-52
0,0,1.533450879573116e-26
0,0,3.0484237394293535e-37
-1,0,5.5307424587001746e-77
-1,0,8.213679626577607e-48
0,0,7.429733461390214e-09
0,0,5.138458587533325e-23
0,0,2.7311359730652917e-08
0,0,6.308593764140137e-27
0,0,5.665797289315339e-07
0,0,1.3154406156450096e-06
0,0,3.418021623856797e-07
0,0,7.108101405054281e-15
0,0,5.545542414918757e-49
-1,0,9.84649431501496e-50
0,0,9.391764509144689e-07
-1,0,2.026465639759089e-64
-1,0,1.7956059978692364e-70
-1,0,1.6966332085219005e-68
-1,0,5.883392629019508e-60
0,0,2.8130287198784043e-31
0,0,0.013708596884251325
0,0,1.0423284636118905e-14
0,0,7.856746033221046e-08
-1,0,1.2396187560429067e-32
-1,0,2.8540598612742024e-39
0,0,2.4259165319029496e-23
0,0,9.422407683759871e-19
0,0,7.429733461390214e-09
-1,0,2.512937522778948e-67
-1,0,1.727392551569133e-51
0,0,1.3186590962348087e-15
0,0,3.0590706180256284e-12
0,0,3.5785044829341515e-07
0,0,3.629211908824237e-21
0,0,5.896756042151942e-23
0,0,1.1013377795007746e-10
-1,0,1.8077547189728273e-57
-1,0,4.175694637033218e-76
-1,0,2.260567875439326e-53
0,0,1.1684344090954047e-21
0,0,7.522751206489462e-17
0,0,3.802705266271382e-24
-1,0,1.9003523468651696e-72
0,0,8.432890079838703e-24
-1,0,1.033818702447799e-67
-1,0,3.6048223813937913e-34
-1,0,1.0491393469077487e-38
0,0,1.611336301081195e-47
0,0,1.3944471109719282e-14
0,0,5.375341433842298e-20
-1,0,5.650679598174863e-35
0,0,0.0006695437149103229
-1,0,1.6472409551671334e-45
-1,0,1.69801505106471e-71
0,0,4.4167022513287995e-38
-1,0,3.22362746262712e-36
0,0,9.712841350929556e-45
0,1,0.9999999999939615
0,1,0.9990989279903394
0,0,9.947736172354694e-12
0,1,0.9999860035146343
-1,0,5.965722533381234e-28
0,0,2.172921187542567e-31
-1,0,8.376218215784732e-37
0,0,1.3989955583255726e-26
0,0,1.2355884783076348e-20
0,1,0.9979104483238305
-1,0,6.206355200575656e-50
-1,0,1.038513147027355e-08
0,0,5.360995710389467e-48
0,0,1.3197330933895799e-18
0,0,1.107632123492892e-31
0,1,0.6084988841351642
-1,0,2.2978066742118306e-30
-1,0,1.550123093743037e-28
0,0,1.3828225274205938e-21
-1,0,2.8563843833430998e-42
0,0,3.5901782356558933e-19
0,0,1.845029437877986e-49
-1,0,5.294707802834374e-40
0,0,1.6325550601677712e-12
0,0,4.5041033414024224e-27
-1,0,9.3972611406882e-47
-1,0,3.0254731726570754e-47
-1,0,1.106730733844393e-28
-1,0,1.6361709406653968e-58
-1,0,3.7833049972611235e-43
-1,0,4.754127611350969e-57
0,0,4.489459494392339e-15
0,1,0.9999999999995175
0,0,8.792964935951334e-09
0,0,6.240742232367433e-25
-1,0,1.2322909369645647e-48
-1,0,1.280953188968805e-67
0,0,4.0179877272082143e-20
0,0,0.007035147419316433
0,0,8.843218392804481e-30
-1,0,2.2398987043461567e-57
0,0,4.719420614303616e-30
0,1,0.9989337726694644
-1,0,9.8064941478774e-35
-1,0,2.0498106541235996e-23
0,0,1.4694587224003547e-38
0,1,0.5677175264057858
-1,0,2.5278807078416448e-51
0,0,1.464681183545831e-26
-1,0,6.545540944119696e-77
0,0,1.830069477749748e-19
-1,0,7.100683640369625e-49
-1,0,1.5422148276766425e-47
0,0,8.398632434792965e-09
0,0,9.880884032004308e-25
0,0,7.007177675681285e-38
0,0,1.1753686901998727e-05
-1,0,2.7121580798413135e-58
0,1,0.999999999998431
0,0,5.675033411349332e-13
0,0,2.4259165319029496e-23
0,0,7.472195782471048e-30
0,0,0.0006695437149103229
0,0,1.106730733844393e-28
0,1,0.999999999998431
0,0,2.758582392834517e-07
0,0,6.644070211645717e-11
-1,0,1.289619869219338e-54
0,1,0.9970757539106673
-1,0,3.5922760524325644e-59
0,0,2.0636792740863612e-10
0,0,4.021260223791537e-23
0,0,0.0003414075220396442
0,1,0.999999999996922
0,0,9.321065797084003e-17
-1,0,3.555074060005955e-66
0,0,4.266246832118238e-34
0,0,1.1577510003046145e-25
0,0,1.9483056267697424e-05
0,0,3.1974792610175238e-06
-1,0,5.225891055358574e-75
0,0,0.0025718657341346736
-1,0,5.601273469212378e-48
0,0,3.4005850584763966e-26
0,0,0.11047258117115966
-1,0,1.218536749756691e-52
0,0,0.013708596884251325
-1,0,2.4298697726923084e-29
0,0,3.587256553059977e-16
-1,0,6.618228236912863e-42
0,0,6.928967221754263e-42
-1,0,1.0429375180917255e-54
0,0,8.748105926193707e-28
-1,0,1.626873067920839e-37
-1,0,7.421980107944424e-43
0,0,3.802705266271382e-24
-1,0,2.056496784972049e-35
0,0,4.83944418924056e-09
0,0,7.592169091978455e-13
0,0,1.4745909316894802e-13
0,0,9.343859301025919e-26
0,0,1.6060974864967937e-35
0,0,1.1058300777456724e-25
0,0,6.001197707336102e-12
0,0,4.2134953301786637e-26
-1,0,8.272647534376835e-29
0,0,8.814467112604074e-18
-1,0,7.854939966371026e-45
0,1,0.9975279983947021
0,0,1.3186590962348087e-15
0,0,2.7194156625508767e-30
0,0,2.1605731223451685e-10
-1,0,1.901900110816763e-75
0,0,0.0007922964240690091
0,0,3.237520945634686e-14
0,0,1.0553780549039835e-22
-1,0,4.2523763098009485e-22
0,0,6.31887416326509e-33
0,0,9.888931632303258e-28
0,0,4.4967754569005835e-21
0,0,2.4259165319029496e-23
0,1,0.9995404815407178
-1,0,3.601888781410235e-31
0,0,2.294068291532774e-24
-1,0,1.527486553746288e-57
0,0,5.980310963829127e-37
0,0,2.69235826162779e-31
0,1,0.9989337726694644
0,0,4.5077717604709036e-30
0,0,5.0707923525965856e-12
0,0,1.0431774000864238e-17
-1,0,6.62094599632771e-36
0,0,8.910301081238252e-20
0,1,0.9975279983947021
0,0,4.021260223791537e-23
0,1,0.9999999999996556
0,0,5.623144575006029e-17
0,0,2.3114705835050703e-14
-1,0,2.5522549450072556e-41
-1,0,6.974243148447029e-66
0,0,3.831551742887748e-14
0,0,2.3077099172751477e-08
0,0,2.169385985464201e-25
0,0,4.2203615852150217e-32
0,0,7.466114918809766e-27
0,1,0.9975279983947021
0,0,5.357864709931514e-08
0,0,3.956090728913551e-46
-1,0,2.0360352355390976e-36
-1,0,2.8850901980751786e-41
-1,0,4.97530026756886e-63
-1,0,1.3862040474544595e-30
0,0,3.6144556193065793e-06
-1,0,8.676684781449813e-81
0,0,1.392991914999771e-48
0,0,3.828433630684503e-11
0,0,1.1753686901998727e-05
0,0,4.027813215096964e-29
0,0,3.1974792610175238e-06
0,0,1.3805727647043939e-15
0,0,1.3154406156450096e-06
0,0,2.5377512393732378e-20
0,0,3.1889560177090607e-34
0,0,3.617412516388001e-09
-1,0,1.6275297523546447e-46
0,0,1.9253769916930236e-37
0,0,3.210531874170051e-21
0,0,1.5425695462619276e-10
0,0,2.557002055351037e-10
-1,0,2.1565619878156829e-41
0,0,4.743621155551387e-11
-1,0,1.9384037181123954e-24
0,0,7.113890680467999e-18
-1,0,3.0230110463411245e-44
0,0,3.815109038755092e-36
0,0,0.0017553054697665028
-1,0,4.000744952520354e-42
0,1,0.9999999999997922
0,1,0.9999999881636844
0,0,5.965722533381234e-28
-1,0,3.7471741344515083e-53
0,0,1.8241191799615683e-07
-1,0,3.725023280426068e-69
0,0,4.0179877272082143e-20
-1,0,3.5521809451447504e-63
-1,0,1.8077547189728273e-57
-1,0,1.2396187560429067e-32
0,0,6.31887416326509e-33
0,1,0.9999999999997089
0,0,1.5353192952444775e-38
0,0,5.401663031828359e-38
0,0,5.67041507298469e-10
0,0,3.043464151386675e-31
0,0,3.3950525267696046e-20
0,0,2.31335318746027e-17
-1,0,3.566051027667371e-32
0,0,3.031100454131891e-16
0,0,1.3154406156450096e-06
0,0,2.7172026054571218e-27
0,0,5.326192787173765e-24
-1,0,6.241825638927727e-71
-1,0,1.840528654592329e-40
-1,0,2.4076526145120276e-33
-1,0,4.266246832118238e-34
0,1,0.9888388702745383
0,0,7.447902003316221e-18
0,0,5.684281369090422e-19
-1,0,2.0410141057860515e-45
0,0,1.9023375594504803e-38
0,0,3.1559308504089955e-41
-1,0,1.5135202042882952e-61
0,0,3.4347599283708745e-25
-1,0,1.3757677789857195e-40
0,0,9.888931632303258e-28
0,0,7.854939966371026e-45
0,0,4.262774965736868e-31
0,0,4.173256115567668e-36
0,0,1.7437334332081842e-10
0,0,3.218382829470961e-30
-1,0,9.671159706692833e-67
0,0,1.0440270279870707e-20
0,0,1.379449256298656e-12
0,0,2.0636792740863612e-10
0,0,0.00045668889232045035
-1,0,5.954647083918528e-59
0,0,2.1504181848828413e-38
0,0,2.1858424651858663e-15
0,0,1.0966115035658272e-32
-1,0,6.573751512163661e-55
0,0,5.960867635781796e-25
0,0,3.1974792610175238e-06
0,0,5.330530766501031e-27
0,0,1.5413139677510024e-07
-1,0,8.206995344283468e-45
-1,0,7.387095962385182e-71
-1,0,6.159629619875967e-60
0,0,1.1674835386223097e-18
-1,0,1.1541872276071326e-59
0,0,5.343565914700151e-36
0,0,7.060332567479584e-28
0,0,1.2376019765904868e-26
-1,0,2.836023911044938e-61
0,0,8.376218215784732e-37
-1,0,3.027937304280285e-50
0,0,2.018233373360987e-49
0,0,2.158814385035967e-07
0,0,4.774617383184142e-35
0,1,0.9999999999998244
0,0,2.3988397198210592e-27
0,0,5.669111146035177e-47
0,0,5.066665722423037e-09
-1,0,2.655202393759833e-63
0,0,5.599013437350269e-39
-1,0,1.7081122989737007e-55
0,0,4.266246832118238e-34
0,1,0.9999999999999105
-1,0,3.0509065634071557e-40
-1,0,5.839098525928426e-70
0,0,4.431108776688407e-50
0,0,2.712781892753289e-21
-1,0,1.0491393469077487e-38
0,0,4.530886995451162e-11
0,0,1.6462518977665187e-05
0,0,1.051090601413312e-07
0,0,2.7172026054571218e-27
0,0,2.3057787916339442e-05
-1,0,1.0321367463572992e-61
0,0,7.914525794406022e-35
0,0,8.758764955723093e-40
0,0,2.6956387347332058e-43
0,0,1.104930154599768e-22
0,1,0.999999980379826
-1,0,5.949801199506297e-56
0,0,5.281791839602534e-31
0,0,1.0528035551089011e-13
0,0,9.4377623119589e-25
-1,0,3.6136375249567324e-43
0,0,3.1974792610175238e-06
-1,0,7.792602726726618e-61
-1,0,1.6295241982819473e-43
-1,0,1.6192265805842566e-65
-1,0,9.303761104719428e-48
0,0,4.743621155551387e-11
0,0,6.001197707336102e-12
0,0,7.504399568708515e-08
0,0,3.045942935970625e-34
0,0,5.069626307629271e-49
0,0,1.7306054454043953e-20
0,0,2.3077099172751477e-08
0,0,2.0431462613396644e-11
-1,0,4.526158721307038e-45
0,1,0.9905529069064183
-1,0,7.861337513090156e-48
-1,0,5.883392629019508e-60
0,0,1.3197330933895799e-18
0,1,0.9999999999995923
0,0,3.4089007651373125e-35
0,0,6.721777040508269e-16
0,0,8.836021792643092e-27
0,0,1.8424479774374199e-06
-1,0,1.4024166274895374e-35
0,0,1.1636864344394692e-06
-1,0,5.659887869267966e-41
-1,0,3.2288806423665335e-42
-1,0,5.873820730153923e-54
0,0,4.527199560482874e-08
0,0,9.931453215061106e-06
0,0,6.346107821786357e-11
0,0,3.0540843807503397e-06
0,0,3.1974792610175238e-06
0,0,8.814467112604074e-18
0,0,0.0015531210928223808
-1,0,5.9705813851081395e-31
0,0,6.716306866684025e-13
0,0,3.793428908967092e-15
0,0,6.654897299097055e-17
-1,0,9.679036494588937e-70
0,0,2.4423298109466e-10
0,0,5.583062476806857e-36
0,0,1.5450832969819853e-16
0,0,1.051090601413312e-07
-1,0,8.728280694696597e-65
-1,0,3.027937304280285e-50
0,1,0.9996718776349772
0,0,1.1634201948614617e-43
-1,0,7.041489935854288e-56
0,0,3.1974792610175238e-06
0,0,2.3095895115574323e-11
0,0,1.1058300777456724e-25
0,0,1.4634892278150458e-23
-1,0,2.8710315306055467e-23
0,1,0.9996718776349772
-1,0,8.233765155745979e-57
0,1,0.956499810859418
0,0,9.888931632303258e-28
-1,0,5.3522737174859886e-42
-1,0,9.84649431501496e-50
0,0,1.3272756058333014e-39
0,0,1.5425695462619276e-10
0,0,1.8330517342337162e-25
0,0,8.910301081238252e-20
0,0,1.3921784164293802e-08
-1,0,1.040393365866825e-45
-1,0,7.9468087234341575e-50
0,0,2.5653425582321527e-22
0,0,1.0536610231429767e-16
-1,0,1.3755193583821223e-09
0,0,2.4403416510443696e-07
-1,0,4.477478014675849e-43
-1,0,1.8311388258993624e-59
0,0,3.3978176665729514e-23
0,0,8.355785185195329e-28
0,1,0.6852339549895139
0,0,2.171152866974849e-28
0,0,1.9711307625955454e-10
-1,0,2.2624090210950284e-56
0,0,1.8018773041957244e-45
0,0,2.034378312589349e-33
0,0,7.066082937010914e-31
0,0,3.031100454131891e-16
0,0,1.0448773478770192e-23
0,0,7.031650838352552e-13
0,0,2.1805055445739427e-06
0,0,0.011607933220985682
0,0,4.0147178937786107e-17
-1,1,0.9999999999996556
-1,0,2.0632047248327764e-47
-1,0,5.044922681204763e-31
-1,0,1.3512697498442193e-57
-1,0,5.646081082125484e-32
-1,0,3.0230110463411245e-44
0,0,1.1693860540159974e-24
0,0,1.2355884783076348e-20
-1,0,3.531182763911427e-79
-1,0,1.531221831614988e-66
0,0,1.1792164014533254e-17
-1,0,2.829105685918319e-52
-1,0,6.303459838358308e-24
0,0,9.939640618296325e-09
0,0,7.066082937010914e-31
0,0,6.644070211645717e-11
0,0,1.7433324564068704e-47
0,0,2.165856534930686e-19
0,0,7.510512176800537e-11
0,0,2.4688836752661647e-12
0,0,7.441840909902177e-15
0,0,7.119684671023996e-21
-1,0,1.819251298395513e-35
0,0,1.624226250777194e-31
0,0,5.650679598174863e-35
0,0,1.3154406156450096e-06
-1,0,1.894173876496459e-60
-1,0,6.339485247213496e-45
-1,0,1.4682628787143743e-35
-1,0,3.006353992887085e-69
0,0,1.0975046514901697e-35
-1,0,3.006353992887085e-69
0,0,3.866908250315262e-10
0,0,0.006721767361555405
0,0,7.882374010790425e-20
0,1,0.9999999881636844
0,0,5.679655507961418e-16
0,0,1.1655841184965904e-12
-1,0,8.298132842859078e-10
-1,0,3.779543548727e-09
0,0,3.8253179099594795e-08
-1,0,8.340272550133722e-59
0,0,1.8454538059063856e-12
0,0,2.336601699949083e-16
0,0,0.0003859127181245524
-1,0,5.053143819013901e-37
-1,0,1.5372007424567592e-35
-1,0,2.584208292793756e-49
-1,0,1.532468952948448e-69
0,0,2.817612793456686e-37
0,0,5.012169152941938e-07
0,0,3.38401433740894e-08
-1,0,2.2823646387731325e-43
-1,0,1.2133075265605484e-74
0,1,0.9999999999978024
0,0,1.4634892278150458e-23
0,0,8.678680471907365e-44
0,0,8.362590651096494e-31
-1,0,8.340272550133722e-59
0,0,1.724978830409516e-08
0,0,9.391764509144689e-07
0,0,5.0914758444559516e-27
0,1,0.9985072449447348
0,1,0.9999999999995923
0,0,9.313480325296803e-14
0,0,5.975444194183082e-34
-1,0,1.9348050438029856e-55
0,0,3.4235927558839643e-13
0,0,1.244961377615366e-10
0,0,5.020339432320708e-13
0,0,5.31320001915583e-15
0,0,2.559528898622259e-59
-1,0,1.3604121782756165e-44
0,0,1.8439519744909458e-09
0,0,7.345117293468112e-50
0,0,1.309797262589662e-28
-1,0,2.655202393759833e-63
0,1,0.9999999999899907
0,0,0.001483572592806854
0,0,7.339139846123431e-47
0,0,2.569523005789419e-28
0,0,5.894335547518774e-29
-1,0,2.309058414082285e-48
0,0,0.03126115450608706
0,0,1.1151261471092032e-18
-1,0,2.810093142020666e-65
0,1,0.5677175264057858
0,1,0.9998805588889413
0,0,4.7552210897181836e-20
0,0,1.1160343744991431e-21
0,0,0.36129101414979364
0,0,2.446309799191065e-16
0,1,0.9999999999995175
0,0,8.426027404349548e-21
0,0,2.8710315306055467e-23
-1,0,2.4002414124052348e-67
0,0,1.4794007944433145e-25
0,0,6.303459838358308e-24
0,1,0.9426474162674192
0,0,6.738214307963113e-25
-1,0,4.6732748913519326e-77
0,0,6.303459838358308e-24
-1,0,2.571615783524933e-31
0,0,3.0615621134862414e-15
0,0,8.814467112604074e-18
-1,0,4.1655084057230706e-67
0,1,0.9999999999990534
0,0,2.7149913493464646e-24
-1,0,7.01161844981984e-10
-1,0,8.333485246675503e-56
0,0,1.3087313512016574e-25
-1,0,2.8757101247801666e-29
0,0,2.171152866974849e-28
0,0,7.948636537937332e-13
0,1,0.7830138077940757
0,0,0.019095830652604315
-1,0,4.782398035133475e-41
0,0,1.546341707946259e-19
-1,0,8.292877262209624e-38
0,0,3.221004078595682e-33
0,0,3.997489151239407e-39
-1,0,2.0598480243352582e-41
0,0,1.1040309638102035e-19
0,0,8.355785185195329e-28
0,0,1.5992050868761934e-57
-1,0,7.721352205665174e-65
0,0,1.3772030849870796e-06
-1,0,3.2288806423665335e-42
0,0,1.7277898623990393e-14
0,0,9.407078036537881e-13
-1,0,5.636895273781009e-26
0,0,1.8270920732037005e-13
0,0,1.2325743713861154e-11
-1,0,1.1019813144883682e-50
0,0,5.87995684636237e-20
0,0,1.1586939439993103e-28
-1,0,2.878052280156661e-32
0,0,1.0562376197690798e-25
0,0,1.3066021300318718e-19
0,0,4.259305924756147e-28
0,0,2.4403416510443696e-07
0,0,0.005950932719774229
0,0,2.2828843849974286e-06
0,0,3.6233074160352e-15
0,1,0.9949359965058743
0,0,4.998795169979502e-35
-1,0,4.782398035133475e-41
-1,0,9.728669265907097e-51
0,0,4.5077717604709036e-30
0,0,1.4658741100787493e-29
0,0,3.1974792610175238e-06
-1,0,1.8266719275116836e-50
0,0,4.7474846528992134e-14
-1,0,1.1001884622415168e-44
0,0,5.675033411349332e-13
0,0,0.013708596884251325
-1,0,3.406126605922099e-32
0,1,0.9998805588889413
0,0,3.403354704314215e-29
0,0,2.7216305220946017e-33
-1,0,1.9399824734434674e-27
0,1,0.9965410596904526
0,0,3.560249293542406e-26
0,0,3.6233074160352e-15
0,0,8.828831049065864e-24
-1,0,2.703340247527637e-46
0,0,3.1974792610175238e-06
0,0,1.5488616054916917e-25
0,0,6.298330090558916e-21
-1,0,8.776640747583717e-40
-1,0,5.049031576840578e-34
-1,1,0.9999999999998517
-1,0,7.03003388765574e-50
-1,0,7.071837989997228e-34
0,1,0.9999999999988798
-1,0,1.0858890156240374e-79
-1,0,1.5459861217023996e-56
0,0,4.909782597060593e-52
0,0,3.769456708548775e-37
0,0,1.7217764121660338e-39
0,0,3.1974792610175238e-06
-1,0,8.857629181963854e-36
0,0,6.0354956336813394e-33
0,1,0.8102720095593279
0,0,8.910301081238252e-20
0,1,0.9998805588889413
0,0,2.4443189953096283e-13
0,1,0.9920058436002769
0,0,1.7437334332081842e-10
-1,0,1.0287810390252492e-49
-1,0,9.913113781324748e-37
-1,0,1.1010845234612298e-47
-1,0,6.904851442132686e-67
-1,0,5.3076553504435754e-49
-1,0,3.0304034428440423e-53
-1,0,3.997489151239407e-39
-1,0,7.007177675681285e-38
-1,0,1.2757494748331225e-52
0,0,3.1974792610175238e-06
0,0,1.1674835386223097e-18
-1,0,4.790191366327986e-47
0,0,3.3922896372336254e-17
0,0,7.043109521517002e-19
0,0,4.259305924756147e-28
0,0,1.4575439623199484e-08
-1,0,1.3052386059929366e-53
0,0,1.8330517342337162e-25
0,0,2.1911876703299694e-24
-1,0,2.723847185556303e-36
0,1,0.9998805588889413
0,0,7.001475243178576e-35
0,0,8.80729391019878e-15
0,0,1.107632123492892e-31
0,0,0.32339194064008353
0,0,0.28767782301535344
-1,0,1.0312967947530898e-58
0,0,3.3345974870397084e-37
0,0,0.004255991032263699
-1,0,7.848547625967482e-42
-1,0,5.019184989141213e-50
0,1,0.9999999834216713
0,0,4.21692706019074e-29
0,0,5.931817588197557e-07
-1,0,1.9253769916930236e-37
0,0,4.210066392904215e-23
0,0,8.355785185195329e-28
0,0,1.5488616054916917e-25
0,0,7.901649373393629e-29
0,0,1.6476198034942192e-08
0,0,2.7941242186121054e-44
0,0,1.7291970808390885e-17
0,0,2.706164305432791e-12
0,0,2.072096912319756e-25
0,0,6.676604432892822e-29
0,0,1.5413139677510024e-07
-1,0,1.3907256073484559e-42
0,0,1.4721916509867572e-07
-1,0,5.320634559665491e-58
0,0,2.5176115046528877e-36
0,0,1.0365851432373075e-39
0,0,3.828433630684503e-11
0,1,0.9583694221825518
-1,0,4.24102755822704e-50
0,0,7.472195782471048e-30
0,0,2.5890148359765907e-18
0,0,3.4116771837985895e-38
0,0,6.351276483114235e-14
-1,0,3.815109038755092e-36
0,0,4.4967754569005835e-21
0,0,1.651648879455752e-17
0,0,0.00047812109245736937
0,0,2.3152373247239523e-20
0,0,2.174690948339473e-34
0,0,2.200125408090372e-39
-1,0,4.6542902892434e-62
-1,0,2.056496784972049e-35
-1,0,1.9003523468651696e-72
0,0,9.888931632303258e-28
0,0,4.7552210897181836e-20
-1,0,5.655281859538912e-38
0,0,5.641486308342603e-29
0,0,7.948636537937332e-13
0,0,3.1662249556582915e-53
-1,0,1.449179469484787e-70
0,1,0.9999999999998745
-1,0,4.518794954130151e-39
-1,0,5.316304633859226e-55
0,1,0.932831014183391
-1,0,1.107632123492892e-31
-1,0,2.8169648743423086e-74
-1,0,2.4562881665221746e-31
0,0,3.50825876075382e-55
0,0,0.00010501250477314298
-1,0,4.273199050289117e-40
0,0,2.712781892753289e-21
0,0,1.4682628787143743e-35
-1,0,2.0531509978583253e-29
0,0,7.466114918809766e-27
0,0,7.47828159876224e-33
-1,0,3.812004307750557e-33
-1,0,3.516837770025243e-64
0,0,6.563056444095018e-49
0,0,6.557715436899808e-46
0,0,3.3454743722195688e-49
-1,0,2.5737102657474815e-34
0,0,3.033569168959572e-19
0,0,9.321065797084003e-17
0,0,9.351469515320518e-29
0,1,0.9999998942394027
0,0,2.27309281429442e-28
0,0,6.293204517341921e-18
-1,0,2.2860839493378172e-49
0,0,7.054586877591848e-25
-1,0,1.6418854065245565e-33
0,0,4.527199560482874e-08
0,0,1.1124058959823904e-09
-1,0,4.010528275353957e-51
0,0,0.009389440805964612
-1,0,1.8375342336430842e-34
0,0,1.1085342472886326e-34
0,0,2.547056648815807e-41
-1,0,3.027937304280285e-50
-1,0,4.172296461915974e-73
0,0,4.5233109232109345e-05
0,0,7.466114918809766e-27
0,0,5.07905564729837e-18
0,0,3.038512632272637e-25
0,0,1.4670680082045027e-32
0,0,1.2355884783076348e-20
0,0,1.1646355662313986e-09
0,0,3.0261690490368774e-10
0,0,3.0872987876274755e-08
-1,0,8.355785185195329e-28
0,0,1.307666307251037e-22
0,0,4.743621155551387e-11
-1,0,1.6070359630934703e-75
0,0,4.295111428796829e-21
0,0,7.167854559611443e-08
0,0,3.601888781410235e-31
0,0,1.6325550601677712e-12
0,0,5.627724410151942e-20
0,0,1.9368262475704676e-21
0,0,3.728914644629593e-35
0,0,5.996313904164297e-09
0,0,4.284633890950767e-12
0,0,4.068291541684264e-28
0,0,1.2365948176367158e-23
-1,0,7.02431285479607e-47
-1,0,3.027937304280285e-50
-1,0,1.3735294938884394e-34
0,1,0.9999999999963571
0,0,2.3152373247239523e-20
-1,0,4.742530344851236e-48
-1,0,1.027943818291505e-46
0,0,2.8482468649917348e-39
0,0,2.2828843849974286e-06
0,0,2.547056648815807e-41
-1,0,5.526241547346084e-74
0,1,0.9998805588889413
0,1,0.9998327148965553
0,0,6.638662835269593e-08
0,0,9.6970391869454e-39
0,0,3.033569168959572e-19
0,0,2.388545349701074e-49
-1,0,3.22362746262712e-36
0,0,1.1722456417726087e-33
-1,0,1.7231787328819e-42
-1,0,6.387575172711269e-35
0,0,1.9384037181123954e-24
0,0,3.018092803104663e-38
-1,0,1.0287810390252492e-49
0,0,4.5456659720714137e-23
0,0,5.330530766501031e-27
-1,1,0.999999999998431
0,0,1.9399824734434674e-27
-1,0,7.508785110959402e-48
0,1,0.8102720095593279
-1,0,1.612648672571051e-50
0,0,2.2959367219899193e-27
0,1,0.6852339549895139
0,0,6.303459838358308e-24
0,0,1.716178532087827e-27
-1,0,4.0508328934303704e-50
-1,0,3.939113578729219e-68
0,0,7.585990588437658e-10
0,0,6.654897299097055e-17
0,0,5.975444194183082e-34
-1,0,2.0281161181409192e-67
0,0,1.1133119090695486e-12
-1,0,9.303761104719428e-48
0,0,3.5989575687867074e-28
0,1,0.9998805588889413
0,0,3.1974792610175238e-06
0,0,7.045952460207016e-28
-1,0,4.774617383184142e-35
0,0,5.650679598174863e-35
0,1,0.9987383846518546
0,0,1.446570620483001e-18
-1,0,7.083362161595988e-40
-1,0,1.3063016726741846e-56
0,1,0.8102720095593279
-1,1,0.999999999999754
0,0,1.1674835386223097e-18
0,0,3.038512632272637e-25
-1,0,5.659887869267966e-41
0,1,0.9996718776349772
-1,0,3.045942935970625e-34
0,0,1.7320149570284774e-23
0,0,3.8253179099594795e-08
-1,1,0.9999999999963571
0,0,5.074922318111189e-15
0,0,0.016183188969714886
0,0,1.307666307251037e-22
0,1,0.9996116960617358
0,0,1.0562376197690798e-25
0,0,9.343859301025919e-26
0,0,1.3108640421215083e-31
0,0,5.07905564729837e-18
0,0,1.706722239303065e-52
0,0,1.5488616054916917e-25
0,0,2.4239423240377386e-20
0,0,1.4721916509867572e-07
0,0,4.0782400412777396e-37
0,0,1.73342561664568e-26
0,1,0.9998020269621885
0,0,5.002866496530352e-38
-1,0,9.374337367763819e-38
0,0,7.025928484688983e-10
0,0,3.831551742887748e-14
-1,0,5.2990201388518615e-43
0,0,1.7465749979454618e-16
0,0,1.3044763729668953e-13
-1,0,1.0218672836420765e-62
0,0,4.466555609972427e-34
0,0,1.3862040474544595e-30
0,0,8.34219086372491e-22
0,0,3.369492307334469e-30
-1,0,2.2842235370548705e-46
0,0,5.330530766501031e-27
0,0,1.254116923417497e-37
-1,0,2.819259183969996e-77
0,0,8.836021792643092e-27
0,0,1.2335782558561198e-14
0,0,4.9430012316171056e-39
-1,0,1.7970684499452165e-73
0,0,2.169385985464201e-25
0,0,2.819907630789591e-40
0,0,5.650679598174863e-35
0,0,3.200093706981806e-09
-1,0,1.8077547189728273e-57
-1,0,4.7348145550526137e-42
0,0,8.903049889268079e-17
-1,0,2.1782347953136495e-40
0,0,2.822204337179308e-43
-1,0,1.792684663173798e-64
0,0,5.646081082125484e-32
0,0,5.049031576840578e-34
0,0,9.170006398807125e-40
-1,0,4.708725315572613e-67
0,0,0.00010501250477314298
0,0,1.0545191895517009e-19
0,1,0.9998805588889413
0,0,1.3828225274205938e-21
0,0,2.7311359730652917e-08
-1,0,7.319553132998328e-75
0,0,3.0131825615314977e-32
-1,0,3.6048223813937913e-34
0,1,0.9994562134587772
0,1,0.9984372666531418
0,0,4.5077717604709036e-30
0,0,1.4658741100787493e-29
-1,0,4.518794954130151e-39
-1,0,3.417236806821761e-44
-1,0,7.071837989997228e-34
0,0,2.184063629293661e-12
0,0,7.054586877591848e-25
-1,0,5.044922681204763e-31
0,0,1.1763397953180034e-08
0,0,0.4420512703997204
0,0,1.3816971881626484e-18
0,0,2.7017542518399355e-06
-1,0,2.8850901980751786e-41
0,0,7.108101405054281e-15
0,1,0.9998805588889413
0,0,1.1732003907957259e-36
0,0,1.716178532087827e-27
0,0,7.497730858515047e-05
0,0,3.2157637135155272e-27
-1,0,2.703340247527637e-46
0,0,5.996313904164297e-09
0,0,0.0030423243084556875
-1,0,6.916103494710097e-73
0,0,7.403874855350336e-34
0,0,8.220369352962781e-51
0,0,1.1160343744991431e-21
0,0,4.051764609718294e-13
-1,0,4.9591244539996964e-51
0,0,6.245825077069608e-28
-1,0,4.24102755822704e-50
0,0,7.102316840895373e-12
0,0,1.658385867234926e-32
-1,0,6.64254238679573e-48
-1,0,2.0063028915529295e-65
0,0,5.04081712938305e-28
-1,0,7.047224958786225e-59
-1,0,5.9705813851081395e-31
0,0,5.679655507961418e-16
-1,0,3.3454743722195688e-49
-1,0,7.018596477705747e-44
0,0,6.687484537229184e-35
0,0,3.1974792610175238e-06
0,0,1.3087313512016574e-25
-1,0,2.1268003719822935e-73
0,0,3.587256553059977e-16
0,0,0.36129101414979364
-1,0,4.9378428893422574e-73
-1,0,2.6984547399401973e-09
-1,0,4.237576215259549e-47
0,0,1.556801531688063e-06
0,0,2.07547357343961e-31
0,0,9.343859301025919e-26
0,0,1.2439480750043335e-07
-1,0,3.795645489394089e-55
0,0,6.5523787762095386e-43
-1,0,1.5384527333833168e-38
0,0,1.2967651578805727e-29
0,1,0.9997227345096907
-1,0,4.4847744523266806e-49
-1,0,3.221004078595682e-33
0,0,1.4436243229111793e-18
-1,0,4.473026400316776e-09
0,0,7.403874855350336e-34
0,1,0.8102720095593279
-1,0,4.0170637780213877e-57
0,0,3.5377506487404794e-48
0,0,2.0653600619689428e-13
-1,0,2.562665456943411e-56
-1,0,1.9447264586398566e-36
0,0,4.004924190353743e-08
-1,0,6.31887416326509e-33
0,0,8.355785185195329e-28
0,0,5.960867635781796e-25
0,0,3.5960287415803777e-25
0,0,5.665797289315339e-07
-1,0,5.269822077596438e-68
0,0,2.5653425582321527e-22
0,0,3.3978176665729514e-23
0,1,0.99999999843227
0,0,5.618568466924002e-14
0,0,3.831551742887748e-14
0,1,0.9974122333506381
-1,0,2.398288098920413e-64
0,0,1.8330517342337162e-25
-1,0,3.5197020992287336e-67
0,0,3.4005850584763966e-26
0,0,5.334872278945704e-30
-1,0,1.0983985268491706e-38
0,0,7.961589528604494e-19
-1,0,1.3907256073484559e-42
0,0,0.28767782301535344
0,0,1.1114993872479387e-06
0,0,1.4745909316894802e-13
-1,0,9.389613661225664e-44
-1,0,5.512760778379617e-65
0,0,9.35908592784218e-32
0,0,7.037377847722706e-16
0,1,0.9999984335483707
0,0,1.8170246371734424e-38
-1,0,1.724582195734095e-45
0,0,1.3165137215334465e-09
0,0,7.955110396919457e-16
0,0,1.3673881852966388e-25
0,0,1.3839487832241056e-24
-1,0,1.040393365866825e-45
-1,0,4.0072645124170206e-48
0,0,7.391829230351759e-28
0,0,0.019095830652604315
0,0,4.5077717604709036e-30
0,0,6.547046458487305e-40
0,0,6.710841139986072e-10
0,0,3.0665511937233366e-21
-1,0,3.325698105676852e-65
0,0,7.863145668081364e-11
0,1,0.9844369487419924
0,0,7.51662920088619e-14
0,0,1.7437334332081842e-10
-1,0,2.163596323208721e-53
0,1,0.7830138077940757
-1,0,3.4089007651373125e-35
0,0,2.7172026054571218e-27
0,1,0.9999999999105633
0,0,2.569523005789419e-28
0,1,0.9998805588889413
0,0,1.4745909316894802e-13
-1,0,4.269721526201282e-37
0,0,2.868695088706371e-20
0,0,8.200316501649854e-42
-1,0,7.066082937010914e-31
-1,0,9.138090841067079e-65
0,0,4.0649807710728515e-25
0,0,4.7707318054788186e-32
-1,0,4.237576215259549e-47
-1,0,2.836023911044938e-61
0,0,7.510512176800537e-11
0,0,1.2376019765904868e-26
-1,0,3.018092803104663e-38
0,0,5.04081712938305e-28
0,1,0.9999999990542314
-1,0,1.8018773041957244e-45
-1,0,1.9348050438029856e-55
-1,0,9.686919697825784e-73
0,0,3.237520945634686e-14
0,0,1.3066021300318718e-19
-1,0,1.523760387751867e-48
0,0,5.665797289315339e-07
-1,0,8.18509249642965e-73
0,0,8.308294840798664e-07
-1,0,2.1164367517308882e-55
0,0,2.2922013816020515e-21
0,0,2.2568900778747428e-47
-1,0,2.889791702064277e-47
0,0,2.5890148359765907e-18
0,0,2.6038115223028617e-39
0,0,1.0579588503171431e-31
0,0,9.258425092807076e-30
0,0,1.1655841184965904e-12
0,0,2.0531509978583253e-29
0,0,4.7590940345417013e-23
-1,0,1.1634201948614617e-43
0,0,1.0185449646294196e-50
0,0,2.303425673865598e-39
0,0,8.412318803336641e-15
0,0,5.618568466924002e-14
0,0,5.960867635781796e-25
0,0,1.7437334332081842e-10
-1,0,3.577682874606581e-44
-1,0,1.3907256073484559e-42
0,0,2.7017542518399355e-06
-1,0,1.4694587224003547e-38
-1,0,9.19991738719047e-52
-1,0,3.5805967598093853e-47
-1,0,1.840528654592329e-40
-1,0,2.9837201552212274e-79
-1,0,6.945911146957984e-51
-1,0,3.20979360205068e-58
0,0,1.4575439623199484e-08
0,1,0.9868179853383506
-1,0,9.671159706692833e-67
0,0,5.044922681204763e-31
-1,0,8.676684781449813e-81
0,0,7.096536933947511e-09
-1,0,7.369075806525181e-62
0,0,5.0707923525965856e-12
0,0,2.822204337179308e-43
-1,0,9.937355064775681e-46
0,0,1.9222445279931327e-31
0,0,5.375341433842298e-20
0,1,0.8762257613638691
0,1,0.9998020269621885
-1,0,3.1967542119438007e-43
0,0,5.326192787173765e-24
-1,0,1.6418854065245565e-33
0,1,0.9298983773615515
0,0,7.541147156374752e-26
-1,0,3.731093528012813e-75
0,0,1.747997516156416e-19
-1,0,2.5737102657474815e-34
-1,0,2.5108924973392614e-64
-1,0,9.822474678186808e-41
0,0,1.550123093743037e-28
0,0,9.343859301025919e-26
-1,0,6.286637150395122e-52
-1,0,2.582105267289779e-46
0,0,2.4298697726923084e-29
0,0,4.791293137283377e-10
0,0,7.060332567479584e-28
0,0,8.391727286934673e-06
0,0,9.880884032004308e-25
0,1,0.5259972233894379
-1,0,1.9003523468651696e-72
0,0,6.682042270606088e-32
-1,0,3.7833049972611235e-43
0,0,1.7291970808390885e-17
0,0,9.947736172354694e-12
0,0,0.050775428127897294
-1,0,2.880396343128654e-35
0,0,2.0514801461224273e-26
0,0,2.0878153787648222e-15
-1,0,6.211410038361965e-53
0,0,1.476993905139974e-19
0,0,3.038512632272637e-25
-1,0,8.857629181963854e-36
0,0,8.328618659335301e-16
0,0,3.22951900332327e-05
0,0,1.0983985268491706e-38
0,0,1.1636864344394692e-06
0,0,2.5481025914668344e-35
0,0,5.67041507298469e-10
-1,0,7.484372371716805e-36
0,0,4.7629701337298295e-26
0,0,8.836021792643092e-27
0,0,1.9531080177129333e-14
0,0,4.2489157312335314e-19
-1,0,5.617276459053861e-51
-1,0,1.2342990616185995e-54
0,0,8.335401999145291e-19
0,0,4.670545793051519e-37
0,0,4.530886995451162e-11
0,0,3.1974792610175238e-06
0,0,1.245975350965675e-13
0,0,1.5372007424567592e-35
0,0,2.18000888383984e-43
-1,0,9.945448658560443e-49
0,0,4.7590940345417013e-23
0,0,3.1889560177090607e-34
-1,0,4.0508328934303704e-50
0,0,2.569523005789419e-28
0,0,3.6077583706817892e-37
0,0,1.3828225274205938e-21
-1,0,1.431260582790288e-62
0,0,0.007035147419316433
0,1,0.9999999999978024
-1,0,7.307644693982249e-69
-1,0,1.1454977364801492e-69
0,1,0.999999999999754
0,0,1.3044763729668953e-13
0,0,6.303459838358308e-24
-1,0,7.786261116291391e-58
0,0,1.5631540757098234e-21
-1,0,1.6281980935101489e-40
-1,0,8.620356813563158e-57
0,0,0.06969986277076516
-1,0,1.0218672836420765e-62
0,0,2.5890148359765907e-18
-1,0,7.02431285479607e-47
0,0,2.0636792740863612e-10
0,0,5.936652343639153e-10
0,0,5.954647083918528e-59
0,0,1.2345829579362693e-17
-1,0,1.845029437877986e-49
0,0,8.34219086372491e-22
0,0,4.273199050289117e-40
0,0,0.48391075050036786
0,0,1.1722456417726087e-33
0,1,0.8348283043583623
0,0,2.2996781494379604e-33
0,0,1.1133119090695486e-12
-1,1,0.999999999999936
0,0,2.0619994296936182e-07
-1,0,1.168165723849064e-58
0,0,3.1974792610175238e-06
-1,0,9.31133866057407e-51
0,0,4.681967030307286e-46
0,1,0.9970757539106673
0,0,7.066082937010914e-31
0,0,0.001253852922068785
0,0,1.452471104970429e-33
0,0,2.0498106541235996e-23
0,0,1.222299213848998e-18
0,0,1.9238101222848876e-34
-1,0,2.6616953600736057e-72
-1,0,3.5225687613182766e-70
0,0,3.0107304372996394e-29
0,1,0.8102720095593279
0,0,8.235658971986274e-20
0,0,4.493115986610375e-18
0,0,1.7259868016528447e-48
0,0,0.06969986277076516
0,0,3.0286337483402524e-13
0,0,3.5901782356558933e-19
0,1,0.9998805588889413
0,0,9.19991738719047e-52
-1,0,5.626430296842883e-57
0,0,2.1513012489082283e-32
-1,0,1.611336301081195e-47
0,0,4.685780312514668e-49
-1,0,2.696745692258406e-37
-1,0,5.965722533381234e-28
0,0,6.626338502383475e-39
0,0,1.7423140818405575e-07
0,0,3.834672394527096e-17
0,0,2.4622947129005704e-40
0,0,1.5593409020027315e-12
-1,0,1.555179329456845e-40
-1,0,1.464681183545831e-26
0,0,1.1133119090695486e-12
0,0,1.1605821359884172e-34
0,0,3.3978176665729514e-23
0,0,0.0009375332382105298
0,0,3.326463036539478e-28
-1,0,8.383040323604081e-40
0,0,6.298330090558916e-21
0,0,3.0872987876274755e-08
0,0,3.0509065634071557e-40
0,1,0.9982338331721774
-1,1,0.9999999999997922
0,0,1.7362503835998994e-32
0,0,1.0448773478770192e-23
0,0,5.020339432320708e-13
0,0,1.3757677789857195e-40
0,0,3.0261690490368774e-10
0,0,4.262774965736868e-31
0,0,9.896985787063434e-31
0,0,5.062516872584793e-06
0,0,2.3152373247239523e-20
0,0,1.102234776916496e-13
0,0,1.2864739575969873e-45
0,0,3.1974792610175238e-06
0,1,0.9932368483549753
0,1,0.9999999999978024
0,0,0.009389440805964612
0,0,2.0514801461224273e-26
0,0,0.00010501250477314298
0,0,2.5418867244902062e-26
0,0,5.54102945937865e-46
0,0,3.7740759651673057e-34
-1,0,1.3162109867062686e-46
-1,0,1.290670215039785e-57
-1,0,1.527486553746288e-57
-1,0,2.8383337435254568e-64
-1,0,1.7941447359349422e-67
0,1,0.9993565019537491
-1,0,9.870572688869395e-59
0,0,7.020205869401002e-07
0,0,5.655281859538912e-38
0,0,6.671171020485046e-26
0,0,3.21314672899341e-24
0,0,2.8640279075411466e-14
-1,0,2.3015511489087364e-36
0,0,5.049031576840578e-34
0,0,4.2523763098009485e-22
0,0,4.7552210897181836e-20
0,0,1.371294850336106e-28
0,0,3.796518511023201e-18
0,0,5.360995710389467e-48
-1,0,4.790191366327986e-47
0,0,5.650679598174863e-35
-1,0,4.004003405526258e-45
0,0,1.3816971881626484e-18
-1,0,8.714080347150865e-59
-1,0,1.1551272687459386e-62
-1,0,2.5088491361387415e-61
0,0,5.334872278945704e-30
-1,0,7.283885907207093e-57
-1,0,6.2815210928784205e-49
-1,0,3.577682874606581e-44
-1,0,6.534891772818478e-71
0,0,1.9289544092606153e-06
-1,0,5.049031576840578e-34
0,1,0.9998805588889413
0,0,1.9499303994070067e-08
-1,0,8.676684781449813e-81
-1,0,3.226252983303984e-39
0,0,1.4622982420963354e-20
-1,0,2.8517372308984816e-36
0,0,1.2315712887387261e-08
-1,0,2.7216305220946017e-33
0,0,9.207410366328138e-55
-1,0,3.137275041772054e-57
-1,0,2.833715958303067e-58
0,0,4.7232644010158026e-33
-1,0,4.0409512511078485e-41
0,0,1.7433324564068704e-47
-1,0,1.1722456417726087e-33
0,0,6.62094599632771e-36
-1,0,1.4536540868636091e-36
-1,0,8.641436821073962e-66
-1,0,7.496568803767698e-42
0,0,0.16432136011213958
0,0,1.452471104970429e-33
-1,0,6.584464008770664e-61
0,1,0.7203891326027229
-1,0,4.929809338680042e-67
-1,0,1.1770271692879572e-48
0,0,1.63122648622615e-09
0,1,0.9987383846518546
0,0,3.0261690490368774e-10
0,1,0.9999999999999105
0,0,8.881330911438713e-08
-1,0,1.734837425190889e-29
0,0,8.80729391019878e-15
0,0,1.547601143837888e-22
-1,0,2.03769350798888e-39
0,0,5.960867635781796e-25
0,0,0.002173999232648371
0,0,2.4199987268235048e-14
0,1,0.9996718776349772
0,1,0.9905529069064183
-1,0,3.1837677927488537e-28
0,0,1.476993905139974e-19
0,0,1.9054375830235159e-44
0,0,9.235839997928106e-21
-1,0,1.459583464432995e-51
-1,0,3.543515719377938e-54
0,1,0.5677175264057858
0,1,0.9999999956923156
0,0,3.0665511937233366e-21
0,1,0.6084988841351642
0,0,1.0440270279870707e-20
0,0,3.949654425449154e-40
0,0,1.0431774000864238e-17
0,0,1.2469901500034734e-16
-1,0,1.655687780807197e-26
0,0,1.8270920732037005e-13
-1,0,3.16880372419934e-56
0,0,7.908084963129628e-32
0,0,2.4298697726923084e-29
-1,0,2.5501779230981544e-38
0,0,2.1513012489082283e-32
-1,0,1.9399824734434674e-27
-1,0,1.166265193853535e-52
-1,0,6.164646401472742e-63
0,0,0.005950932719774229
0,1,0.9998805588889413
-1,0,5.975444194183082e-34
0,0,2.3015511489087364e-36
0,1,0.9844369487419924
0,0,1.4483331778971506e-30
0,0,3.22362746262712e-36
0,0,3.1974792610175238e-06
0,0,6.293204517341921e-18
0,0,2.3807796547278608e-37
-1,0,1.7390797537561401e-38
0,0,9.896985787063434e-31
-1,0,3.812004307750557e-33
0,0,2.55492051814063e-07
0,0,2.723847185556303e-36
0,1,0.9999999939665167
0,1,0.9862075999374038
0,0,8.348985257573758e-25
0,0,2.559084635907331e-13
0,0,2.712781892753289e-21
0,0,1.2165542693634671e-46
0,1,0.9685511617238334
-1,0,3.7833049972611235e-43
-1,0,6.64795248228144e-51
0,1,0.9998805588889413
-1,0,3.812004307750557e-33
0,0,7.460039003747736e-24
-1,0,2.3841109809952438e-80
-1,0,4.6732748913519326e-77
0,0,7.460039003747736e-24
0,0,7.043109521517002e-19
0,1,0.9999999999999545
-1,0,1.4254462634297913e-47
0,0,8.47541439591739e-05
0,0,9.832726107234487e-07
0,0,4.32046564017068e-05
-1,0,1.1672150720316645e-55
0,0,2.7194156625508767e-30
-1,0,1.4560229419145803e-42
0,0,2.4170367845524246e-17
-1,0,2.2568900778747428e-47
-1,0,3.718962908739107e-63
-1,0,4.7463929535507257e-51
-1,0,8.843218392804481e-30
0,0,2.575806453845305e-37
0,0,1.3910261329202112e-05
-1,0,3.715936421335945e-60
0,0,4.255839706876642e-25
0,1,0.9965410596904526
0,0,4.2454579688806283e-16
-1,0,3.802705266271382e-24
-1,0,1.845029437877986e-49
0,0,1.2106261594059158e-28
0,0,1.534699816380481e-29
-1,0,5.015100382621455e-47
0,0,3.245437899344038e-23
0,1,0.999999999999936
-1,0,2.655202393759833e-63
0,0,4.711742422540337e-24
0,0,9.351469515320518e-29
-1,0,3.786386353780247e-46
0,0,2.8757101247801666e-29
-1,0,1.0378554198723372e-36
0,0,2.5653425582321527e-22
0,0,6.001197707336102e-12
0,0,4.225503836479554e-44
0,0,1.2376019765904868e-26
-1,0,1.2978213232639872e-32
0,0,1.5488616054916917e-25
0,0,5.481433398755185e-44
0,0,1.2396187560429067e-32
0,1,0.9998805588889413
0,0,1.3816971881626484e-18
0,0,8.398632434792965e-09
0,0,3.617412516388001e-09
0,0,0.0025718657341346736
0,0,6.710841139986072e-10
0,0,1.9399824734434674e-27
0,0,3.389528996133585e-14
-1,0,1.2322909369645647e-48
0,0,3.6077583706817892e-37
0,0,6.308593764140137e-27
0,0,4.751351296692429e-17
-1,0,1.1001884622415168e-44
0,0,4.2523763098009485e-22
0,0,0.0030423243084556875
0,0,7.048845863539417e-22
0,0,1.9399824734434674e-27
-1,0,6.534891772818478e-71
0,1,0.9999998246885874
0,0,1.3989955583255726e-26
0,0,6.654897299097055e-17
0,0,2.5674319311537952e-25
-1,0,7.03003388765574e-50
0,0,2.899884544817521e-22
-1,0,2.97159916057259e-64
0,0,4.715579955660356e-27
0,0,9.43008187269341e-22
0,0,5.8404415542281064e-33
-1,0,2.584208292793756e-49
-1,0,9.29618971547008e-45
-1,0,3.3338306856341035e-74
-1,0,1.6308513831150705e-46
0,0,2.7378147002507577e-17
0,0,1.1732003907957259e-36
0,0,5.326192787173765e-24
0,1,0.9999999999997922
0,0,7.379803202805118e-22
-1,0,4.266246832118238e-34
-1,0,1.6445610007897324e-39
0,0,8.321840839792042e-13
-1,0,1.727392551569133e-51
0,0,1.452471104970429e-33
0,0,8.888565202768787e-11
0,0,1.1684344090954047e-21
-1,0,7.9468087234341575e-50
0,0,9.770598770075834e-29
-1,0,9.351469515320518e-29
0,0,1.244961377615366e-10
0,0,1.0457283603198083e-26
0,0,5.585355147906401e-30
0,0,6.671171020485046e-26
0,0,1.8330517342337162e-25
0,0,9.288624487808047e-42
0,0,4.277644770729762e-06
0,0,4.027813215096964e-29
-1,0,4.7629701337298295e-26
-1,0,1.5434709023829302e-50
-1,0,5.027364185155403e-56
0,0,1.3055388188387987e-16
-1,0,9.35908592784218e-32
0,1,0.9999999999995923
0,0,3.426381140608205e-16
-1,0,6.687484537229184e-35
-1,0,1.3130002084456176e-37
-1,0,1.2396187560429067e-32
-1,0,1.734837425190889e-29
0,0,2.2884721183711958e-15
0,0,5.330530766501031e-27
0,0,2.3328001997309324e-10
0,0,8.814467112604074e-18
0,1,0.9999999993247561
0,0,1.385075956319704e-27
0,0,2.169385985464201e-25
0,0,1.1094371058295188e-37
0,0,4.021260223791537e-23
0,0,2.3095895115574323e-11
0,0,1.2376019765904868e-26
-1,0,2.174690948339473e-34
0,0,3.045942935970625e-34
0,0,5.37096698764952e-17
0,0,1.7362503835998994e-32
0,0,3.203992834781802e-21
0,1,0.9992385207630202
0,0,3.840921324828111e-23
0,0,5.37971944285338e-23
0,0,2.868695088706371e-20
0,0,5.951169690096528e-19
-1,0,1.700782113439902e-77
0,0,3.6048223813937913e-34
-1,0,3.191553299826542e-37
0,0,5.632307975397648e-23
0,1,0.9999999999995923
0,0,8.335401999145291e-19
-1,0,1.8107006116274944e-63
0,0,4.466555609972427e-34
0,0,1.63122648622615e-09
-1,0,2.4233849307125674e-57
0,0,1.546341707946259e-19
-1,0,2.5647526494689405e-59
0,0,1.1013377795007746e-10
-1,0,1.0465800658795336e-29
0,0,1.3119316905042843e-34
0,0,4.0179877272082143e-20
0,0,8.924821187439942e-26
0,0,3.191553299826542e-37
0,0,0.1707194378022448
-1,0,1.6335089964848213e-52
0,0,1.7465749979454618e-16
0,1,0.9999999996557989
0,0,3.3922896372336254e-17
-1,0,9.288624487808047e-42
0,0,1.830069477749748e-19
0,0,3.4089007651373125e-35
0,0,4.774617383184142e-35
0,1,0.9979104483238305
0,0,3.232253604206725e-08
0,0,1.4745909316894802e-13
0,0,2.43382945562937e-35
0,1,0.9511043990132185
0,0,0.28767782301535344
0,0,9.8567805045561e-16
0,0,2.0481425207552906e-20
0,0,7.920971871492176e-38
0,0,4.742530344851236e-48
0,0,0.4420512703997204
-1,0,2.271637266950515e-71
0,0,1.464681183545831e-26
0,0,1.309797262589662e-28
-1,0,4.280162597700753e-46
-1,0,9.167897726374013e-77
0,0,6.34094296543774e-08
-1,0,2.4194422403412758e-51
0,0,5.326192787173765e-24
0,0,3.403354704314215e-29
-1,0,2.4397810820312565e-44
-1,0,7.0357595800768015e-53
0,0,3.3373133885366218e-40
-1,0,8.843218392804481e-30
0,0,1.4634892278150458e-23
-1,0,4.000744952520354e-42
-1,0,5.221638231698469e-72
0,0,4.721325600079836e-39
0,0,7.901649373393629e-29
0,1,0.9992385207630202
0,0,1.3816971881626484e-18
0,0,3.0409873840345674e-28
0,0,1.2315712887387261e-08
0,0,1.1013377795007746e-10
0,0,0.0006695437149103229
-1,0,9.83848125015226e-47
0,0,2.165856534930686e-19
0,0,4.2523763098009485e-22
0,1,0.9992385207630202
0,0,1.1801768278923002e-20
0,0,1.1712916697230626e-30
0,0,3.0590706180256284e-12
0,0,2.169385985464201e-25
0,0,1.218536749756691e-52
0,0,2.7105742342131294e-18
0,0,1.8375342336430842e-34
-1,0,5.9449592586685375e-53
0,0,7.908084963129628e-32
-1,0,1.1712916697230626e-30
0,0,7.066082937010914e-31
0,0,2.712781892753289e-21
0,1,0.9999999999992002
-1,0,1.5384527333833168e-38
-1,0,4.704893360750197e-64
-1,0,8.206995344283468e-45
0,0,2.0464757449118478e-17
0,0,1.461108225600357e-17
0,0,1.3119316905042843e-34
-1,0,9.744522973840665e-57
0,0,4.7629701337298295e-26
0,0,5.675033411349332e-13
0,0,5.028520509602316e-19
0,1,0.9645951737985522
0,0,5.375341433842298e-20
-1,0,6.22153206820102e-59
-1,0,2.5647526494689405e-59
0,0,9.298327031254646e-08
-1,0,4.766849389851813e-29
0,0,3.5960287415803777e-25
-1,0,5.343565914700151e-36
0,0,4.004924190353743e-08
0,0,7.025928484688983e-10
0,0,3.1974792610175238e-06
0,0,0.04324379515738642
0,0,1.444800099440385e-21
0,0,2.1676205418395502e-22
0,0,1.5488616054916917e-25
0,0,9.399422559271673e-10
0,0,1.724978830409516e-08
0,0,2.171152866974849e-28
0,0,2.392987966188177e-18
-1,0,1.3087313512016574e-25
0,0,1.846956857109651e-15
0,0,1.831559999005606e-22
0,0,3.587256553059977e-16
0,1,0.7830138077940757
0,1,0.9999999999998745
0,0,2.9022463893300573e-25
-1,0,1.640549242216866e-30
0,0,6.266197887425391e-40
0,0,4.262774965736868e-31
-1,0,4.685780312514668e-49
-1,0,6.626338502383475e-39
0,0,5.618568466924002e-14
0,0,3.828433630684503e-11
0,0,5.965722533381234e-28
0,0,3.237520945634686e-14
0,0,2.4037355196005304e-27
0,1,0.7830138077940757
-1,0,4.1689010522294265e-70
0,0,2.55492051814063e-07
-1,0,2.427892347684611e-26
0,0,1.830069477749748e-19
-1,0,1.7897680813007562e-58
0,0,3.426381140608205e-16
-1,0,3.798736896769889e-58
0,0,8.335401999145291e-19
0,0,0.0003414075220396442
0,1,0.9999999999995923
0,1,0.9987383846518546
0,0,1.3816971881626484e-18
0,0,3.0590706180256284e-12
0,0,2.7288389848735356e-05
-1,0,1.2312881001282549e-45
-1,0,1.840528654592329e-40
0,0,7.108101405054281e-15
0,0,6.541718480198528e-37
-1,0,3.7925565978018865e-52
0,0,4.0114507213352924e-14
-1,0,1.842027694445755e-43
0,0,7.484372371716805e-36
-1,0,1.7970684499452165e-73
0,0,1.1684344090954047e-21
0,0,5.679655507961418e-16
-1,0,5.9705813851081395e-31
-1,0,2.271637266950515e-71
0,0,4.7629701337298295e-26
-1,0,1.2152847161055524e-80
0,0,3.671657960431253e-26
0,0,2.789578359424242e-38
0,1,0.9999999999996556
0,1,0.9999915562555295
-1,0,1.5539137264471462e-37
-1,0,5.208900515110127e-63
-1,0,1.0858890156240374e-79
0,0,1.0457283603198083e-26
-1,0,5.603573618612056e-42
-1,0,1.1722456417726087e-33
-1,0,2.7194156625508767e-30
-1,0,2.4155059644719006e-45
0,0,3.4208066391758804e-10
0,0,7.51662920088619e-14
0,0,0.0006695437149103229
-1,0,8.396701212802101e-46
0,1,0.7830138077940757
-1,0,2.991704422793852e-51
0,1,0.9999999999995175
-1,0,1.3578865535512726e-75
0,0,5.074922318111189e-15
0,0,7.131286812927263e-27
0,0,1.2335782558561198e-14
0,1,0.9993565019537491
0,0,5.235611042364427e-44
0,0,2.6901672238133127e-28
0,0,8.308294840798664e-07
0,0,8.335401999145291e-19
0,0,6.93461059926037e-45
-1,0,1.825185384162372e-47
0,0,7.048845863539417e-22
0,0,6.860025997842282e-43
0,0,4.2916160724425385e-18
-1,0,5.006037046531996e-10
-1,0,5.3076553504435754e-49
-1,0,1.0905690789259066e-57
0,0,7.961589528604494e-19
0,0,1.309797262589662e-28
-1,0,1.734837425190889e-29
-1,0,1.444467863015636e-58
0,0,1.651648879455752e-17
-1,0,7.43407486640563e-49
0,0,0.40099927641855937
-1,0,1.9003523468651696e-72
-1,0,2.657364954063992e-66
0,0,5.941487522337556e-13
0,0,2.1782347953136495e-40
0,0,0.007035147419316433
0,0,1.464681183545831e-26
0,0,1.6325550601677712e-12
-1,0,5.360995710389467e-48
0,0,8.910301081238252e-20
0,1,0.999999999998143
0,0,2.9022463893300573e-25
0,0,2.4239423240377386e-20
0,0,1.4670680082045027e-32
0,0,1.734837425190889e-29
-1,0,2.128532569147424e-76
0,0,1.6202640969971502e-22
0,0,1.643222659086747e-36
0,0,2.7378147002507577e-17
-1,0,3.3887495630510456e-51
-1,0,4.511443167325731e-33
0,0,1.8439519744909458e-09
0,0,1.1114993872479387e-06
0,0,3.6144556193065793e-06
0,0,2.5674319311537952e-25
-1,0,6.513645378565674e-59
0,1,0.5259972233894379
-1,0,7.848547625967482e-42
-1,0,3.93270489598898e-62
0,0,1.7465749979454618e-16
0,0,1.9144356469905608e-16
-1,0,6.63713669403883e-45
0,1,0.9992385207630202
0,0,7.447902003316221e-18
0,0,2.0636792740863612e-10
-1,0,9.318922388057129e-54
0,0,3.5989575687867074e-28
0,1,0.9998805588889413
-1,0,5.545542414918757e-49
0,1,0.9998805588889413
0,0,1.4599191775382954e-14
-1,0,3.6048223813937913e-34
-1,0,4.473834248620128e-40
0,0,2.8517372308984816e-36
-1,0,1.3140695966537855e-40
0,0,6.0060854522648076e-15
0,0,1.7306054454043953e-20
-1,0,5.9851816972720075e-40
0,0,1.6641776436615778e-07
0,1,0.9998805588889413
0,0,7.974563627283664e-25
-1,0,1.6295241982819473e-43
0,0,4.0179877272082143e-20
-1,0,7.02431285479607e-47
0,0,6.346107821786357e-11
0,1,0.8102720095593279
0,0,5.899136257289304e-32
0,0,1.547601143837888e-22
0,0,6.31887416326509e-33
0,1,0.8348283043583623
0,0,4.529845103634813e-48
0,0,6.288083115310014e-15
0,0,4.787391699250803e-07
0,0,1.724978830409516e-08
-1,0,1.2396187560429067e-32
-1,0,4.7348145550526137e-42
-1,0,7.835778547163029e-36
-1,0,2.882742315249851e-38
-1,0,4.933824478922442e-70
-1,1,0.9999999999997089
-1,0,2.026465639759089e-64
-1,0,2.1817844172929523e-46
-1,0,1.0448773478770192e-23
-1,0,4.459288813198586e-28
-1,0,1.0491393469077487e-38
-1,0,2.165358489262003e-56
0,0,7.048845863539417e-22
-1,1,0.9999999999992002
0,0,9.343859301025919e-26
0,1,0.9401158554376189
0,0,1.1684344090954047e-21
0,0,2.418029334802301e-11
0,1,0.9987383846518546
0,0,1.6298963422268864e-06
0,0,2.431848808236626e-32
0,0,4.277644770729762e-06
-1,0,4.2107972696780253e-69
-1,0,2.5258235216564853e-48
0,1,0.9993565019537491
0,0,8.308294840798664e-07
0,0,5.3665961013753406e-14
-1,0,1.1094371058295188e-37
0,0,1.6325550601677712e-12
0,0,9.905046501622984e-34
-1,0,1.5196937725609585e-76
-1,0,5.980310963829127e-37
0,0,8.924821187439942e-26
0,0,3.2348862549994657e-11
0,0,9.864808473458237e-19
0,0,0.40099927641855937
0,0,7.048845863539417e-22
0,0,2.39787182310466e-18
0,0,2.5237680096068568e-45
0,0,2.0481425207552906e-20
0,0,2.55492051814063e-07
-1,0,4.7502587081965526e-54
-1,0,1.6165922037804546e-59
0,0,1.846956857109651e-15
0,0,1.4575439623199484e-08
-1,0,8.306391222901526e-44
0,0,7.102316840895373e-12
-1,0,7.428025025498408e-46
-1,0,4.681967030307286e-46
0,0,6.705375374079349e-07
0,0,1.8424479774374199e-06
-1,0,1.9463103636000908e-39
-1,0,2.2879458768551333e-52
0,0,5.020339432320708e-13
0,0,3.3867706015254e-11
0,0,7.863145668081364e-11
0,1,0.9998805588889413
-1,0,6.276409198802805e-46
0,0,2.5522549450072556e-41
0,1,0.9999994299082272
0,0,2.0619994296936182e-07
0,0,3.6233074160352e-15
0,0,4.500437907688766e-24
0,0,6.705375374079349e-07
0,1,0.9999999999999105
0,0,7.888793901484382e-23
0,1,0.9999915562555295
-1,0,3.0484237394293535e-37
-1,0,1.2152847161055524e-80
0,1,0.9996718776349772
0,0,4.719420614303616e-30
0,0,5.0831923429232956e-21
0,0,8.881330911438713e-08
0,0,2.2996781494379604e-33
-1,0,1.0235325047549767e-68
-1,0,2.1302661771205733e-79
-1,0,1.9238101222848876e-34
0,0,1.0482855586082968e-35
-1,0,2.3015511489087364e-36
0,0,7.955110396919457e-16
0,0,2.569523005789419e-28
0,0,1.734837425190889e-29
-1,0,3.4089007651373125e-35
0,0,2.0670422183632872e-16
0,1,0.9783369542742287
-1,0,5.848613841959344e-76
0,0,2.4199987268235048e-14
-1,0,1.0832400870859387e-70
0,0,5.069626307629271e-49
-1,0,2.2527001290696445e-78
-1,1,0.999999999998143
0,0,9.374337367763819e-38
0,0,1.8256051876073957e-10
0,1,0.9998805588889413
0,0,3.7471741344515083e-53
0,1,0.9999999999999545
-1,0,3.601888781410235e-31
0,0,2.7288389848735356e-05
0,1,0.9994562134587772
0,0,2.171152866974849e-28
0,0,1.8360388505625135e-31
-1,0,2.3053017255509943e-42
-1,0,8.735389543874448e-68
-1,0,1.4397715750325173e-46
-1,0,7.369075806525181e-62
0,0,2.9140844977199043e-40
-1,0,6.709297965007476e-47
-1,0,3.5521809451447504e-63
0,0,1.6352154498292766e-18
-1,0,4.1655084057230706e-67
-1,0,5.343565914700151e-36
0,0,3.1507963552576955e-35
0,0,2.7194156625508767e-30
-1,0,2.392437690917079e-55
-1,0,4.0179877272082143e-20
0,0,9.988312458283987e-27
0,0,5.044922681204763e-31
-1,0,1.1615273855343287e-37
-1,0,3.815109038755092e-36
-1,0,9.160436902573607e-74
-1,0,4.000744952520354e-42
-1,0,6.626338502383475e-39
0,0,1.43742915990325e-40
0,0,1.0482855586082968e-35
0,0,0.022520688130908524
0,0,1.7437334332081842e-10
0,0,7.810302679148827e-24
-1,0,1.452471104970429e-33
0,0,2.5674319311537952e-25
-1,0,2.858710798645885e-45
0,0,1.051090601413312e-07
0,1,0.9511043990132185
0,0,1.476993905139974e-19
0,0,1.5151013107407965e-27
-1,0,3.759396773905722e-65
-1,0,1.300994983453923e-41
-1,0,8.864843380513422e-39
-1,0,1.3862040474544595e-30
0,0,2.4622947129005704e-40
-1,0,9.905046501622984e-34
0,0,1.3023539047587628e-07
0,0,8.335401999145291e-19
-1,0,1.700782113439902e-77
0,0,6.563056444095018e-49
-1,0,7.927423198660269e-41
0,0,7.472195782471048e-30
-1,0,2.123340205484567e-67
0,0,1.1058300777456724e-25
-1,0,7.301697741792662e-66
0,0,5.044922681204763e-31
0,0,1.2355884783076348e-20
0,0,3.2348862549994657e-11
0,0,5.936652343639153e-10
0,0,0.28767782301535344
0,0,8.881330911438713e-08
0,0,3.38401433740894e-08
-1,0,3.22362746262712e-36
-1,0,7.73393481685044e-71
-1,0,8.676684781449813e-81
0,0,3.1482322410911604e-32
0,0,3.02370544305288e-07
0,0,9.217028933625806e-21
-1,0,1.3556773600499887e-69
0,0,3.2157637135155272e-27
-1,0,9.389613661225664e-44
0,0,7.547289130909923e-29
0,0,9.880884032004308e-25
0,0,3.038512632272637e-25
0,0,2.431848808236626e-32
0,0,0.48391075050036786
0,0,7.102316840895373e-12
0,1,0.9999999997923528
0,0,0.0030423243084556875
-1,0,4.766849389851813e-29
0,0,1.3087313512016574e-25
-1,1,0.9999999999988798
-1,0,4.7348145550526137e-42
0,0,1.5322029591489973e-23
-1,0,7.908084963129628e-32
-1,0,4.658081029808999e-65
0,0,5.869040622127983e-51
-1,0,1.1112450295409475e-43
-1,0,9.8064941478774e-35
-1,0,5.954647083918528e-59
0,0,1.9483056267697424e-05
-1,0,9.913113781324748e-37
0,0,5.906365316091943e-29
0,0,6.31887416326509e-33
0,0,2.726065654405241e-39
0,0,1.7494211929537326e-22
-1,0,1.211333553774845e-68
0,0,3.793428908967092e-15
0,0,1.5618819828615133e-18
0,0,1.7277898623990393e-14
-1,0,2.2800954629609113e-09
-1,0,1.8311388258993624e-59
0,1,0.9994562134587772
0,1,0.8348283043583623
-1,0,3.1739675639155715e-62
-1,0,7.295755629225391e-63
0,0,2.7083683722627447e-15
-1,0,7.874148242440116e-54
0,0,2.0414835098111136e-08
0,0,4.004924190353743e-08
0,0,5.049031576840578e-34
0,0,2.2749441610314573e-31
-1,0,9.65542535604474e-61
0,0,2.723847185556303e-36
-1,0,1.0365851432373075e-39
-1,0,3.218382829470961e-30
-1,0,3.0230110463411245e-44
0,0,1.932101534224363e-12
0,1,0.9083862650299876
0,0,2.427892347684611e-26
0,0,0.001483572592806854
0,0,7.037377847722706e-16
-1,0,3.5747713607200423e-41
0,1,0.999999999754253
0,0,1.1124058959823904e-09
0,0,6.288083115310014e-15
0,0,4.8354824969579804e-06
-1,0,5.655281859538912e-38
0,0,4.0179877272082143e-20
0,0,0.0005657986584497836
0,0,2.056496784972049e-35
0,0,2.557002055351037e-10
-1,0,4.000744952520354e-42
0,0,8.814467112604074e-18
0,0,2.8757101247801666e-29
0,0,2.294068291532774e-24
0,0,7.83894144530188e-45
0,0,0.1959069714273571
0,0,1.7508460292810975e-25
0,0,1.6392141652780324e-27
-1,0,6.529573685997826e-68
0,0,6.288083115310014e-15
0,1,0.9998805588889413
0,0,5.3392173273854454e-33
-1,0,8.299631492025274e-41
0,0,2.4298697726923084e-29
-1,0,4.998795169979502e-35
0,0,0.08144701269395363
-1,0,7.927423198660269e-41
0,0,1.2386099558365183e-29
0,0,0.12814496581218981
-1,0,5.3522737174859886e-42
-1,0,5.572697441228556e-67
0,0,9.298327031254646e-08
0,0,2.4688836752661647e-12
0,1,0.9942793861958388
0,1,0.9999999999803639
0,0,7.054586877591848e-25
0,0,1.3186590962348087e-15
-1,0,2.5108924973392614e-64
0,1,0.6084988841351642
0,0,9.321065797084003e-17
0,0,9.84074415120464e-10
0,0,2.8593682378177783e-08
0,0,1.6255491206356872e-34
0,0,4.259305924756147e-28
-1,0,1.9399824734434674e-27
0,0,2.0285825972266793e-30
0,0,1.2325743713861154e-11
-1,0,3.403354704314215e-29
0,0,6.705375374079349e-07
0,0,7.020205869401002e-07
0,0,7.351099609213826e-53
0,0,2.8540598612742024e-39
-1,0,5.303335987101377e-46
-1,1,0.9999999999998517
0,0,7.043109521517002e-19
-1,0,1.643222659086747e-36
-1,0,1.4421178073298577e-52
0,1,0.7530330563247168
0,0,7.137094971964677e-30
-1,0,2.0548232104387475e-32
0,0,4.751351296692429e-17
0,0,8.308294840798664e-07
0,0,1.5513856094280592e-31
-1,0,1.7941447359349422e-67
-1,0,3.414455863746211e-41
-1,1,0.9999999999995923
-1,0,1.437098618449709e-77
0,0,4.262774965736868e-31
0,0,1.6869917466948774e-47
-1,0,2.1302661771205733e-79
-1,0,7.727640950287295e-68
-1,0,1.2927734737762597e-63
-1,0,3.1449468566254667e-66
0,0,7.847130434079613e-11
0,0,3.3978176665729514e-23
-1,0,9.888931632303258e-28
0,1,0.9783369542742287
0,0,4.255839706876642e-25
0,0,3.997489151239407e-39
0,0,6.308593764140137e-27
0,1,0.9999999999997089
0,0,1.0344811198540839e-24
0,0,1.5577136286708338e-46
0,0,7.108101405054281e-15
-1,0,8.171775880911788e-67
-1,0,2.558496166174063e-50
0,0,1.8375342336430842e-34
-1,0,6.524259927029634e-65
-1,0,3.226252983303984e-39
0,0,0.002173999232648371
-1,0,7.792602726726618e-61
0,0,2.7288389848735356e-05
0,0,5.03671491865439e-25
-1,0,7.927423198660269e-41
-1,0,2.5068074378230327e-58
0,0,2.142561853264812e-17
-1,0,4.945889531370043e-79
0,0,0.08144701269395363
0,0,7.060332567479584e-28
0,0,1.1665334419664003e-15
0,0,2.5737102657474815e-34
-1,0,3.35365531257023e-58
-1,0,7.727640950287295e-68
-1,0,3.5254377581939194e-73
0,1,0.9998805588889413
0,1,0.9999999859919191
0,0,5.326192787173765e-24
0,0,2.4219697227804224e-17
-1,0,7.47828159876224e-33
-1,0,1.2948801599547417e-69
-1,0,2.183561396849825e-49
-1,0,2.575806453845305e-37
0,0,9.712841350929556e-45
-1,0,4.415686616455976e-75
-1,0,9.65542535604474e-61
0,0,2.0498106541235996e-23
0,0,1.307666307251037e-22
0,0,3.4005850584763966e-26
0,1,0.9999999999978024
0,0,1.1665334419664003e-15
0,0,1.7465749979454618e-16
-1,0,4.979352458424518e-66
0,0,1.6338847135240704e-15
-1,0,2.0632047248327764e-47
-1,0,9.288624487808047e-42
0,0,1.0332149731724234e-27
-1,0,1.3130002084456176e-37
-1,0,2.2642516662931076e-59
-1,0,7.089131287846645e-43
-1,0,1.2988783488535158e-35
0,0,4.4967754569005835e-21
0,0,1.7508460292810975e-25
0,0,3.207919147312259e-18
-1,0,2.2978066742118306e-30
0,0,2.7172026054571218e-27
0,0,8.895804598308275e-14
0,0,4.5041033414024224e-27
0,0,1.73342561664568e-26
0,1,0.999430696134013
0,0,1.546341707946259e-19
-1,0,2.4155059644719006e-45
-1,0,3.350926112035852e-55
0,0,2.0252822246890104e-24
0,0,5.326192787173765e-24
-1,0,8.165125699833905e-64
-1,0,1.0491393469077487e-38
0,0,7.071837989997228e-34
-1,1,0.999999999999754
0,1,0.9997227345096907
-1,0,2.6989420879825867e-40
0,0,1.5488616054916917e-25
0,0,6.716306866684025e-13
0,0,9.822474678186808e-41
0,0,4.04846728706625e-10
0,0,6.710841139986072e-10
-1,0,7.740233809525573e-74
0,0,4.5151175644002764e-36
0,0,1.2335782558561198e-14
-1,0,7.786261116291391e-58
0,0,5.357864709931514e-08
-1,0,3.0583671749181053e-49
0,1,0.999858646546025
0,1,0.999858646546025
-1,0,4.0508328934303704e-50
0,0,1.834544684422839e-28
-1,0,1.2426500891133612e-41
0,0,3.805802423564017e-27
0,0,5.028520509602316e-19
0,0,2.3077099172751477e-08
0,0,2.2978066742118306e-30
-1,0,5.27411414514721e-71
0,0,9.872842980832642e-22
0,0,1.3165137215334465e-09
0,0,2.0619994296936182e-07
0,0,0.0009375332382105298
-1,0,1.2788691610703645e-61
-1,0,8.655518789711519e-72
0,0,4.694495711145824e-18
0,0,1.3108640421215083e-31
0,0,1.0423284636118905e-14
-1,0,1.2851314386110486e-79
-1,0,1.038513147027355e-08
0,0,8.888565202768787e-11
0,0,6.0060854522648076e-15
0,0,1.9384037181123954e-24
-1,0,8.19175893969599e-76
0,0,2.192972308475052e-27
-1,0,6.687484537229184e-35
0,1,0.999999999999754
0,0,3.4235927558839643e-13
0,0,3.221004078595682e-33
-1,0,5.975444194183082e-34
0,0,2.294068291532774e-24
0,0,2.169385985464201e-25
0,0,7.882374010790425e-20
0,0,6.361626437421493e-20
0,0,3.22951900332327e-05
0,0,8.776640747583717e-40
-1,0,6.324020643422145e-36
0,0,7.048845863539417e-22
-1,0,3.374983186453214e-36
-1,0,3.2288806423665335e-42
-1,0,2.5278807078416448e-51
0,0,5.020339432320708e-13
-1,0,9.913113781324748e-37
0,0,3.793428908967092e-15
0,0,3.8253179099594795e-08
0,0,8.286128528977824e-35
-1,0,2.9941410510681096e-54
0,0,4.288123560604897e-15
0,0,1.476993905139974e-19
0,0,8.321840839792042e-13
0,0,1.911652793671397e-56
0,0,1.0579588503171431e-31
-1,0,1.69801505106471e-71
-1,0,7.727640950287295e-68
-1,0,2.4298697726923084e-29
-1,0,5.853377313157886e-79
-1,0,1.840528654592329e-40
0,1,0.9998805588889413
0,0,9.32865744694565e-20
0,0,2.8951666204267813e-16
0,0,1.3066021300318718e-19
0,0,1.7376644928092056e-35
-1,0,2.5564140651668797e-47
-1,0,1.6308513831150705e-46
-1,0,1.640549242216866e-30
0,0,3.22951900332327e-05
0,0,2.897524622371182e-19
0,0,7.037377847722706e-16
0,0,6.371993257873985e-26
0,0,9.972062120644348e-21
0,0,0.11047258117115966
-1,0,1.2133075265605484e-74
0,0,2.1894044845211654e-21
0,0,2.7172026054571218e-27
-1,0,1.430095824702952e-59
0,0,1.1226582700750023e-05
0,0,3.617412516388001e-09
0,1,0.9999999106361657
0,0,1.3873330573760693e-33
0,0,2.5653425582321527e-22
-1,0,7.375077635558998e-65
-1,0,2.4155059644719006e-45
0,0,3.3922896372336254e-17
0,0,1.8439519744909458e-09
-1,0,1.2396187560429067e-32
-1,0,9.145533464859197e-68
-1,0,4.560493154973115e-35
-1,0,4.4085025802408246e-69
0,0,9.422407683759871e-19
0,0,1.0414802179899897e-11
0,0,0.013708596884251325
0,0,0.019095830652604315
-1,0,2.7121580798413135e-58
0,0,2.3057787916339442e-05
0,0,1.4757919293316246e-16
0,0,0.00010501250477314298
-1,0,6.174692225921226e-69
0,0,9.880884032004308e-25
0,1,0.9999999999990534
0,0,1.2480057755559494e-19
-1,0,4.027813215096964e-29
-1,0,2.5564140651668797e-47
0,0,9.8567805045561e-16
0,0,2.0431462613396644e-11
-1,0,8.678680471907365e-44
-1,0,9.814481160474774e-38
0,0,4.5233109232109345e-05
-1,0,1.361520181711041e-47
0,0,4.5077717604709036e-30
-1,0,4.669471786040784e-74
0,0,4.7386708795379154e-45
0,0,5.04081712938305e-28
0,0,1.550123093743037e-28
-1,0,4.158731393258075e-61
0,0,7.466114918809766e-27
-1,0,1.8136513048689605e-69
0,0,2.7194156625508767e-30
-1,0,3.331117618356493e-71
0,0,1.547601143837888e-22
-1,0,1.4324262895283218e-65
0,0,1.8484611324869534e-18
0,0,1.831559999005606e-22
0,0,2.4443189953096283e-13
0,0,2.5460289487378584e-32
0,0,4.2523763098009485e-22
0,0,4.2489157312335314e-19
0,0,5.627724410151942e-20
-1,0,1.951069822862697e-48
0,0,3.389528996133585e-14
0,0,1.218536749756691e-52
0,0,4.2523763098009485e-22
-1,0,1.6361709406653968e-58
0,0,8.265915264072515e-26
0,0,1.4536540868636091e-36
-1,0,2.372493519775219e-62
-1,0,3.006353992887085e-69
-1,0,1.5447280001137704e-53
0,0,3.036039894460579e-22
0,0,8.873316656139749e-05
-1,0,2.0079369481512467e-68
0,0,4.284633890950767e-12
-1,0,2.831409883770436e-55
0,0,9.832726107234487e-07
0,0,2.183561396849825e-49
0,0,4.04846728706625e-10
-1,0,7.0357595800768015e-53
0,1,0.893369102137408
0,0,7.054586877591848e-25
-1,0,4.511443167325731e-33
0,0,3.418021623856797e-07
-1,0,4.262774965736868e-31
0,0,1.0440270279870707e-20
-1,0,1.9447264586398566e-36
0,0,7.968073937293274e-22
0,0,3.2157637135155272e-27
-1,0,1.7039455127277085e-46
0,0,1.9415625146100953e-30
0,0,3.1974792610175238e-06
0,0,2.3095895115574323e-11
0,0,3.389528996133585e-14
0,0,5.07905564729837e-18
-1,0,8.648474939254357e-69
-1,0,4.434717744489216e-53
0,0,2.3171229965450073e-23
-1,1,0.9999999999999243
0,0,2.873369875446854e-26
-1,0,4.933824478922442e-70
0,1,0.9214744111589723
0,0,2.1623328265842098e-13
0,0,1.379449256298656e-12
-1,0,5.3392173273854454e-33
0,0,2.165856534930686e-19
-1,0,1.3626290875726804e-50
-1,0,9.84649431501496e-50
0,1,0.9998805588889413
0,0,5.975444194183082e-34
-1,0,1.378009711562139e-46
0,0,3.389528996133585e-14
0,0,3.808902103372316e-30
0,0,1.73342561664568e-26
0,0,0.08144701269395363
0,0,0.013708596884251325
-1,0,1.0420887768328878e-51
-1,0,1.6281980935101489e-40
-1,0,6.286637150395122e-52
-1,0,7.901649373393629e-29
0,0,5.0707923525965856e-12
0,0,9.963946868857005e-18
0,0,2.6912531050508096e-37
0,0,8.419170313697196e-18
0,0,4.089153165877133e-09
0,0,5.9705813851081395e-31
0,0,2.4199987268235048e-14
-1,0,4.6542902892434e-62
0,1,0.9999999999997089
-1,0,1.9447264586398566e-36
-1,0,1.0321367463572992e-61
0,0,4.21692706019074e-29
0,0,0.0002059897396801462
0,1,0.9883209532807458
0,0,9.305901025692803e-11
0,0,5.960867635781796e-25
0,0,3.232253604206725e-08
-1,0,1.9253769916930236e-37
0,0,1.2365948176367158e-23
-1,0,4.665671775692022e-71
0,0,4.795195463698525e-13
-1,0,1.241638822011879e-38
0,0,0.0005657986584497836
0,0,3.5989575687867074e-28
-1,0,5.294707802834374e-40
0,0,1.0528035551089011e-13
0,0,1.846956857109651e-15
-1,0,9.83047470631181e-44
-1,0,3.0353417473325776e-59
0,1,0.999999999999754
-1,0,5.057259410450576e-40
-1,0,1.1436340858323474e-63
0,0,3.161073712664191e-47
-1,0,1.2999362353497818e-38
0,0,2.169385985464201e-25
-1,0,6.692931236369285e-38
-1,0,4.276679406686732e-43
-1,0,4.7348145550526137e-42
0,0,7.888793901484382e-23
0,0,1.0491393469077487e-38
0,0,2.852888329583332e-45
-1,0,6.164646401472742e-63
-1,0,2.880396343128654e-35
0,0,2.266617028122765e-25
0,0,8.272647534376835e-29
-1,0,3.027937304280285e-50
0,0,4.7590940345417013e-23
0,0,3.593102297849996e-22
-1,0,5.074922318111189e-15
0,0,3.033569168959572e-19
-1,0,2.675344168733293e-53
0,0,9.43008187269341e-22
0,0,2.0498106541235996e-23
0,0,2.5481025914668344e-35
0,0,9.407078036537881e-13
-1,0,1.2819964761112316e-70
0,1,0.9999999999998517
0,0,0.0002437761885872327
-1,0,2.4021963167888192e-70
-1,0,4.280162597700753e-46
0,1,0.9990989279903394
-1,0,1.612648672571051e-50
0,0,3.443159205414018e-34
-1,0,1.8004109386801184e-42
0,1,0.9999999999915423
0,0,5.946326635582904e-16
-1,0,9.84649431501496e-50
0,0,6.995777451308465e-32
-1,0,1.1028788359173326e-53
-1,0,1.8222159257206085e-41
0,0,4.0451710147047915e-07
-1,0,3.968994818473495e-58
0,1,0.9998805588889413
-1,0,7.908084963129628e-32
0,0,8.836021792643092e-27
0,0,1.389593836573866e-39
0,0,1.1040309638102035e-19
0,0,4.0147178937786107e-17
-1,0,3.798736896769889e-58
0,0,1.643222659086747e-36
-1,0,5.617276459053861e-51
0,1,0.9998805588889413
0,1,0.9783369542742287
-1,0,1.6295241982819473e-43
-1,0,2.7121580798413135e-58
0,0,4.266246832118238e-34
0,0,8.758764955723093e-40
0,0,2.892810537420604e-13
0,0,3.5785044829341515e-07
0,0,8.881330911438713e-08
-1,0,2.9892697774447054e-48
0,0,1.4694587224003547e-38
0,0,1.1085342472886326e-34
0,1,0.9998327148965553
0,0,9.422407683759871e-19
0,0,7.51662920088619e-14
0,0,2.4259165319029496e-23
0,0,2.878052280156661e-32
-1,0,4.998795169979502e-35
0,0,4.259305924756147e-28
-1,0,1.4682628787143743e-35
-1,0,7.301697741792662e-66
-1,0,2.996579663882408e-57
0,1,0.9975279983947021
0,0,8.828831049065864e-24
0,0,4.0782400412777396e-37
0,0,5.951169690096528e-19
-1,0,9.281065416718903e-39
0,0,9.794491550840336e-38
-1,0,5.603573618612056e-42
0,0,1.7423140818405575e-07
-1,0,1.809227065715243e-60
0,0,0.0003414075220396442
-1,0,2.7172026054571218e-27
0,0,2.0481425207552906e-20
0,1,0.9999999999998244
0,0,0.0007922964240690091
0,0,9.273512497192436e-36
0,0,5.281791839602534e-31
0,0,4.2523763098009485e-22
-1,0,1.4706555400550581e-41
0,0,1.6325550601677712e-12
0,0,2.171152866974849e-28
-1,0,1.0914573055276038e-60
0,0,1.106730733844393e-28
0,1,0.9999999928594738
0,0,7.108101405054281e-15
0,0,1.177297892706974e-11
0,0,5.931817588197557e-07
0,0,7.108101405054281e-15
-1,0,4.754127611350969e-57
-1,0,1.034660708048903e-70
0,0,9.14019265773471e-28
0,1,0.9996718776349772
0,0,9.343859301025919e-26
0,0,1.393312311622911e-11
0,0,5.6139960825584796e-11
0,0,3.226252983303984e-39
0,0,3.601888781410235e-31
0,0,1.1753686901998727e-05
-1,0,1.740496167378724e-41
0,0,9.988312458283987e-27
0,0,7.935698323424418e-07
-1,0,1.151371691726845e-50
0,0,1.6378801748231558e-24
0,0,2.0514801461224273e-26
-1,0,1.7433324564068704e-47
-1,0,7.867740270365439e-51
0,0,6.282965881029379e-12
-1,0,8.676684781449813e-81
0,0,7.528878198230449e-20
0,0,1.051090601413312e-07
-1,0,1.213586594697034e-37
-1,0,2.43382945562937e-35
-1,0,1.943143842659515e-33
-1,0,1.391858299906845e-45
-1,0,9.229925940088859e-64
0,1,0.9998805588889413
0,0,1.0448773478770192e-23
0,0,1.1684344090954047e-21
-1,0,1.2332945905729363e-51
0,1,0.9999999999998244
-1,0,1.0941263282485711e-69
-1,0,4.681967030307286e-46
0,0,4.021260223791537e-23
0,0,1.0536610231429767e-16
0,0,5.9705813851081395e-31
0,0,1.8484611324869534e-18
-1,0,5.9449592586685375e-53
0,0,4.2454579688806283e-16
-1,0,2.571615783524933e-31
-1,0,1.3130002084456176e-37
0,0,1.395582834552012e-17
0,0,7.835778547163029e-36
-1,0,9.814481160474774e-38
0,0,2.43382945562937e-35
0,0,3.0665511937233366e-21
-1,0,7.882374010790425e-20
-1,0,4.786293114534561e-44
-1,0,1.5122885034229963e-58
0,1,0.9999999999998244
-1,0,5.659887869267966e-41
0,0,1.7423140818405575e-07
-1,0,1.3670737499902386e-62
0,0,7.054586877591848e-25
0,0,4.0310937141624986e-32
-1,0,4.1689010522294265e-70
0,0,4.288123560604897e-15
0,0,7.882374010790425e-20
-1,0,8.678680471907365e-44
-1,0,4.470193447856768e-37
0,1,0.9996116960617358
0,0,1.2325743713861154e-11
0,0,3.831551742887748e-14
-1,0,7.848547625967482e-42
-1,0,1.3020545938677052e-44
0,0,1.550123093743037e-28
0,0,7.472195782471048e-30
-1,0,2.1583184246731024e-44
0,0,5.334872278945704e-30
-1,0,1.8222159257206085e-41
0,0,7.054586877591848e-25
0,0,3.4347599283708745e-25
0,0,5.641486308342603e-29
-1,0,2.9788658357205853e-73
-1,0,5.3392173273854454e-33
0,0,4.255839706876642e-25
0,0,3.207919147312259e-18
0,0,1.1114993872479387e-06
-1,0,5.641486308342603e-29
0,0,2.4259165319029496e-23
0,1,0.9999999999986742
0,0,6.282965881029379e-12
0,0,6.261098463355459e-37
0,0,2.4199987268235048e-14
-1,0,1.0482855586082968e-35
0,0,2.0360352355390976e-36
0,0,2.563254885639639e-19
-1,0,1.0429375180917255e-54
0,0,9.281065416718903e-39
-1,0,7.805301446797693e-67
-1,0,2.80780629170655e-62
0,0,2.5826991605907027e-09
0,1,0.6852339549895139
0,0,5.03671491865439e-25
0,0,7.472195782471048e-30
0,0,2.176462150538501e-37
0,0,3.601888781410235e-31
-1,0,6.216468993119381e-56
-1,0,7.940341620350045e-47
-1,0,2.2805072532605114e-40
0,0,1.759821030552553e-06
0,1,0.9994562134587772
0,0,8.362590651096494e-31
0,0,2.4542892422583576e-28
0,0,4.7552210897181836e-20
0,0,4.4967754569005835e-21
0,0,7.908084963129628e-32
0,0,8.821646157306968e-21
0,1,0.9999999994294435
0,0,4.2350997625924516e-07
0,0,3.161073712664191e-47
0,0,3.802705266271382e-24
-1,0,2.1342284027662273e-48
0,0,4.466555609972427e-34
0,1,0.9979104483238305
-1,0,4.172296461915974e-73
0,0,4.04846728706625e-10
0,0,0.0004040247674651655
-1,0,2.0548232104387475e-32
0,0,3.226252983303984e-39
-1,0,7.03003388765574e-50
-1,0,1.2165542693634671e-46
-1,0,3.331117618356493e-71
0,0,1.724978830409516e-08
-1,0,5.217388868980985e-69
-1,0,6.2013044764100685e-47
0,1,0.9999999978041865
0,0,9.321065797084003e-17
0,1,0.999999999999946
-1,0,1.1482989083354602e-78
-1,0,8.313156459318904e-47
-1,0,1.392991914999771e-48
-1,0,2.2624090210950284e-56
-1,0,1.3545741114956248e-66
0,0,3.1974792610175238e-06
0,0,7.020205869401002e-07
-1,0,2.0426764333343296e-48
-1,0,6.266197887425391e-40
-1,0,9.913113781324748e-37
0,0,0.08144701269395363
-1,0,1.6418854065245565e-33
0,0,9.955838221251546e-15
-1,0,1.1741559174252292e-39
0,0,1.8330517342337162e-25
0,1,0.7530330563247168
0,1,0.9998749515923814
0,0,1.4142059272274117e-28
0,0,3.6233074160352e-15
-1,0,9.29618971547008e-45
0,0,9.336255279914276e-23
0,0,7.908084963129628e-32
0,0,9.313480325296803e-14
-1,0,1.381379462455067e-55
-1,0,2.3015511489087364e-36
0,0,1.8484611324869534e-18
0,0,6.045330995784443e-39
0,0,4.5345772289816624e-14
-1,0,1.082358547646388e-67
-1,0,1.9415625146100953e-30
-1,0,1.5184570476534982e-73
-1,0,4.4847744523266806e-49
0,1,0.6478195940678282
0,1,0.9994562134587772
0,0,4.500437907688766e-24
-1,0,8.798102927964417e-49
0,0,5.012169152941938e-07
0,0,2.547056648815807e-41
0,0,1.473390911201053e-10
0,0,5.028520509602316e-19
0,0,3.566051027667371e-32
-1,0,9.374337367763819e-38
0,1,0.7830138077940757
0,0,4.2523763098009485e-22
0,0,5.627724410151942e-20
-1,0,3.020005509979635e-10
-1,0,1.4730521004443004e-47
0,0,6.250912061553448e-31
0,0,8.814467112604074e-18
0,0,8.308294840798664e-07
-1,0,2.1817844172929523e-46
0,0,9.374337367763819e-38
-1,0,8.81961759143061e-58
0,0,2.6901672238133127e-28
-1,0,8.247182788148205e-63
0,0,6.288083115310014e-15
-1,0,1.1693860540159974e-24
0,0,2.878052280156661e-32
0,0,5.618568466924002e-14
0,0,1.5577136286708338e-46
0,1,0.9999999998245457
0,0,1.714781908126625e-24
-1,0,1.2864739575969873e-45
0,0,1.1142186588335777e-15
0,0,4.799100966115538e-16
0,0,1.4548380322500973e-39
-1,0,1.0914573055276038e-60
0,0,3.796518511023201e-18
0,0,5.646081082125484e-32
0,0,8.398632434792965e-09
-1,0,1.9415625146100953e-30
-1,0,1.634839426782936e-55
0,0,2.2866097625940118e-12
0,0,5.8153779092807684e-55
-1,0,8.227064527873111e-54
0,0,4.284633890950767e-12
-1,0,2.123340205484567e-67
0,0,5.04081712938305e-28
0,0,1.3218837125997809e-24
-1,0,1.3151398558375314e-43
0,0,1.3910261329202112e-05
0,0,2.169385985464201e-25
0,0,4.027813215096964e-29
0,0,2.435811716183364e-38
0,0,9.273512497192436e-36
0,0,5.330530766501031e-27
0,0,0.0002059897396801462
0,0,4.027813215096964e-29
-1,0,3.5377506487404794e-48
0,0,1.0448773478770192e-23
0,1,0.9998805588889413
0,1,0.9975279983947021
0,0,6.045330995784443e-39
0,0,9.414739740071761e-16
0,0,3.1974792610175238e-06
0,1,0.9998805588889413
-1,1,0.9999999999997089
0,0,4.227239029407776e-38
0,0,5.049031576840578e-34
-1,0,1.792684663173798e-64
-1,0,4.5077717604709036e-30
0,0,7.816663870512975e-27
0,0,1.104930154599768e-22
-1,0,7.920971871492176e-38
0,1,0.9999999999939615
-1,0,4.010528275353957e-51
-1,0,9.35908592784218e-32
0,0,8.917558179025477e-23
-1,0,1.040393365866825e-45
-1,0,8.662568377114168e-75
0,0,4.4821554143918466e-09
0,0,4.529845103634813e-48
0,0,0.041384726703959235
-1,0,2.2800954629609113e-09
-1,0,6.286637150395122e-52
0,1,0.9083862650299876
0,0,5.04081712938305e-28
-1,0,5.940121258196312e-50
-1,0,9.35908592784218e-32
-1,0,8.641436821073962e-66
0,0,1.0440270279870707e-20
-1,0,5.015100382621455e-47
-1,0,3.2019635993971456e-49
-1,0,1.4572088166424462e-45
-1,0,5.261248418290143e-62
-1,0,4.7463929535507257e-51
0,0,6.282965881029379e-12
-1,0,5.225891055358574e-75
0,0,1.2480057755559494e-19
0,0,2.309058414082285e-48
-1,0,5.949801199506297e-56
0,0,7.108101405054281e-15
-1,0,1.9100970929985912e-53
0,0,2.0653600619689428e-13
-1,0,3.744124688787847e-50
-1,0,3.199357845390784e-46
0,0,4.021260223791537e-23
0,0,0.00010501250477314298
-1,0,3.942321835349864e-71
0,0,2.0464757449118478e-17
-1,0,9.75245951329834e-60
0,0,4.284633890950767e-12
0,0,3.5814203176355973e-10
0,0,9.972062120644348e-21
-1,0,1.5472452679827101e-59
0,0,8.821646157306968e-21
0,0,4.822600869866712e-34
0,0,1.9499303994070067e-08
-1,0,8.19175893969599e-76
0,0,4.787391699250803e-07
0,0,5.334872278945704e-30
0,0,9.366708543639127e-35
0,0,2.1443068875507274e-20
0,1,0.7830138077940757
0,0,4.527199560482874e-08
0,0,1.624226250777194e-31
-1,0,1.217545106060874e-49
-1,0,6.916103494710097e-73
-1,0,2.435811716183364e-38
-1,0,7.43407486640563e-49
0,0,6.66031745718429e-20
0,0,2.1822862362630107e-09
0,0,4.947027116149308e-42
0,0,3.369492307334469e-30
0,0,3.805802423564017e-27
0,0,2.575806453845305e-37
0,0,1.5631540757098234e-21
-1,0,8.721177630691391e-62
-1,0,2.5779043492077725e-40
0,0,1.834544684422839e-28
0,0,9.848759068795418e-13
0,0,7.397849591174764e-31
0,0,3.638086693934827e-30
-1,0,1.1028788359173326e-53
-1,0,9.19991738719047e-52
0,0,8.398632434792965e-09
-1,0,2.2527001290696445e-78
-1,0,1.3670737499902386e-62
-1,0,6.631735400428178e-42
0,0,6.682042270606088e-32
0,0,2.735586670042864e-14
-1,0,4.7707318054788186e-32
0,0,7.528878198230449e-20
0,0,6.716306866684025e-13
0,0,3.834672394527096e-17
0,0,4.2523763098009485e-22
-1,0,3.218382829470961e-30
0,0,4.0147178937786107e-17
-1,0,5.294707802834374e-40
-1,0,1.437098618449709e-77
-1,0,2.865701419383517e-54
0,0,3.1974792610175238e-06
0,0,3.0409873840345674e-28
0,0,2.2959367219899193e-27
-1,0,5.343565914700151e-36
0,0,0.2458195049045108
0,0,5.066665722423037e-09
0,0,1.5657013704624895e-27
0,0,0.2458195049045108
0,0,8.198430812524161e-79
0,0,0.013708596884251325
0,0,1.0448773478770192e-23
-1,0,5.388486160939933e-29
-1,0,1.164367755897252e-46
-1,0,2.9788658357205853e-73
-1,0,5.617276459053861e-51
0,0,6.612842330981079e-39
0,0,1.1494984845341875e-44
0,0,7.45396803325785e-21
0,0,6.346107821786357e-11
0,0,2.2828843849974286e-06
0,0,4.027813215096964e-29
-1,0,1.3825045429376343e-58
-1,0,5.200425971241408e-57
0,0,0.0002437761885872327
0,0,1.7320149570284774e-23
0,0,1.189129386754379e-10
0,0,4.751351296692429e-17
0,0,1.1693860540159974e-24
0,0,0.1707194378022448
-1,0,4.742530344851236e-48
0,0,1.550123093743037e-28
0,0,6.705375374079349e-07
0,0,1.8285801694782787e-16
0,0,6.313731871307203e-30
-1,0,1.9494820446603896e-45
0,0,1.8033448640096864e-48
0,0,0.0004040247674651655
0,1,0.999999999998431
0,0,1.0440270279870707e-20
-1,0,3.777149804994481e-37
-1,0,1.6335089964848213e-52
0,0,9.343859301025919e-26
-1,0,2.3841109809952438e-80
-1,0,1.6321796488892335e-49
0,0,7.020205869401002e-07
0,0,1.1504347068719598e-47
-1,0,5.940121258196312e-50
0,0,2.0670422183632872e-16
0,0,1.3175859730958574e-12
0,0,7.45396803325785e-21
-1,1,0.9999999999994289
-1,0,4.175694637033218e-76
0,0,7.066082937010914e-31
0,0,1.5482258302999061e-31
-1,0,3.5197020992287336e-67
0,0,6.25600318919051e-34
0,0,5.330530766501031e-27
0,0,1.0448773478770192e-23
0,0,1.6489617536437498e-11
0,0,7.447902003316221e-18
0,0,1.9368262475704676e-21
0,0,3.6048223813937913e-34
-1,0,4.9631634702768763e-54
0,0,2.3807796547278608e-37
0,0,4.0508328934303704e-50
-1,0,4.047536330645226e-47
-1,0,2.3053017255509943e-42
-1,0,1.7021673351063153e-80
-1,0,2.5522549450072556e-41
0,0,1.8285801694782787e-16
-1,0,7.746537932488375e-77
0,1,0.9965410596904526
-1,0,2.2777160407040246e-43
-1,0,3.5197020992287336e-67
-1,0,2.0460051512393479e-54
0,0,1.5606109252407948e-15
0,0,1.107632123492892e-31
-1,0,5.019184989141213e-50
0,0,1.1142186588335777e-15
0,1,0.9993565019537491
0,0,7.767267232957982e-49
-1,0,1.4794007944433145e-25
-1,0,9.130654274072714e-62
0,0,4.0451710147047915e-07
0,0,2.431848808236626e-32
0,0,2.8881032878683805e-07
-1,0,1.1094371058295188e-37
-1,0,6.159629619875967e-60
-1,0,1.168165723849064e-58
0,1,0.9957177404184789
-1,0,4.004003405526258e-45
0,0,0.0030423243084556875
-1,0,7.319553132998328e-75
0,0,2.427892347684611e-26
0,0,3.033569168959572e-19
0,1,0.9998805588889413
0,0,1.9384037181123954e-24
0,0,1.5606109252407948e-15
0,0,1.63122648622615e-09
0,1,0.9932368483549753
-1,0,3.5492901846966313e-60
-1,0,2.8540598612742024e-39
-1,0,1.3041764044340355e-50
0,0,1.6281980935101489e-40
0,0,1.9399824734434674e-27
-1,0,1.791225778618056e-61
0,0,3.3922896372336254e-17
0,0,3.418021623856797e-07
-1,0,1.381379462455067e-55
-1,0,7.472195782471048e-30
0,0,2.5501779230981544e-38
0,0,3.3950525267696046e-20
0,1,0.9998805588889413
0,0,7.007177675681285e-38
-1,0,1.8266719275116836e-50
0,0,9.351469515320518e-29
0,0,1.3805727647043939e-15
0,0,4.947027116149308e-42
-1,0,1.164367755897252e-46
0,0,6.361626437421493e-20
0,0,2.27309281429442e-28
-1,0,5.239875246341811e-47
0,1,0.9998805588889413
-1,0,6.653366984082095e-54
-1,0,3.2019635993971456e-49
0,0,4.790191366327986e-47
0,1,0.9975279983947021
0,0,1.1124058959823904e-09
0,1,0.999999999996922
-1,0,9.921187631515645e-40
-1,0,1.1094371058295188e-37
-1,0,1.1634201948614617e-43
0,0,0.0003414075220396442
-1,0,3.391509569332729e-54
-1,0,2.165358489262003e-56
-1,0,8.714080347150865e-59
-1,0,4.2306819531346725e-41
0,0,1.1133119090695486e-12
0,0,5.0707923525965856e-12
0,1,0.9999999999999545
0,0,9.305901025692803e-11
0,0,4.277644770729762e-06
0,0,4.0179877272082143e-20
0,1,0.9982338331721774
0,0,1.2957098520032375e-26
0,0,2.7311359730652917e-08
0,1,0.9816338355076064
0,0,5.330530766501031e-27
-1,0,1.9206802077800843e-28
0,0,5.053143819013901e-37
0,0,1.840528654592329e-40
0,0,1.834544684422839e-28
-1,0,4.7463929535507257e-51
0,0,5.032616046299734e-22
-1,0,2.4155059644719006e-45
-1,0,5.316304633859226e-55
0,0,7.060332567479584e-28
-1,0,1.640549242216866e-30
-1,0,7.313596489735839e-72
-1,0,3.4116771837985895e-38
0,0,1.9415625146100953e-30
-1,0,1.0252004394896646e-74
0,0,3.987737636175677e-30
-1,1,0.9999999999995175
-1,0,1.951069822862697e-48
-1,0,2.1583184246731024e-44
-1,0,6.329171315189497e-39
0,1,0.9083862650299876
0,0,5.665797289315339e-07
0,0,1.0536610231429767e-16
0,0,0.0025718657341346736
0,0,0.029901125253923085
0,0,1.104930154599768e-22
0,0,2.192972308475052e-27
0,0,1.244961377615366e-10
0,0,6.676604432892822e-29
-1,0,2.3802321867971725e-74
0,0,2.3077099172751477e-08
0,0,3.207919147312259e-18
-1,0,1.2757494748331225e-52
0,0,1.6503047696458708e-14
-1,0,5.664497630415007e-44
0,0,9.35908592784218e-32
0,0,1.5450832969819853e-16
-1,0,1.6295241982819473e-43
0,1,0.9990989279903394
-1,0,2.7011402725866727e-43
-1,0,3.417236806821761e-44
-1,0,5.248414076216e-53
0,0,4.791293137283377e-10
0,0,2.7467449823174745e-29
-1,0,2.6595292756904067e-69
0,0,1.1040309638102035e-19
-1,0,5.8248545705155114e-61
0,0,0.011607933220985682
-1,0,1.6057281592196266e-72
-1,0,3.045942935970625e-34
0,0,1.2396187560429067e-32
0,0,1.734837425190889e-29
0,1,0.9995404815407178
-1,0,6.698382371636508e-41
-1,0,4.701064524367863e-61
-1,0,1.2312881001282549e-45
-1,0,1.5472452679827101e-59
-1,0,1.3545741114956248e-66
0,0,3.787257231408364e-09
-1,0,1.0361668963039598e-30
-1,0,2.43382945562937e-35
-1,0,9.35908592784218e-32
0,0,2.703962024972931e-09
0,0,2.6934450272738027e-40
-1,0,5.8343466747890584e-67
0,1,0.9999999999998941
-1,0,1.5472452679827101e-59
0,0,7.048845863539417e-22
0,1,0.9511043990132185
-1,0,1.459583464432995e-51
0,0,5.655281859538912e-38
-1,0,1.727392551569133e-51
0,0,1.6462518977665187e-05
-1,0,8.783788984166056e-43
0,0,5.3392173273854454e-33
0,0,3.418021623856797e-07
0,0,8.769498328227445e-37
-1,0,1.2302860793993015e-42
0,0,2.2828843849974286e-06
-1,0,1.2778284189330398e-58
-1,0,5.9560166890919185e-22
0,0,5.675033411349332e-13
-1,0,5.906365316091943e-29
-1,0,3.7833049972611235e-43
-1,0,7.012884752596111e-41
0,0,1.9368262475704676e-21
0,1,0.9998805588889413
-1,0,1.5459861217023996e-56
-1,0,2.1513012489082283e-32
-1,0,4.0508328934303704e-50
0,0,1.932101534224363e-12
0,0,1.6298963422268864e-06
-1,0,2.258728228105675e-50
0,0,3.2053085466883795e-15
-1,0,1.9463103636000908e-39
0,0,1.525001432026061e-51
0,0,1.0491393469077487e-38
0,0,4.2523763098009485e-22
-1,0,1.8222159257206085e-41
0,0,1.0431774000864238e-17
-1,0,1.378009711562139e-46
-1,0,1.458395657219702e-48
-1,0,1.2788691610703645e-61
0,0,5.044922681204763e-31
0,0,6.303459838358308e-24
-1,0,2.2417230157563672e-60
-1,0,7.920971871492176e-38
-1,0,7.0357595800768015e-53
-1,0,1.1001884622415168e-44
0,0,3.796518511023201e-18
-1,0,2.5737102657474815e-34
-1,0,2.427892347684611e-26
-1,0,8.790943042712368e-46
0,0,4.238550881856474e-10
0,0,7.370770738937714e-25
0,1,0.9583694221825518
0,0,0.00982596193105277
0,0,2.868695088706371e-20
0,0,2.4259165319029496e-23
-1,0,2.5737102657474815e-34
0,0,3.0409873840345674e-28
0,0,5.960867635781796e-25
-1,0,8.389867987768062e-43
-1,0,7.848547625967482e-42
0,0,2.4135402287135027e-42
-1,0,4.929809338680042e-67
0,0,1.1160343744991431e-21
0,0,8.308294840798664e-07
0,0,1.2302860793993015e-42
0,1,0.9999999767798534
0,0,7.460039003747736e-24
0,0,0.00014707774493544825
-1,0,5.655281859538912e-38
0,1,0.5677175264057858
0,0,1.820733008660054e-38
0,0,1.4599191775382954e-14
0,0,1.051090601413312e-07
-1,0,6.698382371636508e-41
0,0,5.049031576840578e-34
0,1,0.9999999999993241
-1,0,1.0482855586082968e-35
0,0,4.743621155551387e-11
-1,0,2.271637266950515e-71
0,0,0.36129101414979364
0,0,9.963946868857005e-18
0,1,0.9214744111589723
0,1,0.999999999999754
-1,0,4.5041033414024224e-27
0,1,0.9998805588889413
0,0,1.951069822862697e-48
-1,0,7.077597730253018e-37
-1,0,2.9812920074590876e-76
0,0,3.0615621134862414e-15
-1,0,2.3053017255509943e-42
0,0,8.850420854320117e-33
0,0,9.872842980832642e-22
0,0,1.0370108144187132e-33
0,0,3.218382829470961e-30
-1,0,8.857629181963854e-36
0,1,0.9999999999999105
0,0,1.720375232657027e-36
0,0,1.1494984845341875e-44
0,0,4.685780312514668e-49
-1,0,1.3604121782756165e-44
0,0,2.4199987268235048e-14
0,0,3.0409873840345674e-28
-1,0,2.5995752895494e-33
0,0,3.1974792610175238e-06
0,0,3.232253604206725e-08
0,1,0.9999999999956888
-1,0,1.361520181711041e-47
0,0,1.640549242216866e-30
0,0,9.888931632303258e-28
0,0,3.036039894460579e-22
-1,0,7.490468105371856e-39
-1,0,7.403874855350336e-34
0,0,1.3165137215334465e-09
-1,0,2.5237680096068568e-45
0,0,1.244961377615366e-10
0,0,2.4160614872131973e-08
0,0,1.1629426352816268e-49
0,0,1.2802051381367988e-27
0,0,1.7320149570284774e-23
0,0,7.940341620350045e-47
0,0,7.829401800298675e-33
-1,0,6.334326181981142e-42
-1,0,9.854513906211028e-53
0,0,7.528878198230449e-20
0,0,4.7707318054788186e-32
0,0,0.0013126465350389947
0,0,1.9238101222848876e-34
-1,0,7.914525794406022e-35
-1,0,2.4233849307125674e-57
-1,0,4.004003405526258e-45
0,0,5.675033411349332e-13
0,1,0.5564240532006846
0,0,9.243362234651762e-24
-1,0,4.203946575163769e-63
0,0,3.587256553059977e-16
-1,0,1.8222159257206085e-41
0,0,3.389528996133585e-14
-1,0,4.697238803887829e-58
0,0,0.03678605105801417
-1,0,7.345117293468112e-50
0,0,7.054586877591848e-25
-1,0,3.0328715899828375e-56
-1,0,1.3108640421215083e-31
0,0,4.302110684324354e-27
-1,0,1.5397057440083666e-41
0,0,0.06969986277076516
0,1,0.9999999999999545
0,0,1.81629149432712e-29
-1,0,2.5737102657474815e-34
-1,0,1.1712916697230626e-30
0,0,0.002173999232648371
0,0,2.712781892753289e-21
0,0,5.3392173273854454e-33
0,0,8.836021792643092e-27
0,0,5.04081712938305e-28
0,0,5.632307975397648e-23
0,0,9.273512497192436e-36
0,0,2.165856534930686e-19
-1,0,2.6797038734281455e-59
0,1,0.9997657107404385
0,1,0.9999999928594738
0,0,3.191553299826542e-37
0,1,0.9999999999997922
0,0,7.901649373393629e-29
0,1,0.9995404815407178
0,0,1.177297892706974e-11
-1,0,9.381972405272431e-41
-1,0,1.5434709023829302e-50
-1,0,9.1924305058298e-49
0,1,0.9975279983947021
0,0,5.020339432320708e-13
0,0,2.5460289487378584e-32
-1,0,5.669111146035177e-47
0,0,0.2544247221923586
-1,0,1.0321367463572992e-61
0,0,4.602576135380495e-31
0,0,1.385075956319704e-27
-1,0,9.29618971547008e-45
-1,0,3.027937304280285e-50
0,0,3.045942935970625e-34
0,0,5.573979195652866e-30
0,0,0.00014707774493544825
0,0,2.7172026054571218e-27
0,0,6.0060854522648076e-15
0,1,0.9999999999973992
0,0,3.2348862549994657e-11
-1,0,8.714080347150865e-59
0,0,5.931817588197557e-07
-1,0,7.914525794406022e-35
0,0,1.759821030552553e-06
-1,0,1.4359291093761524e-74
0,0,7.823030242823122e-30
0,1,0.999858646546025
0,0,8.740986728439758e-25
0,0,3.632167762444981e-24
0,0,3.031100454131891e-16
-1,0,8.355785185195329e-28
0,0,1.4794007944433145e-25
0,0,0.2458195049045108
0,0,2.0360352355390976e-36
0,0,9.35908592784218e-32
-1,0,9.303761104719428e-48
0,0,1.7423140818405575e-07
0,0,2.703962024972931e-09
0,0,1.3944471109719282e-14
0,0,0.1481734957046791
0,0,4.061672694762427e-22
0,0,0.0013126465350389947
0,0,4.689596700493855e-52
-1,0,8.714080347150865e-59
-1,0,1.9269451372561015e-40
0,0,1.1058300777456724e-25
0,1,0.9999993253060184
0,1,0.9999999939665167
-1,0,7.496568803767698e-42
0,0,0.0013126465350389947
0,0,1.395582834552012e-17
0,0,3.5960287415803777e-25
0,0,7.497730858515047e-05
-1,0,1.2133075265605484e-74
0,0,5.965722533381234e-28
-1,0,6.329171315189497e-39
-1,0,4.917783512415505e-58
0,1,0.999999999999946
0,0,2.7172026054571218e-27
0,0,2.5932338595576738e-24
-1,0,1.6472409551671334e-45
-1,0,2.4155059644719006e-45
0,0,2.2495524236262614e-35
0,0,4.281147042893906e-09
-1,0,2.058171722567489e-38
0,1,0.9999999999997922
0,1,0.9998805588889413
0,0,6.217898818929959e-19
-1,0,6.631735400428178e-42
-1,0,3.5805967598093853e-47
0,1,0.9975279983947021
0,0,1.3154406156450096e-06
-1,0,5.883392629019508e-60
0,0,1.1763397953180034e-08
0,1,0.9583694221825518
0,0,9.286947264842943e-11
0,0,1.5513856094280592e-31
-1,0,8.671617772502078e-41
-1,0,8.260622285742827e-69
-1,0,1.2948801599547417e-69
0,1,0.999858646546025
-1,0,4.0170637780213877e-57
0,0,7.119684671023996e-21
0,1,0.9982338331721774
-1,0,8.692823132295145e-50
-1,0,6.687484537229184e-35
-1,0,4.669471786040784e-74
0,0,2.0653600619689428e-13
0,0,1.3828225274205938e-21
0,0,1.3910261329202112e-05
0,0,5.024428305847582e-16
-1,0,5.225891055358574e-75
0,0,1.393312311622911e-11
0,0,1.4622982420963354e-20
-1,0,1.8390308346557032e-37
0,0,8.888565202768787e-11
0,0,5.304555758608885e-09
0,1,0.9993565019537491
0,0,1.385075956319704e-27
-1,0,2.8710315306055467e-23
0,0,1.6378801748231558e-24
-1,0,1.603115743473334e-66
0,0,3.6469831812254676e-39
0,0,1.0457283603198083e-26
-1,0,5.612705126437675e-48
0,0,3.2053085466883795e-15
0,0,2.0464757449118478e-17
0,0,7.974563627283664e-25
0,0,4.7098083511347884e-30
-1,0,1.634839426782936e-55
-1,0,6.513645378565674e-59
-1,0,2.9990202628531647e-60
0,0,8.828831049065864e-24
-1,0,2.183561396849825e-49
-1,0,4.742530344851236e-48
-1,0,1.4421178073298577e-52
-1,0,1.6139621129370481e-53
0,0,1.830069477749748e-19
0,1,0.9963792435860281
0,0,9.939640618296325e-09
-1,0,2.1548069803443692e-38
-1,0,1.0896815751619162e-54
0,0,6.293204517341921e-18
-1,0,1.894173876496459e-60
0,0,8.383040323604081e-40
-1,0,6.687484537229184e-35
0,0,4.7590940345417013e-23
0,0,1.332996019029264e-17
-1,0,4.495741408936941e-58
-1,0,3.6048223813937913e-34
0,0,7.908084963129628e-32
0,0,9.351469515320518e-29
-1,0,2.174690948339473e-34
0,0,1.7437334332081842e-10
0,0,0.059537192980701294
0,0,1.8640000685412134e-11
-1,0,1.5262434870831202e-54
0,0,2.0619994296936182e-07
0,0,2.4259165319029496e-23
0,0,3.2157637135155272e-27
0,0,3.240157782019605e-17
0,0,1.9610746412552898e-29
-1,0,1.555179329456845e-40
0,0,8.903049889268079e-17
0,0,2.165856534930686e-19
-1,0,7.740233809525573e-74
0,0,9.872842980832642e-22
0,0,1.3839487832241056e-24
0,0,2.2884721183711958e-15
0,0,3.092329903470207e-14
0,0,5.281791839602534e-31
0,1,0.9999999999999243
0,0,6.0158728879338476e-21
-1,0,6.687484537229184e-35
0,0,2.675344168733293e-53
0,0,1.1013377795007746e-10
-1,0,1.458395657219702e-48
0,0,5.07905564729837e-18
0,0,6.346107821786357e-11
0,0,3.2157637135155272e-27
-1,0,2.7077455742540704e-52
0,1,0.999999999998143
-1,0,3.0509065634071557e-40
0,0,2.1822862362630107e-09
-1,0,3.619526259821962e-49
0,0,2.165856534930686e-19
-1,0,9.84649431501496e-50
-1,0,5.027364185155403e-56
0,0,0.059537192980701294
0,1,0.9999999999999545
-1,0,9.937355064775681e-46
0,0,4.500437907688766e-24
0,0,4.259305924756147e-28
-1,0,6.631735400428178e-42
-1,0,4.172296461915974e-73
0,0,0.0030423243084556875
0,1,0.9999461360071845
0,0,6.716306866684025e-13
0,0,5.960867635781796e-25
0,0,3.45799884629351e-12
-1,0,3.361856258390387e-67
0,0,4.787391699250803e-07
-1,0,1.5472452679827101e-59
0,1,0.969919102690411
0,0,9.720752086923246e-48
0,0,5.31320001915583e-15
-1,0,1.7231787328819e-42
0,0,7.096536933947511e-09
0,0,2.2828843849974286e-06
-1,0,7.089131287846645e-43
-1,0,3.3887495630510456e-51
0,0,1.5450832969819853e-16
-1,0,1.0429375180917255e-54
0,0,7.472195782471048e-30
-1,0,6.904851442132686e-67
0,0,4.9430012316171056e-39
0,0,2.2978066742118306e-30
-1,0,8.313156459318904e-47
-1,0,1.2353043507673251e-57
-1,0,2.2860839493378172e-49
0,0,6.001197707336102e-12
0,0,0.007035147419316433
-1,0,5.888184426203482e-63
0,0,6.241825638927727e-71
0,0,7.472195782471048e-30
0,0,7.381084352851899e-68
0,0,2.1640939635684868e-16
0,0,1.846956857109651e-15
0,0,4.7707318054788186e-32
0,0,6.967357969373377e-17
-1,0,4.269721526201282e-37
-1,0,3.3400315020309256e-43
-1,0,7.44012963467555e-52
-1,0,4.9378428893422574e-73
-1,0,7.829401800298675e-33
0,0,4.9349592886660055e-33
0,0,3.805802423564017e-27
0,0,4.489459494392339e-15
0,0,5.941487522337556e-13
0,0,1.831559999005606e-22
0,1,0.9999999999998517
-1,0,2.271637266950515e-71
0,0,1.8270920732037005e-13
0,0,1.6325550601677712e-12
0,0,1.5413139677510024e-07
-1,0,1.69801505106471e-71
0,0,3.418021623856797e-07
0,0,2.202375274466847e-05
-1,0,3.394271823533359e-57
-1,0,2.5522549450072556e-41
-1,0,4.697238803887829e-58
0,0,3.626258460673529e-18
-1,0,8.676684781449813e-81
0,0,2.427892347684611e-26
0,0,8.80729391019878e-15
0,0,3.031100454131891e-16
-1,0,1.643222659086747e-36
-1,0,1.6255491206356872e-34
0,0,1.547601143837888e-22
0,0,1.9206802077800843e-28
0,0,6.298330090558916e-21
-1,0,4.047536330645226e-47
0,0,1.1504347068719598e-47
0,0,0.28767782301535344
-1,0,8.369401659788264e-34
0,0,1.3175859730958574e-12
0,0,1.3910261329202112e-05
-1,0,1.0235325047549767e-68
-1,0,8.165125699833905e-64
0,0,2.169385985464201e-25
-1,0,3.1449468566254667e-66
0,1,0.9998020269621885
0,0,2.0498106541235996e-23
0,0,3.018092803104663e-38
0,0,2.0448103254884923e-14
0,0,6.676604432892822e-29
0,0,1.121499293984877e-39
0,0,3.4208066391758804e-10
0,0,0.00014707774493544825
-1,0,1.8266719275116836e-50
0,0,1.1124058959823904e-09
0,0,7.037377847722706e-16
0,0,4.0310937141624986e-32
-1,0,3.22362746262712e-36
0,1,0.9999997925218902
0,0,1.7362503835998994e-32
0,0,1.0457283603198083e-26
0,0,1.2195292011082043e-55
0,0,1.819251298395513e-35
0,0,2.172921187542567e-31
0,0,3.601888781410235e-31
-1,0,7.43407486640563e-49
0,0,5.632307975397648e-23
-1,0,6.676604432892822e-29
-1,0,2.80780629170655e-62
0,0,3.418021623856797e-07
-1,0,2.8633693151222437e-51
0,0,3.834672394527096e-17
0,0,1.309797262589662e-28
0,0,7.47828159876224e-33
0,0,1.0448773478770192e-23
0,0,4.255839706876642e-25
0,0,4.489459494392339e-15
0,0,3.790341821210939e-12
0,0,6.682042270606088e-32
0,0,1.0482855586082968e-35
0,1,0.9999999999999243
0,0,1.3910261329202112e-05
-1,0,2.5217141703304204e-42
-1,0,6.550872035658244e-80
0,0,2.4239423240377386e-20
0,0,1.3805727647043939e-15
-1,0,3.179139818555296e-68
-1,0,1.2225114076775086e-64
-1,0,2.8563843833430998e-42
0,1,0.9999963631396123
0,0,1.7217764121660338e-39
-1,0,6.968567518021739e-63
0,0,3.4235927558839643e-13
-1,0,9.822474678186808e-41
-1,0,7.307644693982249e-69
0,0,4.295111428796829e-21
0,0,1.241638822011879e-38
0,0,4.766849389851813e-29
0,0,2.0653600619689428e-13
0,0,3.828433630684503e-11
0,0,3.3922896372336254e-17
0,0,2.0514801461224273e-26
-1,0,5.608137513966143e-45
0,0,6.308593764140137e-27
0,0,3.036039894460579e-22
0,0,3.4089007651373125e-35
-1,0,1.3873330573760693e-33
-1,0,8.790943042712368e-46
0,1,0.9999999999988798
0,0,4.751351296692429e-17
-1,0,1.9463103636000908e-39
0,1,0.9999999999994289
0,0,7.888793901484382e-23
0,0,2.3095895115574323e-11
0,1,0.9999999999990534
-1,0,4.518794954130151e-39
-1,0,1.153247951472607e-56
0,0,1.3805727647043939e-15
0,0,0.0015531210928223808
0,0,8.873316656139749e-05
0,0,3.587256553059977e-16
0,0,5.632307975397648e-23
-1,0,4.945889531370043e-79
0,0,9.963946868857005e-18
-1,0,8.850420854320117e-33
0,1,0.9999999615097016
0,0,6.298330090558916e-21
0,0,7.882374010790425e-20
-1,0,2.2879458768551333e-52
0,0,9.832726107234487e-07
0,0,4.5077717604709036e-30
0,0,1.734837425190889e-29
0,0,4.04846728706625e-10
-1,0,4.2203615852150217e-32
-1,0,7.760946240516165e-46
0,0,3.0665511937233366e-21
-1,0,3.158501234796989e-44
0,0,3.21314672899341e-24
-1,0,8.319927205761103e-50
-1,0,2.3015511489087364e-36
-1,0,2.8757101247801666e-29
-1,0,6.687484537229184e-35
-1,0,1.1712916697230626e-30
-1,0,1.8910921782446328e-54
-1,0,4.933824478922442e-70
0,0,0.4724623189427959
0,1,0.9999999999997922
-1,0,5.002866496530352e-38
0,0,3.1974792610175238e-06
0,0,1.1646355662313986e-09
0,0,5.01625388380276e-10
-1,0,7.415940109736747e-40
0,0,2.405693269800122e-30
-1,0,1.0378554198723372e-36
0,1,0.9998327148965553
0,0,3.2027000705578363e-12
0,0,6.649481551927544e-14
0,1,0.9999999999998745
-1,0,1.820733008660054e-38
0,0,1.849966633038735e-21
0,0,4.259305924756147e-28
0,0,3.796518511023201e-18
-1,0,1.1473644241078882e-75
0,0,9.947736172354694e-12
-1,0,1.241638822011879e-38
0,0,0.00982596193105277
0,0,3.2157637135155272e-27
-1,0,5.248414076216e-53
-1,0,2.8850901980751786e-41
0,1,0.9920058436002769
-1,0,3.546401776745981e-57
0,0,6.716306866684025e-13
0,1,0.9996116960617358
0,1,0.9993565019537491
0,0,1.7291970808390885e-17
-1,0,1.5564459632515775e-43
-1,0,6.658785895786374e-57
0,0,4.511443167325731e-33
-1,0,6.568401801335321e-52
-1,1,0.9999999999988798
0,0,1.1031325047809885e-16
0,0,0.1959069714273571
0,0,9.955838221251546e-15
0,0,1.4670680082045027e-32
0,0,3.240157782019605e-17
0,0,3.031100454131891e-16
0,0,1.0908199164703221e-20
0,0,9.888931632303258e-28
-1,0,2.2860839493378172e-49
0,0,1.6489617536437498e-11
0,0,1.5390737271056174e-47
0,0,6.98439577436235e-26
0,0,1.2054308836820207e-50
-1,0,3.968994818473495e-58
0,1,0.9998805588889413
0,0,4.255839706876642e-25
0,0,6.371993257873985e-26
-1,0,4.4085025802408246e-69
0,0,4.061672694762427e-22
-1,1,0.999999999998431
0,0,1.1684344090954047e-21
0,0,7.522751206489462e-17
0,0,4.2523763098009485e-22
0,0,0.0013126465350389947
0,0,3.617412516388001e-09
0,0,8.47541439591739e-05
0,0,7.823030242823122e-30
-1,1,0.9999999999939615
0,0,1.3944471109719282e-14
-1,0,4.431108776688407e-50
0,0,8.895804598308275e-14
0,0,1.104930154599768e-22
0,1,0.9995404815407178
0,0,2.5653425582321527e-22
0,0,1.9368262475704676e-21
0,0,5.536520176476163e-43
0,0,6.671171020485046e-26
-1,0,9.913113781324748e-37
0,0,9.229925940088859e-64
-1,0,5.006941139019994e-41
0,0,1.651648879455752e-17
-1,0,1.6938728961463739e-62
0,0,4.284633890950767e-12
0,0,2.4239423240377386e-20
-1,0,1.1019813144883682e-50
0,0,7.510512176800537e-11
0,0,9.305901025692803e-11
0,0,3.8253179099594795e-08
0,1,0.7830138077940757
0,0,8.405472868656272e-12
-1,0,5.9851816972720075e-40
-1,0,3.361856258390387e-67
0,0,3.8377955878171246e-20
0,0,2.869853032400464e-29
-1,0,6.31887416326509e-33
-1,0,6.271301464780247e-43
0,1,0.7203891326027229
0,0,1.371294850336106e-28
0,0,6.346107821786357e-11
-1,0,8.145207610441712e-55
0,1,0.9999999999244293
0,0,2.176462150538501e-37
-1,0,1.034660708048903e-70
-1,0,8.812440197572237e-55
-1,0,8.836021792643092e-27
0,0,1.3862040474544595e-30
0,1,0.9999984335483707
0,0,0.1481734957046791
0,1,0.9426474162674192
0,0,3.796518511023201e-18
0,1,0.9998020269621885
-1,0,3.350926112035852e-55
0,0,4.7474846528992134e-14
0,1,0.9999999999999545
0,0,3.0533914095497107e-43
0,0,6.206355200575656e-50
0,0,7.45396803325785e-21
0,0,9.880884032004308e-25
0,1,0.9951619999287135
0,0,8.272647534376835e-29
0,0,1.7306054454043953e-20
0,0,5.934215475934281e-16
-1,0,4.158731393258075e-61
-1,0,1.5434709023829302e-50
0,0,5.646081082125484e-32
-1,0,1.3119316905042843e-34
-1,0,1.60050757795831e-60
-1,0,5.303335987101377e-46
0,0,1.834544684422839e-28
-1,1,0.9999999999992002
0,0,1.8424479774374199e-06
0,0,1.3044763729668953e-13
0,1,0.9998020269621885
0,0,1.1763397953180034e-08
-1,0,5.521744298828228e-71
-1,0,1.8062835704243135e-54
-1,0,2.271637266950515e-71
0,0,2.5196620024658765e-39
0,0,7.447902003316221e-18
-1,0,6.271301464780247e-43
0,0,9.704937052683561e-42
0,0,4.538270467860698e-17
0,0,7.856746033221046e-08
0,0,9.399422559271673e-10
-1,0,5.646081082125484e-32
0,0,1.7437334332081842e-10
0,1,0.9083862650299876
0,0,1.2843809477654508e-39
-1,0,1.3567815071579768e-72
0,0,8.828831049065864e-24
0,0,3.2586758676180156e-38
-1,0,6.169667269045147e-66
0,0,1.077084355902125e-49
-1,0,2.435811716183364e-38
0,0,9.872842980832642e-22
0,0,5.062516872584793e-06
0,0,1.9368262475704676e-21
0,1,0.9999999999939615
-1,0,8.676684781449813e-81
-1,0,1.4560229419145803e-42
0,0,3.3978176665729514e-23
0,0,0.03678605105801417
0,0,0.11047258117115966
-1,0,1.7362503835998994e-32
0,0,8.843218392804481e-30
0,1,0.9998805588889413
-1,0,4.4884271287578e-52
0,0,4.0147178937786107e-17
0,0,2.6064636687353094e-05
0,1,0.9998805588889413
0,0,6.710841139986072e-10
-1,0,4.5567818312991695e-32
0,0,1.9415625146100953e-30
-1,0,2.431848808236626e-32
0,1,0.9998805588889413
0,0,3.808902103372316e-30
0,0,5.330530766501031e-27
0,0,1.7362503835998994e-32
-1,0,1.3556773600499887e-69
-1,0,7.066082937010914e-31
0,0,1.2446750949017131e-47
0,1,0.9992385207630202
-1,0,3.3454743722195688e-49
0,1,0.9996718776349772
0,0,6.705375374079349e-07
0,0,9.343859301025919e-26
0,0,4.5041033414024224e-27
-1,0,1.6335089964848213e-52
0,0,4.7232644010158026e-33
0,0,1.6378801748231558e-24
0,0,1.1130558994204029e-49
0,1,0.893369102137408
0,0,1.4658741100787493e-29
-1,0,1.2988783488535158e-35
0,0,1.0852548783357444e-39
0,0,7.460039003747736e-24
-1,0,2.5564140651668797e-47
0,0,7.901649373393629e-29
0,1,0.9999999999992002
-1,0,3.226252983303984e-39
0,0,1.0843716992616038e-36
0,0,4.0179877272082143e-20
-1,0,1.1464307003624219e-72
0,1,0.9970757539106673
0,0,1.1013377795007746e-10
0,1,0.9998327148965553
-1,0,1.4730521004443004e-47
-1,0,4.979352458424518e-66
-1,0,2.3963363750396828e-61
-1,0,4.0508328934303704e-50
-1,0,9.744522973840665e-57
-1,0,1.9147679972242054e-62
0,1,0.9426474162674192
0,0,1.4730521004443004e-47
0,0,3.744124688787847e-50
-1,0,1.8222159257206085e-41
0,0,8.910301081238252e-20
0,0,1.7362503835998994e-32
0,1,0.969919102690411
0,0,3.043464151386675e-31
0,0,1.2972885948409008e-38
-1,0,2.519082598093118e-76
-1,0,8.836021792643092e-27
0,0,1.3154406156450096e-06
-1,0,1.392991914999771e-48
0,0,6.716306866684025e-13
0,0,1.0966115035658272e-32
-1,0,8.655518789711519e-72
0,0,2.5826991605907027e-09
0,0,5.627724410151942e-20
0,0,1.73342561664568e-26
-1,0,8.213679626577607e-48
0,0,6.250912061553448e-31
-1,0,8.776640747583717e-40
0,0,8.298132842859078e-10
0,1,0.5145458140910169
0,0,1.7306054454043953e-20
0,0,0.0005657986584497836
-1,0,1.2988783488535158e-35
0,0,9.963946868857005e-18
0,0,1.935250060772097e-18
0,0,4.266246832118238e-34
-1,0,2.0426764333343296e-48
-1,0,6.144603757702896e-51
-1,0,4.778506125543243e-38
0,1,0.9999999974012914
-1,0,9.303761104719428e-48
0,0,9.939640618296325e-09
-1,0,2.3821707944355e-77
0,0,1.6489617536437498e-11
-1,1,0.999999999999754
0,0,1.9499303994070067e-08
-1,0,1.9336751566725847e-15
0,0,0.06969986277076516
-1,0,1.1741559174252292e-39
0,1,0.9959089985382445
0,0,1.379449256298656e-12
-1,0,6.5189504923919e-62
-1,0,4.6542902892434e-62
0,0,4.2916160724425385e-18
0,0,1.307666307251037e-22
0,0,1.1753686901998727e-05
0,0,5.675033411349332e-13
-1,0,1.2426500891133612e-41
0,1,0.9999984335483707
-1,0,1.2073952375562928e-56
0,0,3.3922896372336254e-17
0,0,1.227284907217966e-33
-1,0,7.071837989997228e-34
0,0,4.7629701337298295e-26
-1,0,8.850420854320117e-33
0,1,0.9888388702745383
-1,0,2.7077455742540704e-52
0,1,0.9998805588889413
-1,0,1.2376019765904868e-26
0,0,2.27309281429442e-28
-1,0,4.0508328934303704e-50
-1,0,4.203946575163769e-63
0,0,1.0519467847708032e-10
0,1,0.9999999999997089
0,0,1.3839487832241056e-24
-1,0,4.7348145550526137e-42
-1,0,5.517250710165482e-68
-1,0,1.290670215039785e-57
0,0,1.5488616054916917e-25
0,0,1.1703384740147955e-27
0,0,5.527512616631258e-37
-1,0,3.1662249556582915e-53
0,1,0.7203891326027229
-1,0,3.0328715899828375e-56
0,0,2.3846593410722716e-43
-1,0,2.388545349701074e-49
0,0,3.4089007651373125e-35
-1,0,3.557969531198125e-69
0,0,0.022520688130908524
0,0,3.22951900332327e-05
-1,0,2.657364954063992e-66
0,0,3.831551742887748e-14
-1,0,8.362590651096494e-31
-1,0,8.233765155745979e-57
-1,0,5.911175823646644e-32
0,1,0.8762257613638691
0,0,5.3218583380886955e-21
0,0,0.36129101414979364
0,0,2.1822862362630107e-09
-1,0,9.404914848728848e-50
0,0,1.452471104970429e-33
0,0,1.9499303994070067e-08
0,0,3.5718622162198436e-38
-1,0,1.8062835704243135e-54
0,0,3.8377955878171246e-20
0,0,0.1481734957046791
0,0,8.50378047493185e-17
0,0,8.376218215784732e-37
0,0,1.0966115035658272e-32
0,0,7.497730858515047e-05
-1,0,2.056496784972049e-35
-1,0,9.880884032004308e-25
0,0,1.6365472699680573e-21
-1,0,1.6321796488892335e-49
0,0,5.965722533381234e-28
-1,0,1.7302074871220767e-57
0,0,1.4721916509867572e-07
-1,0,7.428025025498408e-46
-1,0,1.5184570476534982e-73
0,0,5.028520509602316e-19
0,0,1.4634892278150458e-23
0,0,2.27309281429442e-28
0,0,1.6445610007897324e-39
-1,0,5.612705126437675e-48
0,1,0.9992385207630202
0,0,1.0925975018616115e-26
-1,0,7.307644693982249e-69
-1,0,1.2312881001282549e-45
0,0,4.5345772289816624e-14
0,1,0.991633642292004
0,1,0.9989337726694644
0,0,1.8439519744909458e-09
-1,0,2.056496784972049e-35
0,0,1.2999362353497818e-38
-1,0,8.620356813563158e-57
0,0,0.016183188969714886
0,0,2.4239423240377386e-20
0,0,7.528878198230449e-20
-1,0,8.812440197572237e-55
0,0,2.0464757449118478e-17
-1,0,1.3041764044340355e-50
0,1,0.9995404815407178
0,0,1.2165542693634671e-46
0,0,2.169385985464201e-25
-1,0,4.1689010522294265e-70
-1,0,3.8275532702175955e-48
0,0,0.12814496581218981
0,0,3.5989575687867074e-28
0,0,0.14247520701469296
0,0,1.9368262475704676e-21
0,1,0.9999999999978024
0,0,8.685748923610252e-47
-1,0,2.2978066742118306e-30
0,0,6.250912061553448e-31
-1,0,7.03003388765574e-50
0,1,0.9999999999995175
-1,0,4.24102755822704e-50
0,0,0.026543175832651634
0,1,0.9982338331721774
-1,0,5.8153779092807684e-55
0,0,4.259305924756147e-28
0,1,0.999999999999936
-1,0,2.5647526494689405e-59
-1,0,4.0072645124170206e-48
0,0,1.6281980935101489e-40
0,0,9.32865744694565e-20
0,0,4.4967754569005835e-21
-1,0,1.2292848741135918e-39
0,0,1.720375232657027e-36
0,0,9.313480325296803e-14
0,0,2.3057787916339442e-05
0,0,7.856746033221046e-08
-1,0,1.0474324651207039e-32
-1,0,1.175112222294449e-42
-1,0,1.4347605520476702e-71
0,0,1.7390797537561401e-38
-1,0,4.0508328934303704e-50
0,0,3.1811768464673776e-25
-1,1,0.9999999999992002
0,0,1.5488616054916917e-25
0,0,6.288083115310014e-15
0,0,5.044922681204763e-31
0,0,1.1058300777456724e-25
-1,0,5.049031576840578e-34
-1,0,7.03003388765574e-50
-1,0,7.446189334321631e-55
-1,0,6.534891772818478e-71
0,0,0.0002884921269182206
-1,0,2.4397810820312565e-44
0,0,1.7291970808390885e-17
-1,0,1.555179329456845e-40
0,0,2.563254885639639e-19
0,0,0.08144701269395363
0,0,3.2157637135155272e-27
0,0,5.281791839602534e-31
0,0,9.343859301025919e-26
0,0,1.4745909316894802e-13
0,1,0.9744636507168487
0,0,4.255839706876642e-25
0,0,3.033569168959572e-19
0,0,1.3208079652737745e-21
-1,0,2.5278807078416448e-51
-1,0,1.9034491353626105e-78
0,1,0.9583694221825518
0,0,2.8710315306055467e-23
-1,0,1.164367755897252e-46
0,0,3.566051027667371e-32
0,0,1.3044763729668953e-13
0,0,8.279385287856756e-32
0,0,1.4658741100787493e-29
0,0,1.107632123492892e-31
0,0,3.1296219416205704e-48
0,0,1.4706555400550581e-41
-1,0,4.913781426291617e-55
-1,0,3.5521809451447504e-63
-1,0,3.557969531198125e-69
-1,0,1.4619619819174854e-57
-1,0,4.0137946965003717e-54
-1,0,4.0508328934303704e-50
0,0,1.106730733844393e-28
0,0,4.302110684324354e-27
-1,0,7.43407486640563e-49
0,0,1.1655841184965904e-12
0,0,5.913561859303363e-41
-1,0,8.198430812524161e-79
-1,0,3.93270489598898e-62
-1,0,1.4347605520476702e-71
0,0,1.0370108144187132e-33
0,0,1.6338847135240704e-15
0,0,1.1792164014533254e-17
0,0,0.008315245403482004
0,0,5.67041507298469e-10
0,0,1.3066021300318718e-19
0,0,2.569523005789419e-28
0,1,0.9995404815407178
0,0,6.288083115310014e-15
0,0,6.644070211645717e-11
0,0,9.947736172354694e-12
0,1,0.9987383846518546
-1,0,2.9691808768608634e-61
0,0,2.7288389848735356e-05
-1,0,4.207370528081866e-66
-1,0,2.3821707944355e-77
-1,0,4.511443167325731e-33
0,0,1.023767923478177e-31
0,0,1.379449256298656e-12
-1,0,9.175364626728666e-80
-1,0,3.348199132521437e-52
-1,0,8.699903102651136e-53
0,0,8.873316656139749e-05
0,0,3.232253604206725e-08
-1,0,1.2302860793993015e-42
0,0,1.3165137215334465e-09
0,0,7.054586877591848e-25
0,1,0.9995189166142144
-1,0,5.069626307629271e-49
0,0,7.460039003747736e-24
0,0,0.06969986277076516
-1,0,3.221004078595682e-33
0,0,6.324020643422145e-36
-1,0,5.292534436371638e-46
0,1,0.9999999999992002
0,0,2.7149913493464646e-24
0,0,1.146694386420718e-35
0,0,6.531075527798611e-31
-1,0,2.8757101247801666e-29
0,0,7.037377847722706e-16
0,0,6.282965881029379e-12
-1,0,5.9705813851081395e-31
0,0,3.523378973633345e-33
-1,0,2.8383337435254568e-64
-1,0,9.686919697825784e-73
0,1,0.9999999978041865
0,1,0.9999999988806987
-1,1,0.9999999999998244
0,0,3.158501234796989e-44
0,1,0.9999999999859805
0,0,2.8710315306055467e-23
-1,0,3.0353417473325776e-59
0,0,1.9399824734434674e-27
-1,0,5.9705813851081395e-31
-1,0,9.720752086923246e-48
0,0,6.698382371636508e-41
0,0,4.541966714740557e-20
0,0,3.22362746262712e-36
0,0,3.374983186453214e-36
0,0,8.857629181963854e-36
0,1,0.9998248619036796
0,0,2.8663605482007157e-17
0,0,3.777149804994481e-37
0,0,2.2922013816020515e-21
