Probability_-1.2236392998687713,Probability_0.0023293404165421,Probability_1.2282979807018557
1.4467081789598834e-22,0.999999993330764,6.669235904855704e-09
0.9999838775585487,3.5437283794385123e-28,1.612244145120718e-05
1.405061914801795e-36,1.0,8.373741283802294e-17
8.318922202557547e-10,0.003303775386306086,0.9966962237818018
3.517291254697667e-28,0.9999999999935856,6.4144547636593e-12
1.2156579058659416e-07,7.347569556318147e-05,0.9999264027386463
0.9994802092716341,6.13959821949457e-25,0.0005197907283660153
2.1703833175352397e-24,0.9999999995869744,4.130255128804973e-10
0.9999999049242493,8.612077448315681e-34,9.507575072296781e-08
1.2931283787765795e-06,5.364517919431878e-07,0.9999981704198293
1.8874351233522037e-27,0.9999999999915294,8.470467452573248e-12
1.5813121917827474e-17,0.9999953430069676,4.6569930323946985e-06
0.999336803589173,1.5489896784674226e-23,0.0006631964108270897
1.659286375246186e-15,0.9999385367395193,6.146326047917568e-05
0.9998442064824654,3.5116460667419e-25,0.00015579351753460108
0.999962365519169,9.97726624144637e-27,3.7634480831091325e-05
0.9999634278768453,1.6935098971477095e-27,3.6572123154721645e-05
0.9999998812036403,1.785706001308716e-33,1.187963598188341e-07
1.1696461280709657e-17,0.9999948492144364,5.150785563635788e-06
2.7207695929424687e-06,0.0007169239481795933,0.9992803552822274
4.2215254654450854e-21,0.999999976759956,2.324004405372837e-08
3.313871195113507e-14,0.9828984320237603,0.01710156797620645
8.055993097490504e-06,1.3455329101172346e-07,0.9999918094536114
1.669164864613038e-06,0.0026455389979349203,0.9973527918372004
4.7796413021789795e-11,0.9613830093144404,0.038616990637763325
7.035605523087348e-15,0.9998551180048222,0.00014488199517076795
0.9999999999905698,7.595834337714983e-42,9.430176123614174e-12
0.9999992700503991,1.2466070749346475e-31,7.299496009064442e-07
0.9061346820287809,5.095764699791527e-19,0.0938653179712192
0.0004988738403098199,1.9666086347790225e-11,0.9995011261400241
1.7057844239756777e-05,3.2414688184370783e-09,0.9999829389142914
0.9920032178161955,2.850183362031088e-21,0.007996782183804434
4.290923129617477e-07,1.6812744217929522e-06,0.9999978896332652
0.9982795715108549,2.17330860585418e-22,0.001720428489145249
3.773551410903249e-14,0.9823453727595154,0.01765462724044692
1.514019921310028e-15,0.9999461212147288,5.3878785269653056e-05
0.9999559190119118,1.8714679224479763e-26,4.4080988088234495e-05
2.4070724037859455e-06,1.710270112118362e-07,0.999997421900585
0.01214822293024714,1.5243239597461126e-12,0.9878517770682285
0.0002049570358718648,5.883764776639857e-11,0.9997950429052905
6.418814880827571e-20,0.9999959567836089,4.0432163910653456e-06
1.168813001193038e-12,0.9975449700628555,0.002455029935975786
1.6246901289107083e-14,0.9994554608208752,0.0005445391791084978
8.041754916178737e-08,0.06058128543955488,0.9394186341428958
1.578465162866088e-20,0.9999999095017182,9.049828167491953e-08
7.003458906822633e-08,7.327223971746068e-05,0.9999266577256936
0.9997526334818613,4.03959622392588e-26,0.0002473665181387231
0.006932245138899157,8.334593070845099e-12,0.9930677548527663
4.3688566250072305e-20,0.9999924179888688,7.582011131191531e-06
0.9999999999999725,1.151855586861475e-49,2.7574876308436872e-14
0.002910166471770813,1.3284893381628784e-12,0.9970898335269007
0.999999999878588,6.722728388032271e-40,1.214120206852809e-10
2.3758993858178185e-05,1.3231926315699306e-08,0.9999762277742155
4.128417900090511e-09,0.0002233008218387196,0.9997766950497435
7.2091263015074e-07,2.0252564338368035e-06,0.999997253830936
1.1927249849416055e-21,0.9999999830197225,1.698027752010348e-08
0.00024064343625354316,1.5630079985628575e-06,0.999757793555748
0.00013464218873202968,2.1403290107620074e-06,0.9998632174822573
0.9999999999999929,6.781719520552389e-51,7.156505461827228e-15
0.39982808128490005,5.934983084742908e-15,0.6001719187150939
0.9999995389684639,5.752835279108017e-32,4.610315360245876e-07
2.2234494749748278e-29,0.9999999999993086,6.913402707861923e-13
5.568666624900409e-06,6.860532391248449e-08,0.9999943627280512
0.006354099265966736,1.426435567173469e-08,0.9936458864696777
0.9999999978864178,1.7310325049246392e-36,2.113582259459871e-09
0.9999998681927067,4.927518254184948e-33,1.3180729328807438e-07
6.676744900890208e-06,1.1037737173360314e-08,0.999993312217362
1.4390103125650386e-24,0.9999999884650336,1.153496630546814e-08
0.9999999980360776,2.6271595622250607e-36,1.9639224380468823e-09
0.9999999903506921,1.2271422114240615e-35,9.649307992907307e-09
0.9999999951065544,1.554650367761571e-36,4.893445552539866e-09
2.4604180156181495e-18,0.9999968489737736,3.15102622638911e-06
0.00029459115189517686,9.932411978748075e-10,0.9997054078548637
2.937310479222442e-06,1.1864650954000207e-07,0.9999969440430111
0.9999999999999893,2.2074445171980026e-50,1.0703092052651618e-14
1.109267030237411e-05,1.6777534899209525e-08,0.9999888905521627
4.1147626853450494e-07,0.006068161915231564,0.9939314266085
2.899830342148057e-29,0.9999999999990163,9.836651459678332e-13
4.5770334580349685e-33,0.9999999999999971,2.8398628874825124e-15
5.68796439509689e-11,0.13585323835194804,0.8641467615911724
6.059612576533704e-09,0.001017471279068286,0.9989825226613192
0.006700221499509388,1.8407899830708698e-12,0.9932997784986498
0.9999994284049866,4.4281550833779475e-32,5.715950134407872e-07
0.00815073431374117,3.8177721590690445e-12,0.991849265682441
0.9855579739310377,2.050260140398035e-20,0.014442026068962272
4.98188069552789e-19,0.9999995588704956,4.411295045030569e-07
9.762031740026223e-05,1.8195968255173601e-09,0.9999023778630028
1.69584595703528e-08,0.00043368490444601596,0.9995662981370944
1.9040824174026737e-20,0.9999967660601238,3.2339398762278e-06
5.30985139426657e-07,2.962039921628044e-06,0.9999965069749389
1.5435012076770958e-26,0.9999999999474551,5.2544837840034005e-11
0.9999991765088962,1.868484222898246e-31,8.234911037815413e-07
0.0011936014942965827,1.7704425250103942e-10,0.9988063983286593
9.797683963510035e-06,4.066072435785278e-08,0.9999901616553121
9.693155364462639e-25,0.9999999997823876,2.1761227656182537e-10
0.9999999999977875,7.070422081744961e-45,2.2124556332024974e-12
5.232058066276174e-29,0.9999999999992404,7.595646383579665e-13
2.6911349728749747e-08,0.39388147258123446,0.6061185005074158
0.9999884155494352,1.0955789914808712e-27,1.1584450564939052e-05
1.1073276614847448e-05,1.1829752964984688e-08,0.9999889148936322
0.9999999999848208,6.549013914548549e-43,1.5179086990868384e-11
0.999999992549707,3.3210481894615136e-35,7.450292973349304e-09
4.2627008082022053e-07,2.4825610103492338e-06,0.9999970911689088
2.821489602960323e-20,0.9999999048218915,9.517810859224771e-08
1.4914074779051122e-25,0.9999999998696454,1.3035463791288376e-10
2.2951329970430284e-10,0.054610302630220306,0.9453896971402663
4.340908488878273e-05,1.1217391460439494e-09,0.999956589793372
7.690645227422266e-19,0.9999992177503658,7.822496341116481e-07
0.9999999999982572,2.0435874833091158e-45,1.7427983788757021e-12
8.177025562884403e-08,0.0647285633394133,0.9352713548903311
1.6721313502610179e-07,1.071988098041514e-05,0.9999891129058844
6.603588718165148e-20,0.999999740503189,2.5949681102589045e-07
0.9999998789042222,5.508738861334661e-33,1.2109577774045315e-07
1.7838689019103234e-07,1.0034866585719087e-05,0.9999897867465241
2.9752978503271982e-15,0.9981129497360208,0.0018870502639762418
0.9999969353467991,2.7214422332990833e-29,3.064653200998554e-06
0.9998667352435452,8.362530189177979e-26,0.00013326475645480013
5.916387776333402e-19,0.9999794753533794,2.0524646620658035e-05
0.0008225261759945071,2.4740696743117585e-10,0.9991774735765985
1.92742421817468e-07,3.561341663025499e-05,0.9999641938409479
8.014405035072361e-12,0.9849618293581132,0.015038170633872475
0.9719376784217997,6.797204001841699e-20,0.028062321578200253
0.9999996669491039,9.157036877612695e-32,3.330508960429147e-07
2.311172318839656e-05,4.112571387554816e-09,0.9999768841642401
3.916095601488421e-15,0.9998541369798399,0.00014586302015608682
0.9730390936825138,3.8218759305445824e-20,0.02696090631748604
3.4889461973673313e-08,0.23888169832034709,0.7611182667901909
3.375233814173165e-05,5.331264782263861e-10,0.9999662471287317
1.2587429033920103e-15,0.9999331949493988,6.680505059989375e-05
0.9986551011881932,2.1608337359644564e-23,0.0013448988118068361
4.245189505663362e-06,2.8464387478057537e-08,0.9999957263461069
3.4776191629378734e-05,1.0407730546170484e-09,0.9999652227675976
0.9999999998990867,4.0652970526389245e-40,1.0091335870907255e-10
0.9999999999999643,2.1938933019192176e-49,3.56468708481098e-14
0.9999999999993692,3.2341162577603227e-46,6.308658553495004e-13
8.888791755958451e-19,0.9999987999819594,1.2000180405916408e-06
3.133541763557405e-20,0.9999925754904758,7.424509524314536e-06
0.9995563835003354,7.560183657121445e-24,0.0004436164996646057
1.0339166228372532e-06,0.006636492060646527,0.9933624740227306
0.9999999233519538,4.602918859509499e-34,7.664804627795621e-08
1.800140666457753e-05,3.171568083769087e-09,0.9999819954217672
0.9999999999762164,1.9021241761958042e-41,2.3783719686290392e-11
0.9995161706894551,3.856575502797372e-24,0.0004838293105449177
0.9999118420199662,3.759922749227549e-26,8.815798003381162e-05
2.884283737964683e-05,6.857555395391205e-05,0.9999025816086664
7.900104185364043e-20,0.9999997615242882,2.3847571191821993e-07
5.870865089769628e-19,0.9999993799374852,6.200625147221371e-07
4.3953724070035345e-05,3.2811227711004787e-09,0.9999560429948071
0.9809851027191193,1.3589205144736622e-20,0.01901489728088075
0.00010042580279527534,3.1113554347225838e-06,0.9998964628417699
3.55709029551097e-05,2.5660123251135946e-05,0.9999387689737939
0.00021017621553782678,6.173814065115921e-10,0.9997898231670808
0.0031424994771871977,8.770497938087887e-12,0.9968575005140423
1.9263878606582473e-16,0.9999812166624606,1.8783337539130177e-05
0.9999998808340385,1.9580117234260246e-32,1.1916596145776673e-07
0.9999813039769146,3.0056420545104924e-28,1.869602308536498e-05
9.006561512232922e-17,0.9999897214166311,1.0278583368839054e-05
0.9999978338687306,1.0857579507064918e-30,2.166131269454035e-06
1.6313293659606416e-36,1.0,7.232617562251752e-17
5.0188102051758205e-15,0.99974870797327,0.000251292026724905
6.148908149006328e-07,0.015365925832142684,0.9846334592770424
1.7601834629634724e-14,0.9918728945193337,0.008127105480648822
2.8180645181237596e-30,0.9999999999997813,2.186142013329227e-13
9.07421653184892e-17,0.9999870993140773,1.290068592283456e-05
0.9994252541978246,5.767933347135123e-24,0.0005747458021755146
9.354652078219854e-37,1.0,3.2398256126281804e-17
0.9999572303874691,1.9803121894833952e-26,4.2769612531017325e-05
0.011652295980824503,1.83770266167911e-12,0.9883477040173377
1.5515944336662832e-14,0.9998237509361322,0.00017624906385224534
3.678861378313705e-06,2.1167990739513037e-07,0.9999961094587142
6.465569333973083e-23,0.9999999970921285,2.907871555997671e-09
0.9996926157363638,1.3221671410311747e-24,0.00030738426363621
2.87142362075188e-22,0.9999999900167112,9.983288863116295e-09
0.0016068111456999515,4.456552152977387e-12,0.9983931888498435
0.9999999996970272,4.915590247647123e-39,3.02972774317575e-10
0.000935621801581638,2.605861054171807e-07,0.999064117612313
0.9999999389178293,2.8210045832593343e-33,6.108217058884554e-08
0.9978433608462469,3.6362043438793013e-22,0.0021566391537530183
7.8597030133320295e-22,0.9999996053439216,3.9465607841060894e-07
0.0003308547465135268,5.314238812067546e-10,0.9996691447220626
6.254918288708854e-26,0.9999999999224747,7.752530705030847e-11
0.9999999990825699,1.7769629799215435e-37,9.174302177950849e-10
4.0372177443980605e-18,0.9999332771966661,6.672280333393223e-05
2.411027651835756e-09,0.0005201339531359009,0.9994798636358364
0.999999999732432,3.705202859496458e-40,2.6756790813675575e-10
4.1635652035263423e-19,0.999999167539041,8.324609589730649e-07
0.9999999995741182,1.3655923777399203e-38,4.258817351790738e-10
0.0009917732769954975,7.509665665923577e-08,0.9990081516263478
6.561951685388294e-09,0.00356096403263269,0.9964390294054157
0.00041246429161039824,1.0931291848730881e-10,0.9995875355990768
9.264596061647888e-06,3.4217150024105164e-08,0.9999907011867882
2.1595111718971241e-13,0.9991605463469021,0.0008394536528819137
9.683990623297672e-38,0.9999999999999998,3.1792077889088474e-16
1.4824142072072145e-10,0.9322441095349192,0.06775589031683932
0.0005933825760317644,1.3876243346629534e-06,0.9994052297996336
0.004296504155020754,5.632200550310685e-12,0.995703495839347
0.9999999999876192,4.679255921428019e-43,1.238084755575423e-11
0.00018102999144644863,4.315256420779085e-10,0.9998189695770278
4.6561436770723764e-24,0.9999999778821207,2.2117879180247143e-08
0.00016272974804741535,1.4640810427140868e-06,0.99983580617091
1.370605120824017e-07,5.6797973369563535e-06,0.999994183142151
0.00025215693426272937,2.957803964000636e-10,0.999747842769957
2.49396263539427e-05,1.4533337849961223e-05,0.999960527035796
1.4647016003648821e-06,1.8404188301875315e-07,0.9999983512565166
4.195042812979142e-18,0.999998113969685,1.8860303150489922e-06
0.9999999993130919,3.9925488153286907e-38,6.869080396114867e-10
2.6575837557494057e-18,0.9999985570385985,1.4429614013753195e-06
0.00012276029221792282,2.8883428588078795e-10,0.9998772394189479
2.5836776980472353e-06,1.6246524758633075e-07,0.9999972538570543
2.0373784094402192e-18,0.9999980713388532,1.9286611467512248e-06
7.585886537465304e-24,0.9999999980460872,1.9539127574667025e-09
0.999999999994873,4.965391459775546e-43,5.126959007930522e-12
0.0035800439082355195,7.498259470692675e-08,0.9964198811091697
1.3972714474347833e-36,1.0,8.603179885819703e-17
0.9999910982333011,3.7448050567402156e-28,8.901766698802246e-06
2.1923333158789997e-16,0.999980448319229,1.955168077068005e-05
2.4744617828639695e-16,0.9999632791929162,3.6720807083706664e-05
3.6544816784907e-22,0.9999999892082146,1.0791785382512667e-08
0.999999999984073,2.854656666419108e-42,1.592699368928955e-11
0.9999999999983735,1.6684780928993447e-43,1.626441695809934e-12
3.568869588533974e-10,0.9116042614095508,0.08839573823356238
5.673467989225455e-07,1.0040301624630657e-06,0.9999984286230387
1.6051059431181373e-20,0.999999923770613,7.622938688998607e-08
3.903508867503487e-06,1.3260260976893569e-07,0.9999959638885227
0.9996363360428274,2.7834790689324177e-24,0.0003636639571725523
0.9999999999924332,2.864495535182896e-44,7.566917941696518e-12
0.9990463723097064,2.5271326481097144e-23,0.0009536276902934825
6.652847773770763e-17,0.9999917836561494,8.216343850749505e-06
0.9999999992961961,4.36141325660165e-38,7.038038956320096e-10
0.9999233262219724,9.218583859250835e-26,7.667377802762237e-05
2.5783170775579484e-20,0.9999998762772941,1.2372270595902615e-07
0.9977245597259841,2.363189241469859e-22,0.0022754402740160946
4.772262236315446e-06,6.099048936749123e-08,0.9999951667472744
2.0056872025866084e-08,0.00019869990695041407,0.9998012800361776
1.2744372660421352e-18,0.9999987065422583,1.293457741729858e-06
1.6203269049692736e-29,0.9999999999631282,3.687175374345366e-11
0.9999999999995162,1.164107567736619e-46,4.838098501615608e-13
1.6748011841283978e-20,0.9999999073318934,9.266810662376067e-08
1.0260656129959949e-25,0.999999999932389,6.7610925891866e-11
2.5293311754830366e-24,0.9999999994831108,5.168892470606971e-10
1.0464177930896228e-27,0.9999999999966513,3.3487362099095457e-12
6.326964833311683e-07,8.32915428651285e-07,0.999998534388088
1.1327679969840483e-25,0.9999999998953106,1.0468940355894986e-10
5.15702708223011e-16,0.9999627282042485,3.7271795751010186e-05
0.0009498310022306889,2.4366075307891337e-11,0.9990501689734033
2.1724273469427537e-23,0.9999999983240155,1.6759844408532998e-09
0.9999999999878826,5.239337800299996e-43,1.2117417985011343e-11
1.2441077645668788e-05,5.757272514949206e-09,0.9999875531650819
4.6360213542628723e-29,0.9999999999991485,8.514690896245261e-13
1.001831173622456e-19,0.9999996324367738,3.6756322618840686e-07
0.9999999999839411,1.9558100345882786e-42,1.6059012291932025e-11
1.0674672969970668e-28,0.9999999999986291,1.3708303974269133e-12
0.9999999953600223,3.416030626699139e-36,4.639977799341162e-09
1.7423569763043882e-16,0.9999730227219412,2.6977278058559057e-05
1.8162664163240697e-05,1.2163733750429352e-08,0.999981825172103
0.9971520760126128,1.0388753100007211e-22,0.002847923987387113
0.9999989850540862,2.4283760524634745e-30,1.0149459136242241e-06
0.9999999999855198,7.748546720606237e-42,1.4480277106896009e-11
0.00036775260479646383,5.51218791000039e-10,0.9996322468439848
0.9999990177700937,3.372174682462325e-30,9.822299062911944e-07
1.0854828658863892e-07,0.02147429476185793,0.9785255966898555
2.6776886922076087e-07,0.019185655229830834,0.9808140770013
4.778826339328609e-23,0.9999999956063736,4.393626410157114e-09
0.9999999999928588,1.143793123955477e-42,7.141278855753134e-12
0.0002158168062706975,7.925343643795806e-10,0.9997841824011949
0.9999999999998843,6.222431843159593e-48,1.1565530541067747e-13
0.999996901736084,1.734474943701788e-29,3.0982639161367094e-06
0.9999940384251299,9.850878768903464e-29,5.961574870112926e-06
1.2496112341972496e-23,0.999999997582214,2.41778597709697e-09
1.2717561457140163e-28,0.9999999999592133,4.078670490050567e-11
0.9999997280232324,7.165662662559481e-32,2.7197676742846087e-07
0.0002993919005743887,5.273007934779723e-10,0.9997006075721249
0.9999999283776309,3.137277296606092e-33,7.162236915826184e-08
6.941978427203954e-09,0.00030310911791050805,0.999696883940111
0.9999795163966716,1.904844614816357e-26,2.0483603328454972e-05
1.8596123502954158e-08,0.0001203733142282715,0.9998796080896484
7.026650535156735e-05,3.5190561194333968e-06,0.9999262144385289
4.174967756950792e-09,0.5930540049204366,0.4069459909045956
0.9999999989490314,6.943663143580102e-38,1.0509685412132298e-09
0.00011764801191898027,9.66300756204815e-10,0.9998823510217804
0.00043217444591695333,6.326080035042595e-11,0.9995678254908222
6.581816208092057e-23,0.9999999324156678,6.758433226401602e-08
9.21992308255123e-09,0.000514582685873953,0.999485408094203
1.0047387085223212e-17,0.999996200119496,3.7998805039422457e-06
3.3008651347732315e-30,0.9999999999998104,1.896188051582524e-13
0.9999999999999929,5.949466466854326e-50,7.180931438641834e-15
0.9999999181557213,2.0958524301897525e-32,8.184427869493883e-08
1.0454640540069286e-05,2.4453775376285006e-08,0.9999895209056846
4.517746190623426e-09,0.0011114013080351323,0.9988885941742187
0.9999617657399555,2.2248707971419822e-26,3.823426004458358e-05
1.532685860443614e-19,0.9999996329324128,3.670675872273158e-07
3.083364076810385e-19,0.9999996763209844,3.236790155404873e-07
5.960833814285223e-07,2.0837337028604806e-07,0.9999991955432482
2.51911283426833e-29,0.9999999999993123,6.875902845627341e-13
1.2613201755774195e-06,3.233709999645716e-07,0.9999984153088245
0.9999973825693129,7.986582467471354e-29,2.6174306871192086e-06
8.004847904861967e-09,0.0011706100319417898,0.9988293819632102
0.9999999832232916,3.334797302978279e-34,1.6776708365383707e-08
8.361613244908271e-26,0.9999999972124389,2.78756113421911e-09
0.9999999899851307,2.2833301626061148e-36,1.0014869333606812e-08
0.9999999999930413,1.8755938964384594e-42,6.958747819701143e-12
0.9999999999929774,2.8978933993722408e-43,7.022523042959325e-12
0.9999999999914333,2.995750356174194e-42,8.566596091912998e-12
0.00011762492236217687,2.3222231852249248e-09,0.9998823727554146
0.9999999999999789,1.7811495148240242e-49,2.1185395338667445e-14
1.0924605730349582e-36,1.0,4.982145837842866e-17
0.00022506207808358237,1.128599547762097e-09,0.9997749367933167
0.9999999998445759,3.852695741609446e-39,1.554240737575185e-10
1.2296724097227965e-23,0.9999999979768277,2.0231723411297863e-09
0.9999999998462976,1.384461497697589e-40,1.5370241260307936e-10
0.9999999999987914,2.2318564463701706e-45,1.208698229559108e-12
0.9999999975220848,2.2872695703242833e-36,2.4779152144289587e-09
6.584403281957218e-23,0.9999998664373021,1.3356269803860136e-07
0.9999999995236148,7.026773296440516e-38,4.763852010518943e-10
0.9999999189191516,1.1141476031394227e-33,8.108084831987966e-08
0.9999999999988838,3.024450307521955e-44,1.1161257609768594e-12
0.9999990902030316,3.817882308624064e-30,9.097969683712448e-07
0.00026605871523003606,1.5182638462516315e-09,0.9997339397665062
1.7875075654558733e-05,3.169174240327575e-08,0.999982093232603
1.4058536493569857e-26,0.9999999999637676,3.62323458245611e-11
6.759299226186893e-21,0.999999935561111,6.443888899277184e-08
0.9995089605014198,2.8596550826932206e-24,0.0004910394985803429
2.3842281643189707e-05,5.184933393996344e-09,0.9999761525334233
0.0005199437631832665,2.945423938538877e-11,0.9994800562073624
0.9999999163297609,7.385632206730208e-33,8.367023898070852e-08
2.035034187844782e-09,0.0027695998187850916,0.9972303981461806
4.0996662295493684e-34,0.9999999999999987,1.2261690077100336e-15
0.0008794724698262783,3.753941156820374e-07,0.999120152136058
2.512202396672298e-11,0.27983144144135064,0.7201685585335273
0.9999999577508434,2.613800305469192e-34,4.224915659686771e-08
0.9999999998841351,4.42431655170812e-41,1.1586494061757751e-10
6.452855568387502e-29,0.9999999999987592,1.240678269213099e-12
0.0033419242252801028,7.1021804285188305e-12,0.9966580757676178
0.00043426754455979836,1.8171603942331233e-10,0.9995657322737241
2.4733598877994945e-21,0.9999999611806591,3.881934095571506e-08
0.9999757908893783,1.479327518481722e-27,2.4209110621719025e-05
0.9999998999152826,1.5329991448460997e-33,1.0008471734680675e-07
6.443571218096767e-05,4.601836774872843e-10,0.9999355638276353
2.2201564879005394e-13,0.9989095433446317,0.0010904566551462771
0.9999999999998652,7.506614394379167e-48,1.3468787167030803e-13
1.2158729586227805e-14,0.9881209283043959,0.011879071695592073
0.99999999999995,4.4469115666475606e-49,4.995265049064354e-14
0.0033073890358695833,5.983776862457944e-08,0.9966925511263617
0.999999944305928,1.1341284318681145e-33,5.569407210786846e-08
5.133920121624846e-18,0.9999457390202081,5.426097979195149e-05
1.0954647229898274e-09,0.007376163558485877,0.9926238353460494
0.00025863540390112804,3.302435534193646e-10,0.9997413642658552
7.31185774988888e-07,0.007016702330354964,0.99298256648387
0.9778758672124553,2.033338279470483e-20,0.02212413278754462
2.7195581388911356e-20,0.9999947188003269,5.281199673076408e-06
8.136329921978612e-06,0.0001052674054509439,0.9998865962646271
0.9999990693915167,1.9054387324550907e-30,9.306084834238453e-07
1.6934532063256892e-35,0.9999999999999951,4.923395245973804e-15
1.3540834258380436e-20,0.9999999445967471,5.5403252845491444e-08
1.0355848771768296e-16,0.9993357823269082,0.0006642176730917541
3.4912411437758485e-15,0.9947494990217969,0.005250500978199546
0.999999999999913,2.0667512033860706e-48,8.699553600933027e-14
0.999999999999984,1.8915330357570632e-50,1.590282898678101e-14
1.2800349590285593e-29,0.9999999999991678,8.322226930052512e-13
5.2076993911389997e-20,0.9999998348467787,1.651532214650196e-07
0.9999999365230312,6.025798533164634e-34,6.347696879059466e-08
5.965091596239754e-08,4.160515927622785e-05,0.9999583351898079
1.5252488373558904e-09,0.012943254243210753,0.9870567442315404
4.415638355568232e-07,0.02035206872159206,0.9796474897145724
0.9999820666325128,3.087827832311718e-28,1.793336748716048e-05
0.9999998423134209,1.865617525052975e-33,1.5768657919326752e-07
1.386909271817854e-16,0.9999831275639438,1.6872436056064775e-05
9.987291572642176e-05,1.0327071807610898e-05,0.999889800012466
1.033524138672848e-29,0.999999999999712,2.8802939436264956e-13
3.9506970996617346e-29,0.9999999999994087,5.912672919218331e-13
1.7222705292231576e-33,0.9999999999999956,4.515836951581963e-15
9.160046618027801e-16,0.99991051915583,8.948084416913476e-05
0.001579257513122969,3.707877915540279e-07,0.9984203716990855
0.0018725154233112514,6.1261857273906264e-12,0.9981274845705624
1.1346639239994789e-07,0.11959690613078414,0.8804029804028235
8.42926911147339e-06,8.979353393045068e-09,0.9999915617515351
1.9020966671387205e-24,0.9999999992964841,7.035159333209478e-10
0.9983060023558079,1.757356454471175e-22,0.0016939976441920424
1.9161626779288651e-25,0.9999999998407945,1.592054633191113e-10
9.676009006721704e-10,0.021312052589606195,0.978687946442793
7.61624544645222e-37,1.0,4.2488662266745905e-17
0.004499627472940979,6.63989858226343e-08,0.9955003061280732
0.9999999999999898,5.859431874228256e-51,1.0198132111516251e-14
0.9999999980650149,1.204112715479907e-36,1.9349850429561462e-09
4.816910903448129e-15,0.9957801813518958,0.004219818648099424
0.9999999998397013,7.922109915682462e-41,1.602986635344137e-10
0.008117995301375112,1.6011006603682284e-12,0.9918820046970237
3.8579959444088023e-35,0.9999999999999998,2.6767423839551864e-16
0.9986630196978272,6.40744723364883e-23,0.001336980302172696
1.9218454721768198e-07,0.011547717119979171,0.9884520906954737
0.9999999999853975,6.219102116851366e-43,1.4602612182619916e-11
6.840727965150376e-13,0.9982046302036192,0.0017953697956969372
7.13981141642468e-19,0.9999708427834112,2.915721658876974e-05
1.4846147031860885e-05,5.581386541037959e-05,0.9999293399875578
6.037743108552709e-21,0.9999999471404425,5.285955757417187e-08
5.229295461892097e-21,0.999999944910538,5.5089461848632194e-08
3.9244959661032466e-14,0.9783132983076746,0.02168670169228618
2.5134766844431556e-35,0.9999999999999998,1.7570679988985918e-16
3.0397260924561774e-17,0.9998864182248061,0.0001135817751940016
0.9993816513704147,4.0368708837295663e-23,0.0006183486295852944
1.848794003613101e-05,4.178431126546688e-09,0.9999815078815327
7.898259631547348e-11,0.9786046046057609,0.021395395315256395
0.9999999549120839,4.82722205581982e-34,4.508791602700816e-08
0.9999993272275985,7.698122711231917e-32,6.727724013728064e-07
0.9999999999979599,1.3193554706257687e-45,2.040174954426334e-12
2.370516559103459e-08,0.0002578046914988896,0.9997421716033354
0.9999868315571829,1.6223599474707696e-27,1.3168442816988e-05
2.5034743633712116e-22,0.9999999918009929,8.19900723693561e-09
2.279070648129096e-15,0.9999024791188045,9.752088119334517e-05
7.1075977343572055e-09,0.6501988239682266,0.3498011689241756
0.9780124296109048,1.5922218514192707e-19,0.021987570389095094
0.9999999999972657,7.47804536631361e-45,2.7343556560460715e-12
1.970301811466376e-07,1.933033100311681e-06,0.9999978699367186
0.9999999713385023,8.110960800449251e-35,2.8661497662722403e-08
0.9999529452076166,3.597342485603466e-27,4.705479238352496e-05
3.344063330780764e-16,0.9999731935425655,2.6806457433982485e-05
1.342398417856651e-18,0.9999989088249112,1.0911750888373635e-06
0.9994907147988353,1.4744522014531395e-18,0.0005092852011645163
1.7158153033419602e-27,0.9999999998306228,1.6937713782154225e-10
3.597433484196614e-06,2.9894011017173503e-08,0.9999963726725049
0.9999998628020617,2.0607270356754296e-32,1.3719793843409292e-07
1.1635656623126182e-08,0.0009240005283609494,0.9990759878359824
0.9999999999982918,1.492614357151125e-45,1.708168727172368e-12
1.1287795789252369e-28,0.9999999999980049,1.995164052944063e-12
0.9999999316224644,1.300629932593733e-33,6.837753561486991e-08
3.2532203377494214e-13,0.9977599146412823,0.00224008535839248
2.8266384945599322e-06,7.19434420705625e-08,0.9999971014180634
0.001366145143937029,9.25542979622315e-12,0.9986338548468074
6.686083450259824e-06,1.9034902850600944e-08,0.999993294881647
9.672064784222981e-12,0.9840567959156912,0.015943204074636785
1.0364006947752832e-13,0.9987860571630514,0.00121394283684514
1.3999584923293023e-31,0.9999999999999711,2.8836744789910203e-14
0.9999999014622359,2.6106620181185485e-33,9.853776390812486e-08
0.9999872002687906,3.0881939258078705e-27,1.279973120929872e-05
1.0501944831910334e-12,0.9981087869397796,0.0018912130591701203
8.913102384136146e-27,0.9999999999656031,3.4396874359457724e-11
3.855739388693569e-06,0.0008971291332402555,0.999099015127371
7.225787718692142e-13,0.8998652548308681,0.10013474516840931
0.9999999999999434,8.510478008740445e-49,5.652359732488216e-14
6.639696194114652e-05,5.389524473803052e-10,0.9999336024991065
0.999999999977836,6.250223789037589e-43,2.216398339542282e-11
0.9999970669747185,5.799074779452774e-30,2.9330252815907003e-06
0.9999997558092192,6.748036502420867e-32,2.441907807728161e-07
4.053075352615073e-06,6.19482377155132e-08,0.9999958849764096
0.9999999999948632,1.9946723264073385e-42,5.136755799515679e-12
3.1517920246463055e-08,0.29794164785856464,0.702058320623515
0.9999999999128297,7.389697779959838e-40,8.717019536807191e-11
2.2412509343541176e-18,0.9999978806092714,2.119390728511766e-06
9.537110146768799e-05,5.681817660799938e-10,0.9999046283303504
5.676378506647017e-37,1.0,4.651792672845725e-17
0.0007228476408651711,2.1727621424560665e-11,0.9992771523374072
0.00031501708593540464,1.6896215323118822e-10,0.9996849827451025
5.0224449335529524e-08,1.4679705003947165e-05,0.9999852700705467
0.9978865837988249,2.653742695885933e-23,0.0021134162011751862
1.08838897356301e-25,0.9999999999019935,9.80065809303807e-11
9.230738794828702e-05,1.6649529951556652e-09,0.9999076909470986
8.325496680076112e-11,0.9442909918828323,0.05570900803391276
0.0001603216856998784,1.2832581170839198e-09,0.999839677031042
0.9999321639503655,1.0209270771369468e-26,6.783604963442829e-05
1.96072351054918e-05,1.6263857419913116e-08,0.9999803765010371
0.9999264061286178,2.1268181355796654e-25,7.35938713820543e-05
2.2658641810476026e-07,0.015831373754296812,0.9841683996592849
3.779476787020875e-14,0.9995293980564167,0.00047060194354546053
2.8573891476220644e-08,0.362005843948533,0.6379941274775754
0.9999999999019027,2.3428294043211695e-41,9.809728836007645e-11
0.9996785114422185,3.7958458635360416e-25,0.0003214885577813448
0.9999999945793174,5.260297754891455e-35,5.42068256394498e-09
0.9997439725259771,7.49279982964699e-26,0.00025602747402290234
0.9999999998059088,2.864406774738864e-40,1.9409110859118243e-10
0.9999999999998999,4.301452449496491e-48,1.0007749412171568e-13
0.9999403092736237,4.0590534507253025e-26,5.969072637639298e-05
0.9999999999994711,1.912930843647378e-46,5.288360777284754e-13
1.4027384886217677e-07,3.483696092843204e-05,0.9999650227652228
4.5731300342100655e-07,0.007415984968098675,0.9925835577188978
0.9883921722310972,6.874609715951846e-21,0.011607827768902752
1.9421685004600573e-07,1.3946496606129741e-06,0.9999984111334893
3.0666093818377426e-07,0.015315605602345364,0.9846840877367166
2.177933988683271e-17,0.9999931512014112,6.848798588721653e-06
0.9999999999999893,3.087711975486269e-50,1.0767799737552486e-14
0.9999999999998457,1.0401195844602467e-47,1.5427754975025186e-13
0.9999997527720877,1.2478415960570253e-32,2.472279122923189e-07
8.959221019397496e-08,5.85725681721793e-06,0.9999940531509726
0.9999999999915277,7.62746437547821e-43,8.472413646667333e-12
1.5067361977799844e-25,0.9999999998698657,1.301342769676941e-10
4.983462255191972e-05,3.392137352935012e-09,0.9999501619853106
1.535520321622256e-29,0.9999999999995306,4.69418243963721e-13
9.240095654943917e-11,0.1609829695824126,0.8390170303251865
1.798938579198726e-05,2.7635566895732416e-08,0.999981982978641
9.267275049851592e-23,0.9999999930110162,6.988983695130334e-09
2.8150222581753437e-08,3.956946667200091e-05,0.9999604023831054
0.9999999999943492,3.8438920991101945e-44,5.650845823408868e-12
3.3021073945351104e-09,0.6710630719458345,0.3289369247520581
1.0075036382983227e-21,0.9999999830856036,1.6914396412974367e-08
0.9993715677542271,8.492834512203474e-25,0.0006284322457728689
0.9999165070800663,1.4478015234646697e-25,8.349291993367765e-05
8.170290793855259e-12,0.9930160670966547,0.006983932895174954
5.116463411202857e-10,0.025448691726033642,0.9745513077623199
3.5445906527160896e-08,0.3524153230869266,0.6475846414671669
2.263862255430949e-06,1.1363641039168368e-07,0.9999976225013342
0.0004322575000195973,2.7103946158732325e-06,0.9995650321053645
1.989381513254945e-12,0.9967828804284611,0.0032171195695495755
0.999999999283004,9.146920925062035e-39,7.169961184944252e-10
0.9999999999997566,3.1486284756822137e-47,2.4336599441647883e-13
2.265774810347848e-15,0.9980575230911294,0.0019424769088683376
1.7134430409997366e-05,7.457400640396658e-09,0.9999828581121895
1.1843412454109688e-19,0.9999997608228656,2.39177134478735e-07
0.9999545076062029,2.2340727947893624e-26,4.54923937971931e-05
0.9999997565197634,1.714796050351909e-32,2.4348023667773564e-07
0.0007290193213947614,5.041130146788326e-10,0.9992709801744922
0.9999999999999789,1.058061609299596e-49,2.104174293603036e-14
0.0008999424603001013,2.557585593936001e-11,0.9991000575141241
0.0005180881078634178,6.915933356971007e-11,0.9994819118229773
5.40068451865877e-08,0.08594094370848762,0.9140590022846672
0.9999999999999918,6.718610216542338e-50,8.26932833250055e-15
3.3375897792065845e-33,0.9999999999999951,4.955355357383958e-15
0.9999920300373996,3.272679460144075e-29,7.969962600377193e-06
0.9999608727953249,8.803612815195455e-27,3.912720467508592e-05
0.9999999999918319,2.3669704419344403e-42,8.168193346515637e-12
1.1441756728767538e-05,4.5650788613350277e-08,0.9999885125924826
0.9999999999152112,3.4822473617178008e-40,8.478880719247181e-11
0.9999999999963807,5.383081663313997e-44,3.6193218630151787e-12
0.9999999999999885,1.8478659959741355e-50,1.1589233656322938e-14
1.5762939170156738e-07,1.0726147866971777e-05,0.9999891162227414
0.9999999509766977,8.243881233062109e-34,4.9023302285450783e-08
0.03043459644089429,2.237839244702641e-13,0.9695654035588819
0.0008081237718316572,6.773572145119645e-11,0.9991918761604326
5.3001569383570915e-25,0.9999999996515889,3.484110468628324e-10
0.9999999999291918,2.0469222542602377e-40,7.08082873347636e-11
0.9992765073023134,9.146921839259886e-24,0.000723492697686571
0.9998528174377501,1.9176569432101759e-25,0.0001471825622498566
4.827360101972158e-18,0.9999976287952699,2.3712047301530176e-06
0.0005249946652742148,1.2306913028587294e-10,0.9994750052116567
6.296681760099744e-12,0.9911351530781549,0.008864846915548527
0.9998554029272906,8.383945590678704e-25,0.00014459707270940626
0.9999999806736978,2.4733838832368162e-34,1.9326302102996183e-08
1.994763122783412e-08,0.40099495111091193,0.5990050289414568
1.1297129297544537e-06,0.004605092232979,0.9953937780540912
0.9988458187156414,1.9000114610633346e-23,0.0011541812843585417
0.9999999999999905,1.1539351118498736e-50,9.559537600570407e-15
1.1038031437288496e-19,0.9999996928396961,3.071603039822925e-07
0.9999999999954874,2.5987296419258196e-43,4.51266739771379e-12
6.57038445365057e-30,0.9999999999994456,5.545129317966809e-13
0.9997006777159506,2.154668481715423e-25,0.0002993222840494505
0.9999999999968989,7.082279243176022e-45,3.101108083164538e-12
0.9999999988025083,9.73011486188432e-38,1.1974917543327933e-09
0.00135764865340386,9.675071354925729e-11,0.9986423512498455
7.261344585880331e-23,0.9999999190586742,8.09413256612095e-08
0.9999999915304475,3.1836295628530687e-35,8.469552583547309e-09
5.030926909210527e-10,0.04416077874661214,0.9558392207502951
0.9999875556097564,1.4390579947956974e-28,1.244439024373474e-05
0.9999995844105194,5.567240065505038e-32,4.155894805995209e-07
4.47057689659185e-10,0.01908493795255039,0.9809150616003919
5.36614656313147e-10,0.8571310928504182,0.1428689066129672
2.0388891297811538e-25,0.9999999970338722,2.9661277546907623e-09
2.0613205205699323e-13,0.9990908058128736,0.0009091941869203038
1.1394368332627923e-26,0.9999999999613276,3.8672343439695004e-11
0.999960463929525,2.905503503568945e-27,3.953607047495816e-05
4.881701491017937e-05,5.64230091734659e-10,0.9999511824208597
1.416943734768398e-26,0.9999999991701689,8.298310048679729e-10
7.855556212592112e-05,1.1075327593723638e-09,0.9999214433303414
0.9999936640081775,1.6656515198492912e-28,6.335991822530528e-06
7.087197635793314e-10,0.021134406726348705,0.9788655925649316
2.9003792913572094e-16,0.9999484101950965,5.158980490328337e-05
1.2293183299508217e-06,4.2523252800653334e-07,0.9999983454491421
0.9999999999714404,9.533785630696443e-43,2.8559688535341108e-11
0.9998963240476536,3.5644779591986094e-26,0.00010367595234649021
4.1969576120998616e-05,1.2412094566516678e-08,0.9999580180117845
6.185641117681399e-16,0.9999530212912036,4.6978708795632176e-05
1.4991042653324415e-30,0.9999999999998868,1.1327304749119841e-13
8.646322619135999e-19,0.99999909154566,9.084543399511623e-07
3.05955068946133e-24,0.9999999988572894,1.1427105975763652e-09
0.9999979070643791,1.143016095168081e-29,2.092935620828512e-06
1.196710955486566e-15,0.9999403810893487,5.9618910650156314e-05
0.9999999999999842,5.428486027821493e-50,1.5691606845399483e-14
0.00011050992695954407,6.211586374420049e-10,0.9998894894518817
2.6668738217811148e-24,0.9999999992755193,7.244806619811958e-10
3.363557405625078e-26,0.9999999989233321,1.0766679372993493e-09
4.026559439130189e-26,0.9999999999315989,6.840104531949919e-11
0.9999999999996438,8.732644228805185e-47,3.561075187373892e-13
3.531057582058031e-07,0.028601758364664377,0.9713978885295774
1.1737983033131184e-09,0.004949217840789177,0.9950507809854126
3.842558374676631e-08,0.07959339433337627,0.9204065672410401
2.94812968838734e-08,0.39276223476488614,0.6072377357538169
6.847016618850706e-05,1.5740053015372972e-09,0.9999315282598061
1.0128236685999368e-17,0.9998239284277093,0.00017607157229066253
1.55802522319852e-07,1.46530042999693e-05,0.9999851911931777
3.1488081883322e-14,0.9805904138080103,0.019409586191958254
0.9999999997318101,5.2880169216597244e-39,2.681898957725015e-10
0.9999603214131728,1.6201440801307147e-26,3.967858682711741e-05
0.0018521476994902725,2.5195099583331524e-12,0.9981478522979902
0.9993776188141708,1.5569604552108104e-24,0.0006223811858290877
8.21972895931043e-10,0.047447959320682624,0.9525520398573445
1.2299800714746621e-06,3.747077255709967e-07,0.9999983953122029
0.9999999999536546,1.2683597935818286e-40,4.634540836173443e-11
2.96732757959212e-20,0.9999998497207826,1.502792173477475e-07
0.9940647091740216,2.8984279154663662e-21,0.0059352908259784065
1.5557751056432574e-20,0.9999968331931333,3.166806866665496e-06
6.776807967153674e-32,0.9999999999999767,2.330969195609601e-14
0.9999492491100261,9.945122980708241e-26,5.075088997398816e-05
3.764157550064952e-08,1.1935503781650734e-05,0.9999880268546427
2.6202288170015906e-07,1.9905200767690816e-06,0.9999977474570416
2.3319554991277676e-22,0.9999999879441835,1.2055816431176967e-08
0.9999999992843922,9.953059331000169e-38,7.156078747282147e-10
2.444238004924883e-10,0.02945641461034466,0.9705435851452316
2.2718131570328265e-09,0.0009299031213873255,0.9990700946067996
0.0064463526569751095,6.984294031505337e-13,0.9935536473423265
0.9999986783880287,3.3614740814066905e-31,1.3216119713026337e-06
1.1574093925323248e-16,0.9999784224299619,2.15775700378078e-05
1.7331173184807017e-12,0.8368959746309894,0.1631040253672775
0.9999999993532738,2.1314373979617142e-38,6.467262596349184e-10
0.002706563182083031,1.2570380897028867e-07,0.997293311114108
7.815910390732784e-20,0.9999997363205848,2.636794151218355e-07
6.328986176109474e-14,0.999336249633071,0.0006637503668657356
0.9999999999218794,2.885489762863585e-41,7.812057366815678e-11
0.9999881205187324,1.635429919256242e-27,1.1879481267604739e-05
3.049611338491901e-36,1.0,7.25525464731384e-17
9.33648562983261e-06,0.0010744136442258293,0.9989162498701444
5.657164785847845e-36,0.9999999999999998,1.603464970116147e-16
0.9999999999958555,2.6304249025950016e-43,4.144478238752836e-12
2.454670801763628e-19,0.9999901282611091,9.871738890842592e-06
0.9999999999961937,3.8662112924449416e-44,3.806316762180699e-12
4.310422119722924e-09,0.5099620494691878,0.49003794622039015
0.00011518067737498482,1.2513489608012822e-09,0.9998848180712759
1.966355269808344e-07,7.520917223933302e-05,0.9999245941922337
4.7066441934867646e-36,1.0,6.357366765783101e-17
0.00012097380589071891,6.782296137893429e-10,0.9998790255158797
1.0146406197883934e-16,0.9995635429073487,0.00043645709265137964
0.0003348654682143247,4.85022287489269e-07,0.9996646495094981
0.9999821018076694,4.419591120364007e-28,1.7898192330448545e-05
0.9999989845800511,1.042534245073591e-30,1.015419948889388e-06
2.6825661473162706e-09,0.0038518907082794145,0.9961481066091544
0.9996244771028738,5.745142775067619e-24,0.00037552289712617986
4.7457975326969514e-07,0.009235866451577607,0.990763658968669
4.4149441086534393e-08,0.0001317498809972653,0.9998682059695617
3.154537783118724e-19,0.9999992913593524,7.086406476623656e-07
6.95241483737805e-07,4.8907124535938165e-06,0.9999944140460626
3.088297987739081e-07,4.473251250153465e-06,0.9999952179189511
0.999996769900208,3.7414148944677076e-29,3.2300997918975745e-06
0.9999999996810489,1.1683804004373037e-38,3.189510526483441e-10
1.9454153812713994e-10,0.04773538308709658,0.9522646167183619
0.9999700446220086,3.7989743259959136e-27,2.9955377991372554e-05
2.428609097217098e-28,0.999999999997887,2.1130279198821693e-12
6.124392319926747e-11,0.9563744974264575,0.04362550251229841
0.9994558874143552,8.083583126498344e-25,0.0005441125856447526
3.8296731360722294e-08,4.6680664631310844e-05,0.9999532810386373
9.263179262313382e-13,0.9974571519166304,0.0025428480824432904
1.1481812762966786e-07,0.07057883331028558,0.9294210518715867
7.108446271072011e-11,0.17511629036433882,0.8248837095645768
3.1414355112088396e-21,0.9999999507080246,4.9291975385144555e-08
1.5620264603586058e-10,0.940254526028131,0.05974547381566635
0.9903854967046201,7.072328652945063e-21,0.009614503295379905
7.260518932879942e-07,3.7865781227815316e-07,0.9999988952902945
0.999991153311392,1.4854242062438175e-28,8.84668860805792e-06
1.8829407124795457e-33,0.9999999999999969,3.1747090579967915e-15
1.3331601523032658e-06,2.1918718505261332e-07,0.9999984476526625
5.709337480004449e-14,0.9780188542654921,0.021981145734450837
0.00011333740919090218,1.6590942020181972e-09,0.9998866609317149
0.9999999999999492,1.6195405660369972e-48,5.087747598878948e-14
2.8288966254942625e-09,0.005133048244316183,0.9948669489267873
2.163630511407675e-06,6.703525661148973e-08,0.999997769334232
0.0001900474198884844,8.122358341896681e-10,0.9998099517678757
8.357251845419e-09,0.3719877723343442,0.628012219308404
1.6297825357071837e-27,0.9999999999906966,9.30338771428913e-12
4.147864677497472e-06,2.9568513497785383e-08,0.999995822566809
5.436299906112868e-06,1.9451534318648737e-07,0.9999943691847507
1.6010487857180023e-16,0.9992604986153819,0.0007395013846180119
0.9999999999999856,3.280960943767754e-50,1.4322303815514156e-14
4.3965736823744644e-30,0.9999999999996054,3.9465155603642774e-13
2.767763099267463e-26,0.9999999999336515,6.634842411068256e-11
0.9999999997938374,2.2633515330803265e-40,2.0616269619468652e-10
7.15721201352047e-07,5.96828843087221e-06,0.9999933159903678
1.5978089808145663e-05,0.00013780811352649976,0.9998462137966655
1.404772111480416e-19,0.9999996984515279,3.015484720020219e-07
0.0001134972798147024,8.624359534369738e-10,0.9998865018577493
0.9999999999997382,1.8053677173007772e-47,2.617652650233943e-13
1.2198558217687263e-23,0.999999998470255,1.529744932554128e-09
0.9999999999958267,5.181836160839142e-43,4.173252789829149e-12
6.55856199112461e-26,0.9999999999410847,5.89153991991398e-11
0.9999999979738463,8.27410445133723e-37,2.026153652041693e-09
1.7593492067639058e-07,2.8866452351763314e-06,0.9999969374198441
0.9999999999866576,4.748495037195276e-42,1.334248142547262e-11
1.074293833355938e-21,0.9999999836603195,1.633968049778002e-08
9.841958705796882e-19,0.9999994058909148,5.941090851157926e-07
1.3961772615152852e-06,1.6396860475402864e-06,0.9999969641366909
0.0002899839548018241,1.1262031309547744e-10,0.9997100159325779
0.9999993136741651,8.018599424975007e-31,6.863258350579874e-07
0.9999939083938265,4.357130577793021e-29,6.0916061733836e-06
5.061969151203445e-11,0.9527006192081536,0.04729938074122659
0.999999133928172,1.2535928895211489e-30,8.66071828023302e-07
8.041745724272535e-09,0.00015392689225804477,0.9998460650659962
0.999999999993443,2.2421024144304063e-42,6.557002923240375e-12
2.594975987309286e-28,0.9999999999954012,4.598715797432918e-12
1.5591662528265778e-29,0.9999999999989864,1.0136533858482566e-12
1.08789086773833e-07,9.376879088261942e-06,0.999990514331825
6.642247141356133e-36,1.0,9.365178607935731e-17
1.9350836524674713e-19,0.9999995812118692,4.187881307695075e-07
7.921708782228435e-28,0.9999999999960625,3.937447445947718e-12
0.9986294354811899,3.8325497179669885e-23,0.0013705645188102056
9.499804143342374e-17,0.9994760474425795,0.0005239525574205487
0.9999999999998874,4.891913243915072e-48,1.1257840257098286e-13
1.2860675735209714e-23,0.999999999156292,8.43707923851151e-10
0.9979732738257094,2.0178526644238734e-23,0.0020267261742906006
0.9999999999436422,1.792726346806226e-41,5.635791736646724e-11
5.885748224482504e-07,7.094603906078792e-07,0.9999987019647869
1.5711670189989075e-15,0.9969347951766554,0.0030652048233430437
4.0078623535445075e-08,0.18961544696916377,0.8103845129522126
8.461917938012495e-09,0.0015567601912843169,0.9984432313467978
5.032396112278353e-19,0.9999994626573115,5.373426884034654e-07
0.9953706507753369,1.1974606312415201e-21,0.004629349224663062
0.9999867179626338,2.9553381393654695e-28,1.3282037366082836e-05
4.497534700837829e-06,8.661511810561471e-08,0.9999954158501811
0.000924347980128817,2.6027509254196534e-11,0.9990756519938437
2.3866131893983218e-08,0.2660764402191457,0.7339235359147223
7.088076504777454e-37,1.0,4.557429136540022e-17
8.040011860467282e-15,0.9950462486332167,0.004953751366775276
1.2153700569209607e-05,9.174932877709952e-09,0.9999878371244978
5.278898477429447e-07,1.238803722319684e-06,0.99999823330643
0.9999999999997531,1.6922676244771276e-47,2.4696600562917765e-13
6.902852008158566e-05,2.641016214891149e-10,0.9999309712158168
1.421183481170916e-09,0.004899616982417646,0.9951003815963988
5.844504109512124e-07,1.5392429975883944e-06,0.9999978763065914
1.3110953579297472e-21,0.9999999839723532,1.6027646747385423e-08
1.3844923121962189e-22,0.9999999937627777,6.237222336903446e-09
5.551251081716081e-26,0.9999999999020022,9.799793796203715e-11
3.34093482005293e-07,1.658416668087761e-06,0.99999800748985
4.2499543981085673e-29,0.9999999999991049,8.950314852187772e-13
4.4100024117291794e-32,0.9999999999999869,1.3048223070368923e-14
0.0005081348731016416,2.2636824674095365e-10,0.99949186490053
0.997661420829471,1.2939892406744023e-22,0.002338579170529018
3.538192806334634e-05,4.0086560640181315e-09,0.9999646140632805
3.992171143575003e-07,4.301280096707209e-06,0.999995299502789
0.9999999999959295,3.622946862059407e-43,4.0705514653779745e-12
0.00128107939092937,5.1908553400712884e-11,0.998718920557162
1.240103038334173e-08,8.518781648904902e-05,0.9999147997824805
4.480653307758773e-36,0.9999999999999998,1.1796509726619271e-16
0.9998487663137412,8.283743854874702e-25,0.0001512336862589392
0.9997230233914971,1.0346162491219472e-25,0.0002769766085029492
5.569595915435886e-19,0.9999993251206414,6.74879358575737e-07
0.9999999999926594,1.0706678521392751e-42,7.340656769281705e-12
0.9999837578469775,3.492489530125049e-27,1.624215302267244e-05
8.006684647063137e-23,0.9999999900887994,9.911200716527647e-09
4.9452083469380926e-14,0.9996064378013112,0.0003935621986393807
0.0012023380544164916,1.4501809907740438e-10,0.9987976618005654
2.8224849978377722e-08,0.13950218051022467,0.8604977912649254
5.26582658156546e-07,0.009776954164113446,0.9902225192532282
0.9999999925069553,2.012574439158251e-35,7.493044733214366e-09
0.9999205897411791,2.4635799181115057e-26,7.941025882079017e-05
0.9947752397214836,9.384328756682277e-22,0.005224760278516316
0.9999831963572626,4.913304524262154e-27,1.680364273724853e-05
0.9999999951934688,5.273968431886782e-35,4.806531099477946e-09
2.8838245755598842e-06,1.851740734546962e-07,0.9999969310013509
5.155597343424328e-24,0.9999999983707548,1.6292451346977398e-09
0.000907012901670794,1.1862833982492157e-10,0.9990929869797008
5.600743106047663e-12,0.9904610503537792,0.009538949640620159
0.9989881646866784,1.740441566183216e-23,0.0010118353133216401
0.9999995617243815,4.0821423038640896e-32,4.3827561848433293e-07
0.9884443107625401,1.682879138957957e-20,0.011555689237459825
2.2859137182026872e-17,0.999874062920816,0.00012593707918410202
2.1047199605897387e-05,2.309980736153514e-08,0.9999789297005868
9.793143474062785e-05,5.870546102206485e-10,0.9999020679782047
0.9999999999999942,5.131824744847833e-51,5.819311379262124e-15
1.272999571002771e-15,0.9973350115295951,0.0026649884704034953
2.3081466781566396e-08,0.2946799608539715,0.7053200160645617
3.1310590357738715e-20,0.9999997918213817,2.081786183437426e-07
0.9999999999999807,4.974868429113984e-50,1.9400800442015097e-14
0.9999998964958183,2.73836729661886e-32,1.0350418168868303e-07
1.9289201064383426e-22,0.9999998992106184,1.007893816426104e-07
3.0018590515743673e-06,3.703984180770319e-07,0.9999966277425304
0.9999999999774891,2.442030001156334e-41,2.2510924842244317e-11
4.864996453263694e-16,0.998926924900269,0.00107307509973055
0.9999920794401751,6.584369393063661e-28,7.920559824969968e-06
0.0004907407685209688,2.424285542211413e-10,0.9995092589890505
0.999994076935785,1.2768346804856683e-28,5.923064215120525e-06
3.948258647694583e-23,0.9999998934143459,1.0658565397578636e-07
2.345819129180631e-19,0.9999845557216587,1.5444278341258763e-05
1.3810856468687172e-06,3.711149599247949e-07,0.9999982477993932
0.00029477617436374096,6.73390826997082e-10,0.9997052231522453
0.9999999999221132,7.979939613088123e-40,7.78868999674457e-11
0.01169191326632196,9.47293796895728e-13,0.9883080867327306
0.0020739928353922976,1.5725880753804968e-11,0.9979260071488818
7.830342919126352e-16,0.9999563715805426,4.362841945640673e-05
2.0029372332770153e-20,0.9999971793804966,2.82061950344336e-06
0.9998417862972548,2.9173974858424333e-25,0.000158213702745161
0.0003571570477999622,1.1141132754453109e-10,0.9996428428407887
9.804391558113564e-05,3.705375039962585e-09,0.9999019523790439
0.0003090554119946842,9.085226678659799e-11,0.9996909444971531
0.9977358889234937,7.883860304030881e-23,0.0022641110765062064
2.49623324849527e-06,6.218260744104726e-08,0.999997441584144
0.999999999165011,1.3021576864920173e-37,8.349888575219771e-10
0.9999999999943201,6.272875576860673e-43,5.6799027914351995e-12
8.143293902618994e-06,0.0002569322051862915,0.9997349245009111
0.003961663006622068,1.0003090425563498e-12,0.9960383369923776
0.9976660311192814,5.43118393386287e-23,0.002333968880718615
0.9999999039081312,4.225507443484306e-33,9.609186866923535e-08
1.4361923125785751e-05,8.373274239368059e-05,0.9999019053344805
1.0517983057923377e-09,0.8429118560248597,0.1570881429233421
0.9999999931748282,1.344771903959087e-35,6.825171707716734e-09
4.943870911823754e-21,0.9999980857035525,1.9142964475001157e-06
7.103530647335248e-31,0.9999999999999079,9.212574527911528e-14
2.995194343926438e-06,0.004588827403505111,0.995408177402151
0.9999514329828805,1.0401928400420155e-25,4.8567017119615314e-05
0.9984462786287444,4.623872161952508e-23,0.0015537213712555529
0.9970638824577441,3.0387720871814716e-22,0.0029361175422558854
0.0010152850551926286,2.5696510914214273e-11,0.998984714919111
7.55095965483813e-18,0.9999312916438001,6.870835619992797e-05
2.5070826164416738e-21,0.9999999685095774,3.149042271623411e-08
7.125423441110737e-07,6.257493827485537e-07,0.9999986617082732
0.0004513680725860019,1.6199731458096037e-06,0.9995470119542682
7.378238567308397e-31,0.999999999999921,7.90321070116639e-14
4.1875656137517945e-21,0.9999999505241621,4.947583788632344e-08
7.197983858747962e-16,0.9999332722406272,6.672775937208434e-05
0.002933034462473256,2.0426790927557036e-07,0.9970667612696175
0.999999999873846,6.396803643454329e-41,1.2615387286661468e-10
1.2306157068889727e-36,1.0,4.5035221065332954e-17
0.9999999999880169,4.9026061107326323e-42,1.1983163227895631e-11
4.556442743165305e-37,1.0,3.57765592605484e-17
0.9999999999999738,9.006965145042192e-50,2.6201379815200247e-14
9.992739137982852e-05,1.2720889886936334e-09,0.9999000713365312
6.925703842308828e-06,1.1161784978205118e-08,0.9999930631343728
4.540970292946785e-09,0.0004085191280108014,0.999591476331019
5.515777880315696e-07,4.053251138541404e-06,0.9999953951710734
6.80106053949247e-21,0.9999999560926071,4.390739284365245e-08
1.135762080964464e-09,0.8422938662135484,0.15770613265068958
0.9999999869304961,7.669805946089315e-36,1.3069504011959701e-08
8.943396038779574e-09,0.5452574809575989,0.4547425100990052
0.001474995672841477,2.4883183496777215e-11,0.9985250043022753
0.9999999999886127,2.0918979053456213e-42,1.138740058840972e-11
0.9999999996078501,3.0053631059641223e-38,3.921498045821634e-10
1.271651910483321e-12,0.8669144031016962,0.13308559689703217
0.9917472476038837,4.179409828156041e-21,0.008252752396116288
0.3668366776100487,5.624820555728663e-15,0.6331633223899458
1.859968073986999e-07,0.037931362449813086,0.9620684515533795
4.064380090513947e-09,0.7066386053526704,0.2933613905829495
0.9989810458187824,5.0809288549515134e-23,0.0010189541812174372
5.2708847434547814e-08,0.06307897476454911,0.9369209725266034
5.603517097608825e-10,0.008227464669222412,0.9917725347704258
9.308951345425208e-34,0.999999999999998,2.0412180320901947e-15
4.176161009283181e-09,0.0009920977915102,0.9990078980323287
0.999991766858496,6.516220426550824e-29,8.233141503951008e-06
1.8566814782058292e-14,0.99970795401329,0.00029204598669118075
0.9561344513726651,3.1999892668632574e-19,0.04386554862733492
4.387911534023433e-23,0.9999999978035321,2.19646789653573e-09
5.81326229059265e-06,1.7945019016676992e-08,0.9999941687926904
0.9999993526435736,1.5318594849784807e-31,6.473564263989045e-07
3.1673697587556054e-07,8.192513502796214e-07,0.9999988640116739
9.476733132597508e-17,0.9993693983001736,0.0006306016998264873
9.921989274506934e-18,0.9999970843210435,2.9156789564423314e-06
0.0009579413475005119,2.593184270249887e-11,0.9990420586265676
0.9985862702945046,1.2522186633417187e-22,0.001413729705495312
0.999999999962015,5.0697239703592865e-40,3.798503063979808e-11
1.1185833588895152e-36,1.0,4.5679488478151294e-17
3.867781216141176e-13,0.9972774259046128,0.0027225740950002826
2.7392986002510778e-17,0.9999953526019644,4.647398035575124e-06
4.4658782808315815e-20,0.9999998712670782,1.2873292183939747e-07
0.995682012823478,3.8913421053163584e-22,0.004317987176522004
0.9941680396293698,1.878143373465421e-21,0.005831960370630027
0.0001530624888268409,5.457283775393398e-10,0.9998469369654448
4.0415581901033445e-17,0.9998097867861453,0.00019021321385476246
1.1218871741194169e-06,5.194346820402998e-07,0.9999983586781439
0.9999570841436023,1.1270555025190596e-26,4.291585639781664e-05
0.9999999999948563,7.0265892856973495e-43,5.1436991138382985e-12
1.0367168989656397e-07,2.8230128655557486e-05,0.9999716661996546
3.140898133666265e-08,2.790772996977346e-05,0.999972060861049
3.068197140756229e-20,0.9999998631568437,1.3684315633413064e-07
0.999999999186632,8.782685270262146e-39,8.1336805903196e-10
3.8163825684671656e-23,0.9999999965707409,3.429259028440158e-09
1.0379059072016192e-09,0.8091065377095,0.19089346125259388
2.4937102826868443e-10,0.922410079625988,0.07758992012464097
3.436802475143691e-28,0.9999999999958498,4.150195439361195e-12
0.9990841791266191,2.0695151340423857e-24,0.0009158208733809953
0.9999753313516624,6.231505485208506e-27,2.4668648337640222e-05
1.9403861258360907e-10,0.9437347400117955,0.056265259794165946
1.417309576362441e-07,1.807940242405039e-05,0.9999817788666183
0.032392123097301044,2.7804206297778105e-09,0.9676078741222783
3.1644474646610688e-12,0.99254223370317,0.007457766293665574
1.760601235868067e-08,0.000472354861903503,0.999527627532084
2.663721938032075e-13,0.9974578215327695,0.0025421784669640763
0.9995587813900533,7.930448111712343e-24,0.0004412186099466388
5.920875242990861e-24,0.9999999993170174,6.829826439092688e-10
2.336929863876235e-27,0.9999999999908344,9.165591887486107e-12
0.9999999996635589,6.078624887096952e-40,3.364411936934905e-10
0.9999999999952309,5.911751001949035e-43,4.76903093755491e-12
1.86329430893654e-06,1.2570363542699494e-07,0.9999980110020557
0.9999999994408599,1.1386498529163499e-38,5.591401475185005e-10
0.0022045977897910255,1.55612681882238e-07,0.9977952465975269
2.054317744451444e-31,0.9999999999999174,8.265124272924609e-14
7.429427274172023e-09,0.42516179164133894,0.5748382009292337
3.4126492361098543e-32,0.9999999999999873,1.274605176076846e-14
7.027495169585905e-05,7.810416488969359e-10,0.9999297242672626
1.1920823927138956e-13,0.9778639301963491,0.022136069803531735
0.9939992049151656,5.844749905219405e-21,0.006000795084834527
0.0021182055608762545,1.074821016876338e-10,0.9978817943316417
2.34521474169474e-30,0.9999999999998554,1.4456464863616676e-13
0.006339992213785553,2.0368405758168642e-12,0.9936600077841776
0.9999983057967867,7.964902105070222e-31,1.6942032133379966e-06
0.9999999999999905,1.3804322803459273e-50,9.630721147643856e-15
1.9212960820163557e-16,0.9999831332602943,1.6866739705453225e-05
4.008544536054745e-09,0.0015512970934149861,0.9984486988980404
0.9999999999832414,2.226281965522106e-42,1.6758507053098898e-11
4.396683760440181e-11,0.9686658748354426,0.03133412512059052
0.0005093451294098606,1.8270782669260345e-11,0.9994906548523195
0.9985111897355093,1.148302943949271e-22,0.0014888102644906654
9.476292519211787e-28,0.9999999998690705,1.3092943950441417e-10
0.99999757939112,1.0981434479309812e-30,2.4206088798690815e-06
5.069508486905509e-34,0.999999999999998,2.002312822636347e-15
1.4226819161537928e-06,8.032323413409057e-07,0.9999977740857424
4.954223258464953e-18,0.9997808640288336,0.0002191359711663685
3.1987062486843795e-10,0.9227710044474264,0.07722899523270303
8.337243882956869e-09,0.0002388261329516705,0.9997611655298044
3.443641943933948e-06,2.3332775113037434e-07,0.999996323030305
8.98891392623499e-16,0.9999434020667902,5.659793320880928e-05
1.4062957483758947e-11,0.9858737819633681,0.01412621802256914
2.5142013465201105e-11,0.37077725050876553,0.6292227494660924
1.229553754744125e-07,0.14300298992719265,0.8569968871174319
2.4053693535817718e-34,0.9999999999999991,9.957810032788836e-16
0.008723951189649925,3.968100196886071e-12,0.9912760488063821
2.384434529420605e-31,0.9999999999999498,5.019035105897319e-14
8.98646195385491e-16,0.9999214300866631,7.856991333591669e-05
9.83239259336441e-10,0.7928164211649761,0.20718357785178468
4.3879507102339204e-29,0.9999999999980922,1.9078609384779295e-12
0.00022006292501905802,1.3026086737098207e-10,0.9997799369447201
0.022584598598977552,5.445955229000649e-12,0.9774154013955765
0.999966644365858,1.1954008221679192e-27,3.335563414194603e-05
6.775527835482025e-06,1.1062007695185001e-07,0.9999931138520877
9.233605655586353e-07,6.2902996183296e-07,0.9999984476094727
0.9999999999959821,3.217849378454179e-43,4.017898224062759e-12
4.5948032770932936e-09,0.002693248169615205,0.9973067472355814
9.37819079312776e-20,0.9999997355978125,2.644021874790762e-07
0.9999996655876157,1.8436556911822792e-31,3.34412384217498e-07
3.065006017636325e-08,2.3022659026335098e-05,0.9999769466909134
0.9999981101420514,6.647183090905151e-30,1.889857948528687e-06
1.371441913441898e-16,0.9993847511860455,0.0006152488139542535
0.9999999999995344,1.1739573990532989e-46,4.655281396731187e-13
1.0153435987718628e-36,1.0,3.5288913228281855e-17
0.9999999999999916,9.035516113351867e-51,8.513146783566287e-15
0.9999999999930764,1.9293929078064482e-42,6.923536314866297e-12
0.00026798167894437363,5.984330746546791e-10,0.9997320177226225
0.00010735094565994901,2.0188905713515748e-09,0.9998926470354496
1.5092547513825355e-15,0.9999241855891617,7.581441083672825e-05
0.9999677434292118,7.386644843642349e-27,3.225657078826881e-05
0.00042371080732107115,1.4206939778622081e-10,0.9995762890506095
0.9999999999919464,7.039954125044676e-43,8.053601828027411e-12
0.0004907767485458099,2.617952136610736e-11,0.9995092232252747
0.9998993722779832,3.277386353919177e-25,0.00010062772201690264
9.559856619099296e-07,6.140572160154859e-07,0.999998429957122
0.0002440530575042133,1.5402144802297795e-10,0.9997559467884745
2.9541927725959026e-05,1.4868621380065814e-05,0.999955589450894
1.3023193523236616e-36,1.0,5.961454876107276e-17
1.4194379874148058e-09,0.011514472813450003,0.9884855257671119
0.9988361014709998,9.315175109884849e-24,0.0011638985290001655
0.9999604028628862,4.135966695484129e-26,3.959713711380845e-05
0.0006926227572738458,4.130790279554571e-10,0.9993073768296471
1.3013940159563001e-06,1.1580718992531208e-06,0.9999975405340848
1.1007599735127943e-10,0.9610932766873195,0.03890672320260444
0.0008536975486639964,1.2429878320409935e-10,0.9991463023270372
4.635009356821701e-17,0.9999920033095957,7.996690404305587e-06
0.99028822869996,3.3715438784054617e-21,0.0097117713000399
2.818230780181519e-06,0.0011516265460642823,0.9988455552231554
7.521187860937041e-12,0.9918904322502897,0.008109567742189098
3.5057074332037423e-09,0.7273763572652913,0.27262363922900124
0.023980062981392603,2.0102646554112933e-13,0.9760199370184064
0.9999999998251199,4.277500339064937e-39,1.7488007473636507e-10
1.8663503749649165e-19,0.9999997931865959,2.0681340405577227e-07
2.7284355817072298e-24,0.9999999993248625,6.751374900496916e-10
1.2192017344198737e-06,2.3038787104802652e-07,0.9999985504103946
1.4043452013779472e-32,0.9999999999999925,7.651793998849099e-15
0.9998347116381586,4.035885938673286e-26,0.00016528836184145318
3.9638953874662125e-09,0.6482442765598405,0.35175571947626416
2.4302971469902925e-36,1.0,7.128129267114117e-17
0.9999967948624986,3.8855051159616626e-30,3.2051375012736865e-06
1.584410934201412e-35,0.9999999999999998,1.41187752985737e-16
0.0005189849835026458,1.7516402616148245e-06,0.9994792633762357
7.075095743998242e-25,0.9999999997107827,2.892173225673439e-10
5.899985455741158e-08,7.047637913270766e-05,0.9999294646210126
8.690916167407462e-37,1.0,2.8365276268121046e-17
1.8931703012562551e-16,0.998906274006254,0.001093725993745733
0.9999994561308714,3.567278695450347e-32,5.438691286844384e-07
0.9999726937979304,4.60266724530927e-27,2.7306202069618493e-05
0.9995500042633065,5.5930356334257925e-24,0.00044999573669354755
0.9999971017196568,3.883763524724274e-30,2.898280343138256e-06
1.2167719022050316e-16,0.9992216365925101,0.0007783634074897888
1.460110048306464e-28,0.9999999999968623,3.137647036171266e-12
0.9999991345573149,1.5344332955200523e-30,8.654426851051086e-07
4.16987545048901e-24,0.9999999993472923,6.527076210731734e-10
4.9389637668996085e-18,0.999860200994304,0.0001397990056960529
3.954606400396376e-15,0.9998319455640037,0.00016805443599238586
0.9972515673945146,5.494846430861793e-22,0.0027484326054855205
1.568118011561295e-07,0.030726734047857272,0.9692731091403416
0.9999994825574947,9.855353409183677e-32,5.174425054145488e-07
1.31390452935426e-12,0.9962483500959429,0.0037516499027431915
7.083022727114476e-07,1.1751444181008812e-06,0.9999981165533092
0.999999999991475,1.786732185194694e-42,8.525045418875285e-12
3.0242315626667875e-08,3.534691126609064e-05,0.9999646228464183
0.9998316685556756,4.691614681323035e-25,0.000168331444324324
0.9999999997319926,7.586569835780356e-40,2.6800744688961447e-10
7.301278182051866e-05,4.112943878716914e-09,0.9999269831052358
8.048604343091647e-22,0.999999959428643,4.0571357100366454e-08
0.9999987593941783,4.945376870492603e-31,1.2406058216566723e-06
0.9999989181064005,4.1973087532723224e-29,1.0818935994394781e-06
0.9998219026018668,2.444701743600925e-25,0.00017809739813319855
6.818237656481893e-07,0.021944396942078403,0.978054921234156
5.460040078249165e-21,0.9999999439822491,5.6017750778119325e-08
5.055382855780495e-19,0.9999706634235497,2.9336576450337918e-05
1.1606086186601193e-13,0.99922448374281,0.0007755162570739031
3.920751041535124e-21,0.9999999534416975,4.6558302579878606e-08
1.1472105309647671e-17,0.9999330968346752,6.690316532463592e-05
0.9999999999974183,1.2341354140762783e-43,2.581676847428797e-12
6.141506360343491e-36,0.9999999999999998,1.3674704408655167e-16
1.3687052852602705e-06,0.005917787243198798,0.994080844051516
3.212229278302924e-08,4.976773146318955e-05,0.9999502001462441
0.00042055434129644587,3.0251953183719387e-10,0.999579445356184
0.9999999980350649,6.348831409806011e-38,1.9649352065257997e-09
0.9999999999999842,5.4289167115354875e-50,1.581430831190746e-14
0.999997033100964,1.3468637237300685e-29,2.9668990360868897e-06
8.874916450062443e-27,0.9999999999851117,1.4888289598101786e-11
1.2198677063890772e-09,0.003257337183699206,0.9967426615964331
2.2677709998692986e-22,0.9999999925970293,7.402970696983532e-09
0.9999999978710528,6.170991625915859e-37,2.1289471431079747e-09
0.9999999551752783,2.6321606078034975e-34,4.482472177423871e-08
0.9999999999908864,6.371496624348365e-43,9.113588516284517e-12
4.074022494033664e-09,0.7277758007223606,0.2722241952036168
1.7011926341495712e-13,0.9989314052134987,0.0010685947863312247
0.9999999816638864,6.842191080825802e-35,1.8336113655944044e-08
0.0001762380679318859,2.1846561361015364e-10,0.9998237617136025
0.0001915596458128674,2.843074840395489e-06,0.9998055972793467
1.3358164176661886e-06,3.234185223895106e-07,0.99999834076506
1.779971907743354e-08,0.000299823748333879,0.9997001584519469
0.0010683606833058372,9.61057432889737e-07,0.9989306782592612
4.110257358279876e-06,3.2865152224640866e-08,0.9999958568774895
1.639634378349471e-05,8.99859087976327e-09,0.9999835946576258
8.36932051300467e-07,2.1068722875022347e-06,0.999997056195661
1.0184099323148323e-10,0.9605081796416755,0.039491820256483595
1.6000589498845026e-07,0.01939997592468418,0.9805998640694209
3.039725574040694e-09,0.002283516588498401,0.997716480371776
0.0006734977426057538,7.368764330363327e-11,0.9993265021837067
1.5245508641327546e-09,0.0031886741850308087,0.9968113242904182
0.999522076329308,4.837537189790441e-24,0.00047792367069199077
0.9999997492918604,3.4899153198070256e-32,2.507081394751568e-07
0.9999967097028065,5.198100604036413e-29,3.2902971934998265e-06
1.1125306264866179e-15,0.9991113795705691,0.0008886204294298643
0.99999989958026,1.1438143936298376e-33,1.0041973988704549e-07
4.1897200816477565e-14,0.9803768362115061,0.019623163788452094
6.788420462798865e-28,0.999999999813941,1.860590350194776e-10
9.519366471104822e-08,8.075467357740141e-06,0.9999918293389775
0.999988702832231,8.401734712271879e-29,1.1297167768979922e-05
5.544827847297639e-17,0.9999907415735243,9.258426475679709e-06
0.9999999999988689,4.0970598492195315e-46,1.1310428378848826e-12
5.2052542084855176e-05,7.030386251539114e-09,0.9999479404275289
3.749725397452348e-15,0.9954478170540177,0.004552182945978508
2.0134047663369295e-05,4.2025882778160325e-09,0.9999798617497483
0.0008066252571284168,1.0848645873894306e-10,0.9991933746343852
0.9999988139320598,4.33567781180011e-31,1.186067940127659e-06
0.9999999999961273,4.8771120274410065e-43,3.872632682997094e-12
1.1923545251622674e-31,0.999999999999958,4.205911173210648e-14
0.9998873000404656,3.4653190049378977e-25,0.00011269995953447543
3.923956871754797e-16,0.9991938607657019,0.0008061392342976662
0.0030076835648934095,4.949047055223197e-13,0.9969923164346118
1.2270810402821505e-34,0.9999999999999989,1.0525043602920742e-15
6.325607928800987e-24,0.9999999990880974,9.119025054947608e-10
1.1222242970760786e-07,1.2620796215654997e-05,0.9999872669813548
1.417842838052324e-05,6.313403448730245e-09,0.999985815258216
1.5426160177541532e-15,0.9986755149864152,0.0013244850135832168
4.502684638721798e-26,0.9999999999449278,5.507215293674986e-11
0.9999330692291231,5.078337062030191e-26,6.693077087691177e-05
0.9916404059485574,1.5283026249097389e-21,0.008359594051442633
4.8740105203007934e-29,0.9999999999720501,2.7949792396244662e-11
0.9966571434721657,5.296100667601451e-22,0.0033428565278342277
0.9999999999648155,3.360460446002919e-42,3.5184621420545506e-11
2.4824259352075317e-25,0.9999999997916442,2.0835574406813605e-10
2.8814041892346822e-06,7.243141976374596e-08,0.9999970461643909
5.317797184944665e-10,0.07250427735866577,0.9274957221095546
0.99998772481164,1.0170340116871884e-28,1.2275188360119154e-05
5.256877571521783e-23,0.9999999358877482,6.411225188665066e-08
0.9997470147654057,5.757132602419647e-25,0.000252985234594198
0.00011152667405641363,5.796819107642993e-10,0.9998884727462616
8.033648362461868e-22,0.9999992434843411,7.565156589847526e-07
0.9999999999999949,3.0846067169220905e-51,4.9966493632782785e-15
0.9999858834159471,2.0526128181542773e-28,1.4116584052783291e-05
0.999999999993922,8.444852844338394e-43,6.0779679762219354e-12
1.285048353669153e-05,0.00019477582370633727,0.9997923736927569
6.5176212684919635e-09,0.0005837771315388947,0.9994162163508399
1.3683892960487286e-06,2.5374897508000104e-07,0.9999983778617288
1.4600597662042978e-05,7.362289001563821e-08,0.9999853257794479
0.001287476544264123,4.728704143047995e-07,0.9987120505853215
8.460839806753715e-08,0.07902107303549169,0.9209788423561102
0.9999989511074028,3.260403708152437e-30,1.048892597350484e-06
9.170108989721868e-10,0.004091533737305924,0.9959084653456832
0.0011387705638123205,8.840828721474722e-11,0.9988612293477794
2.1096068888837582e-13,0.9724255678998768,0.027574432099912203
3.0037088274043567e-20,0.9999999106866775,8.931332256534754e-08
9.065949120274965e-31,0.999999999999944,5.606374688324296e-14
0.03015808201035253,1.689506801277806e-09,0.9698419163001407
6.926892798272115e-19,0.999998834618448,1.1653815519874413e-06
0.9999999982418348,1.1111490735991446e-36,1.7581651758243726e-09
1.5126874645761514e-06,1.1824799824965806e-06,0.999997304832553
0.9997486695425045,1.139021827628041e-24,0.0002513304574954057
2.9454268752102276e-26,0.9999999999494993,5.0500701338649324e-11
6.138646232370891e-07,0.017987601118813774,0.9820117850165628
0.9999999999886493,3.69669187226802e-43,1.1350660636952003e-11
0.99999999999504,4.825423126160562e-43,4.960115578532218e-12
0.9999999532359543,9.249483190175928e-34,4.6764045820053306e-08
2.2076270326709293e-09,0.7378506437765814,0.2621493540157917
0.9999999999999891,3.3378688490688356e-50,1.0935193599965058e-14
0.9999972666975645,5.793810386974103e-29,2.7333024354315156e-06
4.123554563044481e-05,7.812601995905033e-09,0.9999587566417675
0.9999955903328855,1.1492686079817087e-29,4.409667114513422e-06
1.5622015432497158e-25,0.9999999999110116,8.898830323364535e-11
0.9999999999984728,3.7757719214697434e-44,1.5271525593941693e-12
0.9999999018274152,1.354272628080596e-33,9.817258488401373e-08
0.9999999999486846,2.750951466907177e-40,5.1315432160511415e-11
5.3876151698120125e-06,7.21648636996525e-08,0.9999945402199665
1.723840434867171e-21,0.9999999810898698,1.891013016911662e-08
9.586722440852828e-07,3.67510625099607e-07,0.9999986738171309
1.777089557280862e-07,0.07679805861303428,0.9232017636780099
0.9999324310864606,3.272585909481912e-26,6.756891353937688e-05
2.1428943144325345e-34,0.9999999999999993,6.60170551910837e-16
2.256222176584515e-08,0.0002718137261697103,0.9997281637116087
0.9999999988222812,1.218456948358579e-38,1.1777189039724201e-09
0.999999999867393,3.5238227143574263e-37,1.3260712398324165e-10
8.699322311024087e-22,0.9999999865476561,1.3452344041880615e-08
6.927026347044356e-23,0.999999994832343,5.167656907043168e-09
9.485412242846665e-05,1.521973160497001e-09,0.9999051443555984
0.9999999999935523,8.2904087106565e-43,6.44779411211087e-12
3.0745447105091186e-06,1.6590933394354753e-07,0.9999967595459555
0.9999999973256886,3.0920789973133743e-36,2.6743113725210986e-09
3.1704225710876184e-36,0.9999999999999998,1.4581982806714517e-16
7.901144952684264e-07,0.011390075618602233,0.9886091342669026
0.9990990928038674,2.4862922532667503e-23,0.0009009071961325988
0.9897642840425824,2.2359825501490083e-21,0.010235715957417646
3.1060885758603844e-05,7.913390784876963e-09,0.9999689312008506
1.4844166627825096e-09,0.0022612722293123334,0.9977387262862709
4.5383635179481385e-31,0.9999999999998854,1.1467535976688501e-13
9.555166057304311e-35,0.9999999999999996,5.068904430728034e-16
1.0620010703060342e-07,7.4080217413125256e-06,0.9999924857781517
0.998376108643565,1.124992104426378e-22,0.001623891356434996
1.7142436761578662e-29,0.9999999999995466,4.5343629516586145e-13
2.0006796605840417e-30,0.999999999999786,2.140385167616761e-13
4.165057208641805e-06,0.0006574347057927811,0.9993384002369985
0.9979656728025539,1.1226382299341215e-22,0.002034327197446018
0.0014274366547249204,5.477418928560817e-11,0.9985725632905008
1.147383232951746e-07,1.0667236830943602e-05,0.9999892180248459
3.905151131044489e-10,0.8658279655610871,0.1341720340483979
5.5429775078905524e-05,1.0544793416396286e-05,0.9999340254315048
6.219264179820962e-12,0.9964207906908227,0.003579209302957904
3.7630398289194885e-22,0.9999999916146877,8.385312285256673e-09
7.240784915705454e-07,9.056325401623168e-07,0.9999983702889682
5.2604254537289615e-18,0.9999531278624054,4.687213759457374e-05
1.682155912849707e-16,0.9999648621212909,3.5137878708935576e-05
1.3022715248179384e-12,0.9197963169391066,0.08020368305959115
9.584395292280235e-08,4.18442328303461e-06,0.9999957197327641
2.5692923469823397e-08,5.9257936248898984e-05,0.9999407163708277
6.677115140647801e-08,0.19897098075047895,0.8010289524783697
7.549035631642412e-06,1.2233186310525268e-07,0.9999923286325053
0.03564174129770134,1.0381076020144513e-09,0.964358257664191
0.9999999831153609,1.1685953564132385e-34,1.6884639276974218e-08
0.9999999999952824,2.342284126164638e-43,4.717494074311655e-12
0.9996686191786103,3.416208853588331e-25,0.0003313808213897117
0.9999969783573067,4.825854611824314e-29,3.0216426931944074e-06
1.2543605242130846e-14,0.9998070259514463,0.00019297404854095668
3.288317968787758e-19,0.999999573361206,4.266387938202565e-07
0.0006037057091607679,3.1947501983500845e-11,0.9993962942588918
0.9999999086074897,3.0740931841269637e-30,9.139251035464291e-08
0.9999997143733644,1.7403943896680956e-32,2.8562663551821647e-07
2.2483249057572285e-15,0.999898129871122,0.00010187012887586754
4.065280617804421e-18,0.999927588053076,7.241194692398293e-05
0.9999945840314016,1.2026146753134268e-27,5.415968598430495e-06
8.472294595707695e-21,0.9999999096656589,9.033434121533902e-08
0.9996941372342889,1.2430897750434789e-24,0.00030586276571116554
2.2639808671388083e-07,1.828276730213656e-05,0.9999814908346112
0.9984545320129726,1.697230951952448e-22,0.00154546798702729
0.999999999999929,1.4225010294744246e-48,7.11437258968164e-14
2.388330194055298e-10,0.07371580738528231,0.9262841923758848
0.9999942342642476,3.4226337744057086e-29,5.765735752311766e-06
6.147429384728604e-08,0.20980054252653965,0.7901993959991666
0.9999983447823667,1.607815475495902e-30,1.6552176332624216e-06
1.5215540097356936e-19,0.999999607729448,3.9227055202564884e-07
6.456168376841463e-05,7.303180484685644e-10,0.9999354375859136
5.411503370386187e-15,0.9975412607766905,0.0024587392233042806
3.051392338215294e-28,0.9999999999973592,2.640838678111676e-12
5.162688829084076e-24,0.9999999825502178,1.74497821329936e-08
0.9999999999940328,5.31004714480412e-43,5.967286064302378e-12
4.553407302137602e-24,0.999999999392599,6.074010454943373e-10
3.688661882888948e-08,0.00011248599458258023,0.9998874771187987
2.2090082234847428e-27,0.9999999999922751,7.724925181662645e-12
0.9999999687573796,8.760929927097055e-35,3.1242620314102126e-08
0.06144014853564508,4.04622686950256e-14,0.9385598514643144
5.335756435793793e-26,0.999999999929492,7.050794712583275e-11
0.9835134382423052,1.652957743731384e-20,0.016486561757694772
0.9999998803126887,2.1611571067166292e-33,1.1968731126252044e-07
2.8612313181120783e-06,0.0007150093127699425,0.9992821294559119
1.3898107449269997e-08,0.2562087741612854,0.743791211940607
7.002608351298446e-14,0.99902579267562,0.000974207324309941
2.3531999541691463e-27,0.9999999999920166,7.983372666151027e-12
3.6520969879615652e-16,0.999969580723243,3.041927675650914e-05
3.430610918617359e-15,0.9999330533664283,6.694663356822605e-05
1.1080502680675675e-08,0.0001021932020546414,0.9998977957174427
6.795276952204326e-12,0.9921335834064734,0.007866416586731309
1.1727130949843988e-18,0.9999990055096541,9.944903457457939e-07
0.44160038359451265,1.0336824760859099e-11,0.5583996163951506
2.1150018844872847e-10,0.02507841436276245,0.9749215854257373
0.9999999999909974,1.7939014887052667e-42,9.002578420276635e-12
0.000359824111127088,8.91338223722995e-10,0.9996401749975347
0.9999421341512487,6.946209383639997e-27,5.786584875140484e-05
0.9999996696666297,3.8774589471405265e-31,3.303333703396947e-07
2.769609635220257e-25,0.9999999974322513,2.5677486763388625e-09
0.0020204104172581562,5.9276024366404995e-08,0.9979795303067174
7.898655146256535e-07,2.590206721140077e-07,0.9999989511138133
0.022631649094701344,1.3060029644021184e-12,0.9773683509039927
0.9992580466853689,2.2921726350885144e-24,0.0007419533146310706
0.9999999999912093,2.3066228694687258e-42,8.790732000118295e-12
0.999999999742788,1.968881709472719e-38,2.5721212585399345e-10
0.839359291256441,3.965469840188393e-18,0.16064070874355899
0.00014607085103484079,6.180117578451041e-10,0.9998539285309535
1.4621272719010082e-24,0.9999999932640509,6.735949122425546e-09
3.558583155636513e-36,1.0,5.839013024601093e-17
3.066759241953667e-19,0.9999992531764146,7.468235855365765e-07
0.0006066791880286769,2.0134237407698023e-10,0.9993933206106289
2.992528380738614e-20,0.9999998273050562,1.7269494382405679e-07
0.9999915425371112,4.733262185658352e-28,8.4574628888697e-06
0.9999998526173282,8.293999183057127e-33,1.4738267178854145e-07
2.0049187407220712e-12,0.9906279636419798,0.009372036356015122
2.948464414602802e-14,0.9996328861695474,0.00036711383042301575
0.9999999999999913,1.178733773098633e-50,8.601940640075046e-15
0.9999999996341704,8.577162839831e-39,3.6582958220063576e-10
0.9999998951823305,2.3844866657400527e-33,1.0481766961468797e-07
0.9999999999999833,5.346346914125554e-50,1.6555311270892332e-14
2.6712665388327522e-27,0.9999999999907943,9.205795615857462e-12
5.467304805584852e-07,0.022581798572182087,0.9774176546973373
4.274507445016154e-16,0.9999466453319694,5.3354668030156885e-05
0.9999999494983006,3.238372917985985e-33,5.0501699395089636e-08
0.999999999999938,1.2240953371167332e-48,6.200264716327677e-14
2.3036179904073397e-10,0.028119530565089056,0.9718804692045491
0.0007439867765231089,6.907153807943146e-11,0.9992560131544053
2.6450281401678257e-06,9.337635768532212e-08,0.9999972615955022
3.631466558680174e-06,2.5502857724281747e-08,0.9999963430305836
4.030110588957091e-29,0.9999999999990641,9.35913890816532e-13
1.0108736253441438e-05,0.0002512140234994843,0.999738677240247
8.976182680440499e-20,0.9999997335478302,2.6645216961707365e-07
0.0012276450214607172,1.2317285852958521e-11,0.9987723549662221
0.999999999999801,1.181628866401789e-47,1.990058918109268e-13
5.724398230923061e-16,0.9999321657643229,6.783423567653927e-05
5.503717784282218e-09,0.4741941745768259,0.5258058199194563
1.2875261043539503e-25,0.9999999967282294,3.2717707075700327e-09
0.0016186220732199517,1.4046697923585975e-11,0.9983813779127333
0.0005825976298861033,6.73109737694127e-11,0.999417402302803
7.520308227847683e-07,2.36801665820395e-07,0.9999990111675113
0.9999954129381957,3.8795248781578276e-29,4.5870618042444745e-06
2.2920923138600116e-06,1.190181788889266e-07,0.9999975888895073
0.9999948147938,2.095743411008947e-28,5.185206199906326e-06
0.00018671957082245152,2.8091655147710395e-10,0.999813280148261
2.601068621513768e-22,0.9999994601446031,5.398553969222049e-07
8.137074354206062e-05,8.22106425912149e-06,0.9999104081921988
0.9994380027023122,1.764570732005695e-24,0.0005619972976878134
0.00029246552946703255,5.323558479527021e-10,0.9997075339381772
2.0126567211798282e-05,2.605239439259422e-05,0.9999538210383956
7.270074912437273e-09,0.6535245735596295,0.3464754191702957
5.535268257858869e-10,0.0682334361686747,0.9317665632777985
0.0002899952330763226,3.970611723550597e-06,0.9997060341552002
4.6370581652644386e-18,0.9999977977654326,2.2022345675041028e-06
4.185486729456403e-34,0.9999999999999991,8.161809966449966e-16
0.9999999993744142,6.758464159715729e-38,6.255858733225695e-10
2.6851753322495583e-09,0.7334623658799692,0.2665376314348555
0.9999999999974207,4.6490641120735726e-45,2.5793648752287615e-12
9.831625287275956e-33,0.9999999999999947,5.282670856345184e-15
2.783324306045825e-07,0.047299437818554134,0.9527002838490153
9.318450850657723e-26,0.9999999999136797,8.632027552026816e-11
0.9999999906177449,4.359579468396061e-36,9.382255065461553e-09
5.414006983421392e-10,0.8607142932859884,0.13928570617261077
0.9999452262904391,1.450706225695741e-26,5.477370956085526e-05
5.746803969092353e-26,0.999999998182058,1.817942025282799e-09
0.0003517651787593215,9.533706581779699e-07,0.9996472814505826
1.8186369364443727e-11,0.9768655599261934,0.02313444005562006
4.31576506357187e-17,0.9999852013973916,1.4798602608502931e-05
5.0656911778528214e-08,8.65244945268719e-05,0.9999134248485614
0.9999923186045124,1.9977828357969052e-28,7.681395487493221e-06
0.9988461435469863,1.774071452233339e-23,0.0011538564530137573
2.928204369084214e-07,1.9471943753765017e-06,0.9999977599851876
0.004530398697996852,3.8310797294411285e-08,0.9954695629912058
1.495066508482521e-18,0.9999666771228709,3.33228771291986e-05
1.3972509324821568e-15,0.9981232834964218,0.0018767165035768001
0.9999999999999925,1.4343658512057427e-50,7.603408926603255e-15
0.9999999999999807,8.133476543205026e-50,1.9408820489248517e-14
6.738045056493244e-10,0.014188877305511268,0.9858111220206842
0.9999999999917817,2.8302226082366507e-42,8.218396146756993e-12
2.0428731532561693e-08,0.0001683342747850399,0.9998316452964835
0.9999999848773378,4.658886134689208e-34,1.5122662202107892e-08
0.9999999999999938,1.6421900331328373e-50,6.286838398397271e-15
1.0926863789732946e-22,0.9999999950765155,4.9234845649413264e-09
0.9999975483003992,5.221271213110316e-30,2.4516996007794363e-06
1.9209267816194124e-16,0.9990285271773035,0.0009714728226964135
0.9999884063104088,2.258427570821315e-27,1.1593689591289013e-05
0.00010407857010511524,1.9604776868928822e-09,0.9998959194694172
0.9999999999999918,8.625666168030998e-51,8.237821876592196e-15
1.1689645393772495e-13,0.9747097044832,0.025290295516683065
6.5047960063295245e-09,0.37097446394898304,0.629025529546221
0.00012607176362583624,7.111586436997329e-10,0.9998739275252155
0.999986759616538,6.237958641198635e-28,1.3240383461894804e-05
0.9968367870603171,9.167090881549352e-22,0.0031632129396830556
0.00630492633660454,1.0374055822912875e-11,0.9936950736530216
2.861223463520382e-07,1.5145764519354804e-06,0.9999981993012017
7.211489772292442e-31,0.9999999999999165,8.345466071117739e-14
0.9999999999999787,5.546728833744665e-50,2.134883484325986e-14
1.4219223955549752e-17,0.9999964779615771,3.522038422830367e-06
2.0573846979801433e-05,7.130709193383198e-09,0.999979419022311
0.9999997592146312,2.4847839138881534e-33,2.4078536876198513e-07
5.001122671517093e-08,4.3883465181730734e-05,0.9999560665235917
4.067519900668473e-25,0.9999999998329774,1.6702270560055258e-10
1.1893465352590089e-20,0.9999999176056374,8.239436253564511e-08
1.1740168140332705e-27,0.9999999999940545,5.945473677679074e-12
0.9999999999965237,4.259666440285445e-43,3.476287122532044e-12
1.9947809805927865e-16,0.9999826162024209,1.7383797578821794e-05
2.7044670112383794e-08,0.00015586768383375036,0.999844105271496
0.9999998530255753,6.466894742006152e-33,1.4697442474670325e-07
4.518953074424424e-16,0.9991500389463932,0.0008499610536064939
1.0854870915170362e-16,0.9999794689468169,2.0531053183151226e-05
1.510011155234781e-17,0.9999924799848475,7.520015152617751e-06
6.584070681150125e-18,0.9999973164625526,2.6835374472494493e-06
1.3513612253459324e-17,0.9999946496768773,5.350323122581529e-06
0.9999999999939841,4.7615000141650125e-43,6.015860586504924e-12
0.9999999999984557,2.165959391618806e-45,1.5444098634168986e-12
0.9999999999723526,7.736749840339305e-41,2.7647433269736445e-11
0.999999999996986,1.6169957414764507e-44,3.0140678180137693e-12
5.342404234857793e-35,0.9999999999999998,3.1928785376905193e-16
1.1065906350035859e-14,0.999543911151641,0.0004560888483478113
6.62328475329142e-11,0.9454692429234062,0.05453075701036105
3.833109914728461e-07,3.071075964370949e-07,0.9999993095814121
0.00012842974474663253,6.651078529236784e-10,0.9998715695901454
0.9999999999867968,5.0902226756507665e-42,1.320324581411241e-11
1.2636315535434748e-08,0.00014111849309590948,0.9998588688705886
0.0006175920312808846,2.840118293816598e-11,0.999382407940318
0.9873610215947087,6.84402235476132e-21,0.0126389784052913
0.9999957687300416,1.1349747529389631e-29,4.231269958453423e-06
0.998558125034944,1.9716853475917221e-22,0.001441874965055879
6.238660628746598e-07,9.806258146167516e-07,0.9999983955081224
2.7096248566061457e-16,0.9991103516055736,0.0008896483944261389
5.0413647278801293e-17,0.9999911311899806,8.868810019307787e-06
0.9999188701177877,1.750431287561242e-26,8.112988221228723e-05
0.9999999999754561,1.4980272534631494e-41,2.454384637550483e-11
8.357689800739165e-12,0.9830034850753145,0.016996514916327834
4.877933084698921e-17,0.9998015754208309,0.00019842457916909042
0.9999999999143692,1.9452779698943295e-40,8.563083787852493e-11
1.583486799833417e-24,0.9999999997288964,2.7110364601725144e-10
2.722602710471065e-07,4.638229968451473e-06,0.9999950895097606
3.4400846382384315e-30,0.9999999999893587,1.0641251330122369e-11
1.0498646217344588e-07,1.8922071767959813e-05,0.9999809729417698
3.7420559397199165e-14,0.9783557778568553,0.0216442221431073
0.0004349321161575144,6.08522976175751e-11,0.9995650678229901
5.375518824568412e-06,2.0357097094326864e-07,0.9999944209102045
1.4311180985010175e-14,0.9997754758221539,0.00022452417783182225
6.8754214655546134e-18,0.9999979472176841,2.052782315978143e-06
0.999999999999966,1.5653692695593633e-49,3.401635477968219e-14
2.4865284704400007e-17,0.999994794677728,5.2053222719731154e-06
4.7129674826373124e-17,0.9998412336373773,0.00015876636262273004
0.7245436486573233,5.228461444715825e-12,0.27545635133744817
7.403041980139744e-10,0.046946475030352125,0.9530535242293438
8.798825498040173e-23,0.9999999931518402,6.848159741809906e-09
0.00030857949105257194,1.0558659583535548e-10,0.9996914204033609
0.9999999790477638,2.04064642609867e-34,2.095223608160248e-08
1.8691119617807417e-34,0.9999999999999993,7.04967609272795e-16
3.670316123697123e-24,0.9999999994066011,5.933987805321114e-10
0.999994462122019,7.210174068427055e-29,5.537877980994189e-06
0.9999943873032431,4.488647740332834e-29,5.612696756983233e-06
0.9999850563241234,2.3301481707338835e-27,1.494367587672386e-05
3.297281968111227e-08,4.6814434093304396e-05,0.9999531525930869
3.9741000360070024e-05,3.5709431403146752e-09,0.9999602554286968
1.0675082358583209e-05,0.00011174250175478749,0.9998775824158866
0.9999999820892619,2.8107121960689794e-34,1.7910738156930522e-08
0.999999999999992,1.367002310970879e-50,8.055812153559887e-15
9.138244734025443e-12,0.9875517112199045,0.012448288770957253
0.9999907307200999,2.1281978633721924e-28,9.26927990014357e-06
0.9999903548660033,8.968839402656546e-29,9.645133996715337e-06
1.143362290853108e-21,0.9999999861952404,1.3804759613321014e-08
0.0010363590181971761,2.2088906926224683e-10,0.9989636407609138
0.003711034429443414,6.585255559605007e-13,0.9962889655698981
0.9999996409504187,2.815440339643166e-32,3.590495812700773e-07
2.8505340895949985e-29,0.9999999999991944,8.056270381665801e-13
0.9999854274856546,2.115813390589701e-27,1.4572514345433471e-05
5.812106742053643e-25,0.9999999959337014,4.066298617762816e-09
0.004524763812090009,1.6775888129171588e-11,0.9954752361711341
4.33839987422237e-33,0.9999999999999956,4.335044146607788e-15
4.545657476890325e-07,1.0890262014330533e-05,0.9999886551722379
0.0031858552663433606,9.922730257586414e-08,0.9968140455063541
1.8271882598193294e-16,0.9999785174868686,2.148251313124053e-05
5.294062505782771e-16,0.9999818849984476,1.8115001551948056e-05
2.870586969807333e-26,0.9999999999328091,6.719100972852357e-11
2.3929550205419892e-21,0.9999999432523848,5.674761506238113e-08
0.0014052086174862323,1.899173476921979e-07,0.9985946014651661
3.6362082710311677e-32,0.9999999999999836,1.6406825656087023e-14
0.9999902538121745,3.217357868984319e-28,9.746187825586852e-06
6.571536861472574e-10,0.00982374700736543,0.990176252335481
0.999999999999992,3.894110302020424e-51,7.95846025599836e-15
5.423306728629816e-09,0.0015399340478545044,0.9984600605288387
2.7207546559337344e-19,0.9999997024820445,2.975179553643129e-07
6.272131933784412e-05,4.810330717602651e-09,0.9999372738703315
5.728117786728179e-06,4.0364181126159044e-08,0.9999942315180321
0.999999981203377,5.501679412381355e-35,1.8796623091688833e-08
5.362744667469717e-13,0.9987888071361869,0.0012111928632768164
1.9965340903291408e-19,0.9999834111003855,1.6588899614636126e-05
6.709166498567592e-21,0.9999999620285024,3.797149759870063e-08
1.3203376762791006e-10,0.9636554495203825,0.03634455034758377
0.9999999998517992,2.3409463293175318e-39,1.4820072326527419e-10
0.9833678870513746,8.678022899272979e-20,0.016632112948625325
0.998205978142797,8.678438934982801e-23,0.001794021857203094
2.2403425678618523e-05,7.450591816592297e-09,0.9999775891237297
1.718673369647515e-07,7.868162789846071e-06,0.9999919599698731
4.016364681545272e-14,0.9744258739806119,0.02557412601934791
9.548857429471405e-22,0.9999999723465159,2.7653484164504914e-08
3.939544279834556e-05,5.473425923467831e-09,0.9999605990837758
2.2269251821579986e-27,0.9999999999921236,7.876352985014668e-12
1.1707886228963699e-14,0.9997677152614133,0.00023228473857488536
0.0025186878604790794,3.801997356751254e-11,0.9974813121015009
2.1625322127765033e-19,0.9999995377845756,4.622154244223166e-07
4.944197850090416e-18,0.9999968355397576,3.164460242476297e-06
4.885345352888049e-26,0.9999999980274126,1.972587466203885e-09
3.412973247316282e-08,0.00017181343765914925,0.9998281524326085
0.9999999964983106,1.2625520110736129e-36,3.50168947690949e-09
8.809037815466931e-11,0.9543583260239499,0.045641673887959644
0.9999995797370015,2.249854664572803e-31,4.2026299848300683e-07
4.5487852715259586e-09,0.002899731424780572,0.9971002640264341
3.7691906103526587e-29,0.9999999999659759,3.402408269361198e-11
0.9999982096305258,1.9596603020481737e-29,1.7903694742645272e-06
0.9999962614935954,2.4344747279168292e-29,3.738506404666941e-06
0.9999546318432622,8.299113205879871e-27,4.536815673776212e-05
0.9999991745625666,4.385809629586345e-30,8.254374333590986e-07
9.86810590136508e-08,0.053718794664408764,0.9462811066545322
3.301859397588087e-07,6.652431703259457e-07,0.9999990045708899
3.164861665045181e-29,0.9999999999993403,6.595958476675322e-13
1.0180997107518467e-14,0.999811952785655,0.00018804721433480319
3.937901478928681e-13,0.9464382860120352,0.05356171398757111
2.819474792359688e-15,0.999855185693389,0.00014481430660817716
5.647745371653599e-19,0.9999778512215304,2.214877846969301e-05
0.0006870662922690953,2.2782319330451635e-11,0.9993129336849487
7.490547832545754e-28,0.9999999999949765,5.023452574667034e-12
0.9991897358328015,1.6207322959127852e-23,0.000810264167198484
4.195794330293546e-07,3.826489688402232e-06,0.9999957539308786
3.627905023275481e-27,0.9999999999897151,1.0284899644870501e-11
0.00011046708654076155,9.051088321700116e-10,0.9998895320083505
0.999955004520119,8.282154078600648e-27,4.4995479880967305e-05
2.6943030649977967e-20,0.9999999231540769,7.68459231202934e-08
4.076889295574442e-14,0.9898980594805052,0.010101940519454018
3.363277844808757e-25,0.9999999998314308,1.6856909058337522e-10
0.9999991439821816,3.994988214676163e-31,8.560178183769759e-07
0.9999998312034789,1.2410761286212284e-32,1.687965211837391e-07
1.8052589207529282e-22,0.9999999897514195,1.024858058550824e-08
0.9997525502168224,7.97715197126548e-25,0.000247449783177461
0.9999999999961615,2.867323365339356e-43,3.838442960518513e-12
0.03233879148402974,2.2216763578042015e-13,0.967661208515748
7.666457496719707e-05,2.372695080694321e-09,0.9999233330523377
0.9996064566521699,4.0441426314475615e-24,0.0003935433478300934
0.9999999916526153,3.751304391400505e-35,8.34738478472625e-09
0.9999728115658318,1.3036282988416693e-27,2.718843416809363e-05
0.9999992428539228,6.524927030806265e-31,7.571460771289071e-07
8.520097211230211e-26,0.9999999999071658,9.283412689468695e-11
0.9999238485963208,5.0488324255147813e-26,7.615140367924168e-05
1.6559817089391218e-11,0.9755221055841652,0.024477894399275096
5.898646972448578e-07,3.1028862333116155e-07,0.9999990998466795
0.9999999592837395,1.2663506415057854e-34,4.071626040889792e-08
2.335816399199529e-06,7.616263191356362e-08,0.9999975880209689
0.9999999999999925,1.2247004672392195e-50,7.543434381703462e-15
0.9999999999999698,1.5676904378629684e-49,3.011101609115251e-14
0.9999998900513526,7.97543164697932e-33,1.0994864749766924e-07
0.9999991918083712,5.953889889952065e-31,8.081916287908378e-07
4.3737176156768356e-05,5.592989504404221e-10,0.9999562622645443
4.955833466799726e-19,0.9999993712279948,6.287720052214656e-07
0.9999999999887392,1.0281637436807774e-42,1.1260829132331489e-11
1.77415809400193e-21,0.9999999820462305,1.7953769395038825e-08
2.9813704880451336e-07,1.4472004469596517e-05,0.9999852298584816
1.1098691571904626e-07,0.10344388316158276,0.8965560058515016
1.7359351972680145e-27,0.9999999999870084,1.2991701328785326e-11
1.789750688046801e-11,0.9843886596860972,0.015611340296005315
1.0710677998971187e-35,1.0,1.0096201709632119e-16
0.99999999999999,1.5979108529236734e-50,9.952993234149691e-15
0.9999999998660185,4.718688008752494e-40,1.3398148809042267e-10
3.5190266359852566e-15,0.9937406242756751,0.006259375724321468
0.9999999999999771,7.123500483696785e-50,2.283338821360785e-14
7.644703296927938e-21,0.999997620026502,2.3799734979921923e-06
0.99978918079443,1.8840294083699957e-24,0.00021081920556982622
2.7714114282612717e-05,9.315580742455576e-10,0.9999722849541595
4.741784823948798e-15,0.9999015309933462,9.846900664905732e-05
1.1684219909093401e-30,0.9999999999998579,1.4216764109312414e-13
1.1472297970085613e-05,0.00020137722390835278,0.9997871504781215
0.0002546261140249328,4.248843193995523e-09,0.9997453696371319
2.0995586147298098e-07,0.04752496486596622,0.9524748251781724
0.9999999999927014,1.5956700257754333e-42,7.298618212179548e-12
2.6749793095164368e-33,0.9999999999999947,5.419859778905193e-15
0.9999999890539285,1.011127306675361e-34,1.0946071484387666e-08
5.68371843833456e-08,0.00010150600117792875,0.9998984371616376
4.9971973508650116e-33,0.9999999999999907,9.233740039819812e-15
8.462410674866615e-15,0.9997774741217071,0.00022252587828436405
9.870584155322604e-16,0.9999466005060327,5.339949396648482e-05
5.892104280865093e-09,0.0030247800281484214,0.9969752140797472
1.5095427489313851e-15,0.9999170659250955,8.293407490294415e-05
4.297740368939449e-13,0.93583545409958,0.06416454589999021
1.1403102246677753e-16,0.9999818030877924,1.819691220736021e-05
0.9999999999999951,3.544594575690545e-51,4.8318606929492924e-15
5.267894621096721e-08,6.891957874782567e-06,0.9999930553631791
1.1438262945480636e-32,0.9999999999999927,7.31117136594433e-15
7.044393420514466e-09,0.0021917431546261573,0.9978082498009805
1.3099623941078585e-05,1.8347396797343052e-08,0.9999868820286621
0.00017063482713951754,9.937009707997071e-11,0.9998293650734904
5.44717781920522e-19,0.9999752265597622,2.4773440237675556e-05
1.8341775403077689e-16,0.9999692195342303,3.078046576941204e-05
0.9999805652018099,7.08546737457337e-28,1.9434798190238637e-05
1.1268132811731421e-08,0.0004600424422410151,0.9995399462896261
1.1206226444964468e-13,0.999129923346001,0.0008700766538868902
2.9401990072751763e-09,0.0016045717982629566,0.9983954252615381
5.09345777387646e-07,0.006731458049996413,0.9932680326042261
0.9999999999545814,5.133756966915111e-42,4.541857532828827e-11
0.9999999999979292,2.104876864871592e-43,2.070699175177016e-12
2.1023536286798422e-05,3.7388527427184265e-09,0.9999789727248605
0.9999974816098585,1.9977880861087345e-29,2.518390141496367e-06
3.877363155926593e-29,0.9999999999987541,1.245888090809435e-12
7.925152458115576e-24,0.9999999992910202,7.089798474166571e-10
0.0005205510904339611,2.535852118313507e-10,0.9994794486559807
0.9992755780437368,9.956450791255297e-24,0.0007244219562631259
1.3620876129543436e-08,8.899618566029064e-05,0.9999109901934636
3.2801919184608596e-08,7.947513890534183e-05,0.9999204920591755
0.9998715730166424,8.418777262256684e-26,0.00012842698335748456
0.9999844882572632,1.5046573594377944e-27,1.5511742736783577e-05
0.9999999999999716,2.194715725300955e-49,2.847297308013974e-14
0.9999787785046258,5.486648389850194e-27,2.1221495374290903e-05
0.9999999999994258,8.9188134676075e-47,5.742913507793194e-13
1.8381185483184087e-22,0.9999999897434283,1.0256571649777067e-08
4.569536204307285e-05,1.2063360269439054e-09,0.999954303431621
1.3120710225642153e-13,0.9772144737439605,0.022785526255908104
4.776637151744449e-05,3.081181864421234e-09,0.9999522305473008
1.863965885031497e-15,0.9999203044688578,7.969553114036071e-05
0.0032881161490917053,1.3467196951870141e-11,0.9967118838374411
1.3340786501227688e-27,0.9999999999945974,5.402562079965388e-12
8.377107495027936e-21,0.9999999300936107,6.990638935566838e-08
0.9995542720240521,2.848689737940003e-25,0.0004457279759477786
1.1527954782591204e-19,0.9999997939541887,2.060458112708597e-07
4.081382218297556e-08,7.621080195229113e-05,0.9999237483842255
2.83720056358511e-32,0.9999999999999878,1.2199886482399314e-14
8.375736047093217e-27,0.9999999999724634,2.753672310926161e-11
2.029205035697937e-20,0.9999999110644134,8.893558642986225e-08
9.69561010653423e-21,0.999997568917864,2.4310821359930623e-06
1.0385744585691901e-23,0.9999999981420655,1.8579345522784961e-09
2.911157619552339e-09,0.5546248969522831,0.4453751001365593
1.601728231201472e-24,0.9999999994606088,5.393910996906412e-10
0.9999803374123744,3.588245145086658e-28,1.9662587625664005e-05
0.9999985121451306,2.4268837609182055e-29,1.4878548694460042e-06
0.9999999998481133,1.2233383331452466e-40,1.5188675443022897e-10
5.0092173332807804e-05,3.337770371426884e-08,0.9999498744489635
1.6865576070919718e-05,1.0247364378968132e-08,0.9999831241765647
1.4588441443846511e-30,0.9999999999999021,9.784547708865944e-14
0.9999999999999807,1.742606572951603e-49,1.9371483861234572e-14
1.563524322631024e-16,0.9999745339731101,2.546602688967851e-05
4.809936891975553e-06,3.9061740780457685e-08,0.9999951510013673
0.00014163277401060495,9.803947756866693e-10,0.9998583662455947
0.0030932980100075677,1.6283548816354363e-11,0.9969067019737089
1.8050519125612355e-08,0.45007430036439683,0.5499256815850839
0.9999999996290359,6.833543670801296e-40,3.7096414543319737e-10
0.9999999550044958,3.757931226546042e-34,4.49955040770506e-08
8.365516801760051e-16,0.9999514675272393,4.853247275989653e-05
0.9999812635335151,4.537535479553468e-28,1.8736466484780672e-05
0.9992666722264905,8.044631363367672e-24,0.0007333277735096668
0.9996527338475535,3.0348213452323442e-24,0.00034726615244643275
0.9999999999935549,4.684730083923888e-43,6.44496635017346e-12
0.000714607907880789,3.010284008823534e-06,0.9992823818081105
0.9999999999640805,4.476453335290341e-42,3.591943636024907e-11
1.4162909142625008e-07,1.3017615546988388e-05,0.9999868407553617
0.9992505742469531,1.258208581717786e-23,0.0007494257530469079
6.633847354220495e-07,1.3145663891281394e-06,0.9999980220488754
1.0254376633368888e-18,0.9999992129833625,7.87016637509154e-07
2.0456744628421113e-06,9.23528558059995e-08,0.9999978619726814
0.999997946415866,4.468180438813353e-30,2.053584133944508e-06
5.424875802983538e-08,0.4555709236024382,0.5444290221488037
4.334538517478063e-06,1.0005211152874475e-07,0.999995565409371
0.0009587710247642439,5.099087413697546e-11,0.999041228924245
0.9999999998534843,1.3690662627825785e-40,1.4651570958324688e-10
2.473137142347627e-08,5.216199531057264e-05,0.999947813273318
3.0999949500511312e-06,9.809082617183902e-08,0.9999968019142238
1.0553981331675374e-11,0.9881964112622574,0.011803588727188489
0.9999998257747108,3.5416194402326706e-33,1.7422528904862642e-07
0.9999999981055832,9.702148062150478e-37,1.8944168976390843e-09
4.94841052856377e-13,0.9404583294973665,0.059541670502138586
0.9999999999998821,7.762192001203601e-48,1.1794714113797215e-13
4.985572109904756e-15,0.9998876207942327,0.00011237920576246007
8.52308902592967e-25,0.9999999997775109,2.2248913079108778e-10
2.3690028017088095e-07,0.06955757541257518,0.9304421876871447
0.9999999999999865,5.118906545944986e-50,1.3554456187753025e-14
0.9999999999999645,1.9647838627324846e-49,3.5531984658538235e-14
2.9768956768848425e-25,0.9999999998462132,1.5378686275354828e-10
3.25101195724048e-06,1.7806081962162364e-07,0.9999965709272232
2.109023190110111e-09,0.0039053466053121837,0.9960946512856647
0.9999999999551197,2.9073470117577247e-40,4.4880325081917045e-11
1.0225868490781661e-06,3.2924886104943206e-07,0.9999986481642897
7.663683063263621e-08,8.836597677453456e-06,0.999991086765492
4.591634615684808e-07,0.015745170623516606,0.9842543702130218
0.0002462008169360344,1.071938787859341e-10,0.9997537990758701
0.9999999998775395,2.2533055558784853e-41,1.2246038603025171e-10
1.3752490902774192e-22,0.999999867417575,1.3258242501001187e-07
3.1592905427707576e-08,0.2415303428472432,0.7584696255598513
8.083278784178328e-09,0.0003679478191104302,0.9996320440976108
4.5553127949370066e-17,0.9999881427296592,1.1857270340725551e-05
0.9999999999134435,1.9339990204823226e-41,8.655658355341882e-11
0.9999998331695593,3.2261569824679226e-33,1.6683044070948557e-07
0.999976902632547,8.15416325030698e-28,2.30973674529101e-05
0.02048271381146669,1.8495423259503728e-13,0.9795172861883482
0.9993522534693771,1.3776124175937851e-23,0.0006477465306229351
4.554839573086729e-07,3.7091625861385945e-06,0.9999958353534566
0.0036327562328809415,2.6928352977893034e-12,0.9963672437644262
7.113806615108128e-13,0.9973579534473769,0.0026420465519116838
2.537048021817058e-07,2.389378618386889e-06,0.9999973569165793
1.6020618558123034e-10,0.06707441105120114,0.9329255887885927
9.7080323484177e-26,0.9999999999256535,7.434646517826991e-11
1.0718399903046715e-06,1.2755015880640329e-06,0.9999976526584216
0.9999999999894116,9.958219628698278e-43,1.058845470293758e-11
2.1297074178830456e-06,5.879264764406218e-07,0.9999972823661057
0.0025383716902187456,3.332386996014771e-07,0.9974612950710817
1.9151918863998955e-17,0.9999959894196114,4.01058038853907e-06
0.9974606579615886,1.0873262592081572e-22,0.0025393420384114775
9.39011074266296e-09,0.00010580410753449175,0.9998941865023548
4.421278299053101e-08,4.3357321891377985e-05,0.9999565984653257
1.4117613380877056e-27,0.9999999999929292,7.0708966058717046e-12
0.999999998019351,6.503496209471332e-37,1.9806489451801433e-09
0.9999999999155127,3.2876156505442605e-41,8.448730629139298e-11
1.4716490635205495e-20,0.9999984140836495,1.585916350513515e-06
2.9499453535535516e-05,3.4464948393108765e-09,0.9999704970999697
0.9999999999806779,7.59088187591412e-43,1.932199818194428e-11
2.4764422998363043e-31,0.9999999999999025,9.753031557674328e-14
1.5984430143250144e-14,0.999739475051771,0.00026052494821307657
0.9984028918710428,1.318916168032789e-22,0.0015971081289572187
1.838471671558861e-19,0.9999997193487574,2.806512425214282e-07
4.18674763151178e-23,0.9999999366046122,6.339538785049705e-08
3.772910294991625e-18,0.9999978629727896,2.1370272103748564e-06
3.29999604013641e-16,0.9999619524995587,3.8047500441120025e-05
0.99996660330573,9.037451061092252e-28,3.339669427012752e-05
1.608981126049238e-07,4.785252415699166e-06,0.9999950538494716
6.681747964912654e-23,0.999999993628937,6.371062863880065e-09
2.934401382073201e-07,1.0378764095533429e-05,0.9999893277957663
1.1344843028887336e-06,4.3749315386099023e-07,0.9999984280225434
1.1872143642670332e-05,3.115571384930185e-08,0.9999880967006434
2.7700404263863893e-09,0.0019258160005117973,0.9980741812294477
2.9623051855298577e-19,0.9999991331580182,8.668419817485718e-07
1.8577366946093454e-19,0.9999996269435851,3.730564149052322e-07
0.9887040386924539,9.168502740332953e-21,0.011295961307546117
1.4971982145866458e-12,0.9972789417119141,0.0027210582865887126
1.082439994171053e-06,0.0010978596113195354,0.9989010579486862
0.999999984256833,3.7701439881131104e-35,1.5743166931580928e-08
0.9999999956850381,9.54423882326458e-37,4.314961948425633e-09
1.5146897380089943e-26,0.99999999997219,2.7809921062931693e-11
0.1506996317762315,1.6112956766655867e-14,0.8493003682237524
0.999999999998018,1.891298660037804e-43,1.981931416674963e-12
2.555313789043702e-34,0.9999999999999991,7.903318797118134e-16
0.0001049063065576525,7.671453071286785e-06,0.9998874222403711
0.999999999983076,1.905063344092151e-43,1.6924094926749334e-11
5.896533295477434e-25,0.9999999997977644,2.022355614321091e-10
0.9999801493065816,8.996405794624543e-28,1.9850693418382004e-05
3.626256594092034e-27,0.9999999999830986,1.690126935706e-11
0.999663530038706,1.3003632031348025e-24,0.0003364699612941225
0.01127831782221435,1.1741101111381043e-12,0.9887216821766116
5.118044923381376e-09,0.6563674945840754,0.34363250029787973
1.3718229581339698e-07,6.870789044129191e-06,0.9999929920286601
1.1030251573254362e-10,0.9072908038414176,0.09270919604828007
7.141969219062982e-12,0.9922099300935641,0.007790069899294059
1.3100504328941117e-10,0.9589536016230211,0.041046398245973795
0.9999999999542668,6.201831677750673e-40,4.573311820226588e-11
1.1166512023237028e-06,1.5625094966527896e-07,0.9999987270978481
0.9999500565496282,4.6382193220866766e-26,4.9943450371849683e-05
0.00023019795462392905,1.5336462145846532e-10,0.9997698018920115
1.0037688189556509e-14,0.999634343675847,0.0003656563241429318
0.9999805450472083,1.7152786149288367e-27,1.9454952791752163e-05
0.9954998796774972,4.651366598133015e-23,0.004500120322502794
7.385371282012558e-19,0.9999990741270871,9.2587291287992e-07
5.770035216288525e-11,0.9806469638288634,0.019353036113436042
0.9999999999751628,2.2197532367078362e-42,2.4837156074046386e-11
3.0824701973555575e-07,0.0038145510122678497,0.9961851407407124
3.0802099709442238e-06,9.203722942759309e-08,0.9999968277527996
3.284374092886799e-26,0.9999999990476047,9.523952381050562e-10
0.0034975442114155717,1.6224467923376645e-11,0.9965024557723599
0.000515820311289657,3.952228745992944e-11,0.9994841796491881
2.655496153908614e-06,9.288106259042508e-08,0.9999972516227836
0.9999999999999467,5.464665857719347e-49,5.340164546678208e-14
3.8290585134051294e-31,0.9999999999998683,1.3175736492165304e-13
0.9998616184726535,2.7944789500217826e-25,0.00013838152734631934
4.101112354291736e-09,0.00047711903981451683,0.999522876859073
2.2890673953806372e-26,0.9999999993270039,6.729960151930474e-10
9.149535551227442e-13,0.9976950406134835,0.0023049593856015608
0.9998272509651053,3.9067676313451962e-25,0.00017274903489461794
0.9999998911755096,6.856548015200203e-33,1.0882449054979314e-07
2.243175369164008e-16,0.9999770949085787,2.290509142116227e-05
2.3909328568922362e-05,1.5759998707333903e-09,0.9999760890954311
1.1390799685297267e-11,0.9913433469793661,0.008656653009242888
7.972327841633831e-14,0.9988011607404941,0.0011988392594262506
1.9165858792810343e-20,0.9999999240382671,7.596173279624376e-08
7.621927116133753e-05,3.334005233204386e-09,0.9999237773948335
2.2507598363696692e-05,1.665722651619618e-08,0.9999774757444098
6.144452117680536e-29,0.9999999999992162,7.838228575175145e-13
0.03492387378802681,3.361692699497049e-14,0.9650761262119395
0.99999908999433,2.3802658793569595e-31,9.100056700762734e-07
7.497740863746459e-29,0.9999999999994227,5.772341790264403e-13
0.9999999999886469,1.63125419042619e-43,1.1353188609696023e-11
0.9998714281586911,6.383649036057755e-26,0.00012857184130893033
9.023598287898822e-16,0.999928956073203,7.104392679604757e-05
0.0015155539512717163,5.5786464517745984e-11,0.9984844459929418
5.088710943240414e-21,0.9999999563318397,4.366816033804932e-08
1.5133538200002746e-31,0.9999999999999634,3.666822748818224e-14
0.9923646058007055,3.5831600197093694e-20,0.007635394199294415
0.9999999999459905,1.1896448559135457e-41,5.400940135002533e-11
1.2988371461148606e-24,0.9999999997019837,2.980163081085644e-10
1.3128482151525054e-05,0.00010255351127874797,0.9998843180065698
0.23093767631651574,2.9708756970208106e-10,0.7690623233863967
0.9996117833992325,3.0827392418410345e-25,0.00038821660076752317
4.645200578369605e-13,0.9976423063317519,0.002357693667783559
1.5589344888278808e-26,0.9999999999706002,2.9399925883576745e-11
1.318258960670312e-31,0.999999999999968,3.199894919615233e-14
1.0373600631108017e-15,0.9999230612605874,7.693873941162508e-05
2.22562251769206e-36,1.0,5.913254062561065e-17
0.9999999998841589,4.215832876397494e-41,1.1584117257155699e-10
4.740239910092943e-15,0.999907089858174,9.291014182134685e-05
1.5229765504074096e-09,0.7950541316030929,0.20494586687393065
6.581056321577342e-15,0.9943724823231502,0.005627517676843156
5.0955012891992996e-20,0.9999997798352681,2.2016473183567867e-07
4.028854252561548e-07,3.4807212033538102e-06,0.9999961163933714
0.9998867570136268,9.642280120991069e-27,0.00011324298637309888
1.425164820839837e-07,1.3321732709194377e-05,0.9999865357508088
4.299876347914909e-28,0.9999999999973397,2.660230236324043e-12
0.9999999454006229,2.2421933991710663e-34,5.4599377245877904e-08
5.168355002184057e-07,1.58033126671256e-06,0.9999979028332332
7.625002509060152e-10,0.8443062308829389,0.1556937683545608
2.0409178891181715e-05,5.885636836539752e-05,0.9999207344527434
2.4155243433430837e-08,0.0002100070625062215,0.9997899687822505
0.9999256167006391,6.524370846438014e-26,7.438329936094673e-05
0.0010670271603717035,4.8297204577471464e-11,0.9989329727913311
3.3369977303093776e-08,0.00017814235063566455,0.9998218242793872
0.9999999998811333,3.85237856295552e-40,1.1886672274206834e-10
0.00010220837436692785,1.9545730114548935e-05,0.9998782458955185
4.074527000342487e-24,0.999999998641345,1.3586548906013695e-09
0.9999999976216667,6.968290496798507e-37,2.3783332227568762e-09
2.1712475477711673e-28,0.9999999999483247,5.167534828796535e-11
0.9999999999467171,1.4696187637624608e-40,5.3282966380479096e-11
9.055895551885657e-05,3.850071469566008e-10,0.999909440659474
1.7236992653402238e-30,0.9999999999997966,2.033134222989726e-13
0.9999830664161324,2.018130001418926e-27,1.6933583867553954e-05
0.9991632274682801,3.3018992136103047e-24,0.0008367725317199459
0.9954374297603301,4.344275507451841e-22,0.004562570239669925
0.99999999999999,1.140722539756015e-50,9.925890877080274e-15
2.489466243058819e-26,0.9999999999337466,6.62535031332928e-11
0.9999998339482536,2.322840476357763e-32,1.6605174628578808e-07
7.750089441925899e-34,0.9999999999999973,2.6685244522982924e-15
0.9999999999999876,3.148397154641181e-50,1.2397456917850652e-14
7.468240500685655e-12,0.9906810191187947,0.009318980873737115
0.9999997976884635,2.3656191391050248e-32,2.0231153666037775e-07
0.0003454291225918588,3.068232658658194e-06,0.9996515026447494
1.8503375296189013e-06,0.0030915185422317605,0.9969066311202386
0.0009826580861735238,4.415719398333058e-11,0.9990173418696692
0.9999999999999845,1.218469211804479e-50,1.5615370516094183e-14
9.775512282921905e-19,0.9999765388067426,2.3461193257218938e-05
6.5286942767059275e-18,0.9998716067207339,0.00012839327926602995
0.9999999999892031,1.8006153655995137e-42,1.0796965250160819e-11
0.9999999999999927,8.506434684685288e-51,7.23252360949361e-15
1.8918673813969062e-05,3.1273515502155476e-09,0.9999810781988345
0.9941402969495218,2.7452841108486257e-21,0.005859703050478134
0.9930093304581296,6.152938058669338e-22,0.006990669541870336
7.298788975712188e-13,0.874953741104096,0.125046258895174
0.999999980839826,2.9402314197140745e-35,1.9160174073652784e-08
4.410422108527648e-06,2.589748933376983e-07,0.9999953306029982
0.9931539912341182,1.109823744767411e-21,0.006846008765881794
5.527840132691958e-07,0.004608650540272045,0.9953907966757147
4.1833691270735665e-05,5.033139468231085e-09,0.9999581612755899
9.420297904059283e-07,0.005381087809300661,0.994617970160909
0.99994782302945,3.1257622728764654e-26,5.217697055001691e-05
0.9910892580224926,8.507364356894873e-21,0.008910741977507408
2.5297103082709603e-15,0.9983565296513295,0.0016434703486680135
1.7035076565061934e-08,0.0002453504360266031,0.9997546325288968
1.9523743393763736e-34,0.9999999999999993,6.343697051904698e-16
4.3550671871833806e-09,0.0007526402910330018,0.9992473553538999
6.140587090181431e-35,0.9999999999999998,3.3102128703374945e-16
0.9999999999999811,6.432584538119979e-50,1.8936609387656385e-14
8.305097061459582e-23,0.9999997774775711,2.2252242886982886e-07
0.9999973401115461,1.374033974942738e-29,2.659888453942448e-06
2.9842636975556117e-14,0.999608111151982,0.00039188884798819476
1.3140288774868316e-05,2.386001038385191e-08,0.9999868358512146
0.997233771057939,4.457334087243687e-22,0.002766228942061045
2.2821120553597523e-36,1.0,4.835003063469489e-17
5.55056353238943e-15,0.999913015062059,8.69849379354267e-05
8.439570946411214e-25,0.9999999997124895,2.8751046822076717e-10
0.9999971476433056,1.098182923274597e-29,2.8523566944351054e-06
4.273005412182156e-22,0.9999999926658714,7.334128631146281e-09
2.156412632219479e-09,0.004206795749133924,0.9957932020944535
0.9999999299129536,1.6170943361789756e-32,7.008704630680597e-08
2.0967943939039174e-09,0.0014742871240928286,0.9985257107791128
1.7699455383796376e-06,0.003927300797548309,0.9960709292569133
1.1861972191899582e-36,1.0,2.6737787308448926e-17
0.00014017970061115607,6.643203724770257e-10,0.9998598196350683
0.9925627241337455,4.2097836879363024e-21,0.007437275866254581
0.003437916295867384,3.204851889452404e-11,0.996562083672084
0.9999999999786675,1.529624683171623e-41,2.133247127974478e-11
3.674406256324388e-09,0.7068211317518059,0.29317886457378767
2.236506872991369e-19,0.9999930185950379,6.981404962021457e-06
0.002715021030272245,8.740593306438254e-12,0.9972849789609872
0.9999999995800162,2.158865355651404e-39,4.199838024282507e-10
0.00016226462570165812,8.707467350977452e-10,0.9998377345035516
0.9999999948755225,7.955055588176723e-36,5.124477506212195e-09
3.18594758086684e-34,0.9999999999999984,1.5914572152527017e-15
3.805826008987384e-21,0.9999991592877373,8.407122626827924e-07
1.6804778458918183e-15,0.9999481443752266,5.18556247716846e-05
1.0639888020146867e-31,0.9999999999999547,4.531071278832627e-14
0.9994633198356131,5.656386276077671e-24,0.0005366801643868879
1.0376161408037074e-24,0.999999999658197,3.4180298932358777e-10
0.9999999999963471,2.715849086435253e-43,3.652883365529557e-12
1.0124510151864795e-32,0.9999999999997955,2.0439526697606181e-13
8.50539818942906e-07,0.0014751383571650417,0.9985240111030159
4.7714559930674555e-09,0.004740505432401066,0.9952594897961429
2.266359226123762e-14,0.9996216561904492,0.0003783438095281278
1.517432764696896e-23,0.9999999987182508,1.2817491311512275e-09
2.593115879303354e-36,1.0,6.485386132328025e-17
0.9999999999872293,4.8233197385268026e-42,1.2770759944540846e-11
1.1769017240659028e-06,1.3638714914339442e-07,0.9999986867111267
2.584958735786805e-11,0.9828265961516146,0.01717340382253583
5.954872262233529e-17,0.999721641937517,0.0002783580624830982
1.4946287145912516e-07,9.934030288481926e-06,0.9999899165068401
0.997698112835628,3.91904007282631e-22,0.002301887164372027
4.3387025054342596e-18,0.9999962986932116,3.7013067884508516e-06
4.865813611780424e-07,0.020428987955445878,0.979570525463193
0.9999973165208527,2.6064387743633054e-29,2.683479147395097e-06
1.4319560193009898e-13,0.9594843480048469,0.0405156519950099
0.9996501451036054,2.1025751377377554e-24,0.00034985489639459286
0.9999998538247401,2.7004204738315315e-33,1.4617525988639013e-07
0.9999997418305762,2.1836293802167489e-32,2.5816942376672725e-07
1.3442123977273556e-11,0.9818634815226027,0.018136518463955125
3.3564690838523075e-29,0.999999999999166,8.340922457509607e-13
2.157499380546815e-25,0.9999999998352955,1.6470440029445664e-10
0.9999999931536685,2.1644404402492445e-36,6.846331375755143e-09
0.9784452021985144,2.36689193346217e-20,0.021554797801485722
2.4805092193090705e-13,0.9607178023299848,0.03928219766976695
2.3475306956237555e-26,0.9999999999682883,3.171183102381821e-11
4.367357223935557e-37,1.0,3.132400133964032e-17
1.971626673940767e-15,0.9999251747741605,7.482522583737495e-05
0.9900220436462908,1.2045102699374427e-20,0.009977956353709322
9.497539507060862e-29,0.9999999999986438,1.3563462836684782e-12
0.9999599476429221,1.7197899617063607e-27,4.005235707779958e-05
8.193838127179558e-19,0.9999983944284226,1.60557157735935e-06
0.9999999999957803,5.083487143737588e-43,4.2198332337804164e-12
0.9999996554395031,3.269060963636594e-32,3.4456049682346273e-07
0.999138763881262,5.545362943474049e-23,0.0008612361187381042
4.385184507378702e-06,0.0008944962729607648,0.9991011185425318
1.2981240082673305e-22,0.9999996859615765,3.140384235613603e-07
0.0009470737688227135,3.065043264459079e-11,0.9990529262005269
0.999999999999901,2.867655962708547e-48,9.906206165801473e-14
2.2815824012697718e-26,0.9999999999666909,3.3309218303428015e-11
4.4042258828168995e-08,0.1617558315514312,0.83824412440631
2.2532840342358088e-26,0.9999999999400311,5.996886512100015e-11
1.4726380472428962e-10,0.9514896053658584,0.048510394486878
0.9999999999803661,1.2840524841055974e-42,1.9633857442916284e-11
2.92921233401235e-24,0.9999999881191038,1.1880896083372962e-08
8.720100495818821e-10,0.021353945776835,0.978646053351155
5.9115674006702845e-15,0.9998620627019086,0.00013793729808526934
2.2553341048404085e-29,0.9999999999993165,6.834923940386056e-13
0.033666078351246624,5.288681682644408e-13,0.9663339216482245
3.313927690434695e-26,0.9999999999669413,3.305865502054491e-11
5.5750860177366153e-14,0.9866127881694332,0.013387211830511173
1.3861069461434921e-14,0.9947453109935079,0.005254689006478224
1.8828064382254356e-05,7.4085051848771745e-09,0.9999811645271126
4.7343970829644584e-07,1.300536606169575e-06,0.9999982260236855
0.00033629981478581827,4.966868569892423e-10,0.9996636996885274
1.727258967701757e-26,0.9999999999732061,2.679383053500606e-11
2.984597685078158e-05,2.6613888465283768e-08,0.9999701274092607
3.5122136832731133e-15,0.998119932403514,0.0018800675964823733
2.3462891109721694e-09,0.7843114312022602,0.2156885664514506
4.907495619703311e-08,6.037499246494931e-05,0.9999395759325789
5.395597150330956e-16,0.999951590414547,4.840958545265165e-05
2.554584554164329e-28,0.9999999999930274,6.97265314910365e-12
0.9999998752430301,7.027345172266616e-33,1.247569698509471e-07
1.0543285269875305e-14,0.9997663687988546,0.00023363120113506622
0.9999999998254647,7.181527319109724e-40,1.74535295782607e-10
2.644026489215104e-10,0.9478168151028097,0.05218318463278746
0.00023829190238461683,5.5588793767977525e-11,0.9997617080420267
0.9999999999884468,2.321597580405665e-43,1.1553262841308532e-11
1.1317900389459364e-18,0.9999987909404545,1.2090595455608187e-06
8.783644212273201e-10,0.004858042645368012,0.9951419564762676
1.0707411512098391e-27,0.9999999999102578,8.974210488925991e-11
0.9999999999952203,8.17925638014475e-45,4.779841621311759e-12
0.9999999999369327,3.2926718976137246e-40,6.30673741027666e-11
0.99999999999947,9.73333263662049e-47,5.300460225753265e-13
0.9999999999999687,7.279869564596189e-49,3.12438048518283e-14
1.5351220901137877e-35,0.9999999999999998,1.913913270847718e-16
9.865517288021348e-28,0.9999999999945215,5.478484686524369e-12
0.002563679972989271,2.657207382135137e-07,0.9974360543062725
7.57292382020026e-16,0.998434809727396,0.001565190272603258
0.9999999990050521,3.9502939386494865e-38,9.949479603022017e-10
3.352643107431443e-09,0.00012561330915013833,0.9998743833382068
4.8239338271527106e-08,3.519427369679229e-05,0.9999647574869649
0.0001919375819146122,1.99902613119943e-09,0.9998080604190592
0.9999998642525474,1.4344859387977994e-32,1.3574745264729295e-07
1.47861781613673e-08,0.22090839911528148,0.7790915860985403
1.4484337046633515e-21,0.9999999784820364,2.1517963707709695e-08
0.9999999999998685,1.9968478180006788e-47,1.315119325788664e-13
0.9999994859148071,9.5797099064428e-32,5.140851928573481e-07
3.1411090244213545e-16,0.9994141637035812,0.0005858362964185248
0.9995899905152199,5.4698296428524765e-25,0.0004100094847801557
3.52740822725693e-22,0.999999992374918,7.625081954619611e-09
3.2498042449334544e-06,8.209406462973514e-08,0.9999966681016905
7.820782514813869e-17,0.999994476946279,5.5230537210631165e-06
0.9998988474075549,4.2891246521392575e-26,0.00010115259244514498
3.376146550668053e-07,5.916126285811528e-06,0.999993746259059
1.4458897423029961e-05,2.2804401471176144e-09,0.9999855388221368
0.9927572057145306,5.200434936506169e-21,0.007242794285469363
1.4380865167633494e-10,0.15928624771944194,0.8407137521367495
6.110910064402201e-05,1.7597394843249617e-09,0.9999388891396165
4.309228815816184e-09,0.002400378274529215,0.9975996174162419
2.463044597953692e-06,2.3261096525838118e-07,0.9999973043444368
0.0009768021476525657,2.491905685280214e-11,0.9990231978274284
6.335904288913535e-08,3.793129092871104e-05,0.9999620053500284
3.666634852849604e-06,0.0024062614903208016,0.9975900718748264
1.1973955601668823e-10,0.9541138142344919,0.04588618564576838
1.6821200706914846e-23,0.9999999983594745,1.6405254333191435e-09
3.078102079375938e-11,0.19266435926108844,0.8073356407081306
0.9999452007913444,1.4927084280482828e-26,5.479920865555982e-05
0.0005234981277249182,1.7862242849195205e-10,0.9994765016936527
5.483854881009997e-10,0.9058613764806925,0.09413862297092203
2.576770863853018e-20,0.9999998931220463,1.0687795382228151e-07
0.00041514871105464686,9.042192264500567e-11,0.9995848511985236
2.9553788568396125e-08,7.85159508799161e-05,0.9999214544953315
6.918243407654391e-20,0.9999998772464858,1.2275351417296227e-07
0.9999999999999769,7.674124257452135e-50,2.3189484222754846e-14
6.594197663676585e-09,0.00035117647786331996,0.9996488169279389
0.00982584398425133,2.005750287638202e-12,0.9901741560137428
8.457544825471561e-06,0.0007051128779199973,0.9992864295772547
0.999999999998447,4.181883536546397e-45,1.5530721514773054e-12
2.1360423150222994e-08,0.00036456189364789766,0.999635416745929
3.0420036053510646e-22,0.9999998583967625,1.4160323744557526e-07
0.9999999999745783,1.0593059076855361e-42,2.5421698849182605e-11
0.00028140994146110454,1.6611590444984802e-10,0.999718589892423
1.6184143642231114e-15,0.9999120029830353,8.799701696315048e-05
4.206688663119943e-25,0.9999999890720624,1.0927937468700477e-08
0.9999996930946324,1.8927633063154025e-31,3.069053674827317e-07
6.537809794722276e-17,0.9999909781557235,9.021844276481316e-06
5.12303040053705e-21,0.9999981249893934,1.8750106064976973e-06
4.953430794530726e-05,1.5391902248507419e-09,0.9999504641528645
1.0225333691847038e-09,0.009779277013562616,0.990220721963904
0.999999999999984,1.0958881870167483e-49,1.5906528473022275e-14
1.6084391235974147e-08,0.00015499562185671158,0.9998449882937519
0.0060251040542299746,1.029414078492704e-12,0.9939748959447405
2.8472261038224913e-30,0.999999999999788,2.1194314716154266e-13
9.795164846629316e-08,1.9283215675116216e-05,0.9999806188326764
0.9999999995406192,5.227995625133459e-38,4.59380782723573e-10
0.9999922201934519,1.4621376351332381e-28,7.779806548104515e-06
0.9999585652582973,1.0497886057991924e-26,4.1434741702652675e-05
1.7264000022681179e-34,0.9999999999999991,9.544566080115855e-16
0.9999962295181901,3.765203254779883e-29,3.7704818099769264e-06
4.800217094719495e-11,0.9839040177167445,0.016095982235253353
0.9999999999999827,2.5556879952516604e-50,1.7406781314405563e-14
0.9999995287384842,3.630836140276808e-32,4.712615157215584e-07
0.00619825861533876,3.43690245788471e-12,0.9938017413812243
1.6659434599330323e-19,0.9999910847496711,8.915250328893563e-06
0.9999999991245687,6.361332539322056e-38,8.754311925194039e-10
6.1887323654205764e-24,0.9999999982889212,1.7110789250872735e-09
2.2239405232589023e-05,2.3904042310473603e-05,0.999953856552457
0.9994146299610129,7.710858180574288e-24,0.0005853700389869841
1.6377226651968508e-06,0.002206568414220303,0.9977917938631146
0.9999999999285916,3.973839875111413e-41,7.140839901046862e-11
1.356625668847186e-10,0.06889622036974605,0.9311037794945914
0.9999999999855564,3.653583000215903e-42,1.4443536144454339e-11
1.0284435527011545e-19,0.9999996662725436,3.3372745639258764e-07
1.0040576975086146e-11,0.9903435333427727,0.00965646664718677
0.00045503972725843595,4.5062004018207865e-10,0.9995449598221214
0.9999999999604776,2.38546147378952e-42,3.952243308229449e-11
0.9999999512929306,2.4632501932002717e-34,4.8707069426099546e-08
5.8509148436658056e-08,1.9184410618063803e-05,0.9999807570802335
7.055279346213646e-33,0.9999999999999907,9.288596047352363e-15
2.8826193247483324e-16,0.9983971935974366,0.0016028064025632308
2.0060289884345819e-19,0.9999995462710669,4.53728933163939e-07
1.0589455858815199e-12,0.9966701931791002,0.003329806819840869
8.267193856755098e-05,2.116228862955137e-09,0.9999173259452036
0.4457253687009791,2.5719148485451705e-11,0.5542746312733017
3.4853118675676025e-20,0.9999968054696599,3.194530340105109e-06
0.9999999943275348,1.47082347780719e-36,5.6724650619846076e-09
0.9999999909869085,2.5003042197317614e-36,9.013091570640666e-09
0.9999999867508487,7.420361478862374e-35,1.3249151422180996e-08
0.9999982157742195,1.6006744406284908e-29,1.7842257805502385e-06
0.9999980908949095,1.2775010433885433e-30,1.909105090456109e-06
0.9996237747099382,3.3613093116327125e-24,0.00037622529006191134
4.499312226584611e-15,0.9974787232007537,0.0025212767992418557
0.9999990644018109,1.1708642530739582e-30,9.355981891215289e-07
0.9999999999950739,1.0969502201003453e-42,4.9261136766054445e-12
4.44396130079823e-09,0.0007721893461691033,0.9992278062098697
0.9999999998906401,8.449348159360737e-40,1.0935980270965665e-10
1.2142059130258195e-37,1.0,1.7810957977713065e-17
5.196078481213009e-27,0.9999999999775981,2.2401876505105306e-11
0.9999999869547918,4.4454055457298215e-35,1.3045208226751912e-08
0.9999999999677949,3.479927677101196e-41,3.2205139126829984e-11
0.9999588840077926,1.2895878068583923e-26,4.111599220741606e-05
5.95857400786431e-09,0.0006259828198377033,0.9993740112215882
0.9999632673592243,3.794967433528105e-27,3.673264077564063e-05
0.00038122986223311603,1.2350630100828716e-10,0.9996187700142607
2.059050222273391e-30,0.9999999999999072,9.283181602177546e-14
0.9999972861433135,1.3938981376604443e-28,2.713856686385075e-06
4.3582148270053187e-16,0.9993561658839794,0.0006438341160202642
1.0475754701361733e-08,0.0016796189454964295,0.9983203705787489
1.3931671808567427e-07,1.6547651568327398e-05,0.9999833130317136
0.9999999999137665,6.562591699235181e-40,8.623348580613481e-11
1.325540961157677e-15,0.9999505233494198,4.947665057886274e-05
0.00030017111686167594,7.837004712020394e-10,0.9996998280994378
0.00017832838906252471,4.123793863357958e-10,0.999821671198558
1.1919593167991548e-07,9.171896535547127e-06,0.9999907089075328
1.6216674477171616e-22,0.9999999949197604,5.080239613052533e-09
0.9999946244627856,4.574297067131107e-29,5.3755372142539304e-06
0.999999999999992,1.0217449230341032e-50,7.933022948615114e-15
3.8263309526186286e-06,4.622797648332062e-08,0.9999961274410708
5.7617518076492566e-08,2.017373355540858e-05,0.9999797686489266
4.195186209638753e-31,0.9999999999998781,1.2188474029671524e-13
4.56078459117207e-22,0.9999999921998705,7.800129495481713e-09
0.9991008650563762,2.6855740229316343e-23,0.000899134943623732
4.5208050074866775e-33,0.9999999999999949,5.010378313652926e-15
0.9999983903953693,4.404279311673623e-30,1.6096046307130403e-06
5.879376566647869e-21,0.9999999589036749,4.109632517964744e-08
0.999999999986068,1.3637711492245612e-41,1.393189266195449e-11
8.305156416696706e-08,1.4316986227861585e-05,0.999985599962208
1.3778597495152446e-05,0.00019481530727765068,0.9997914060952271
3.594239818238474e-07,3.787328110708477e-06,0.9999958532479074
0.0001313538343544215,8.149439842463622e-10,0.9998686453507015
1.1477927407232243e-05,1.5340481171850976e-08,0.9999885067321117
0.9999999999999849,3.3362656645547167e-50,1.5193419164871386e-14
0.9999981511214451,8.85884676231829e-31,1.848878555027653e-06
1.4182754728755317e-07,8.126310105772363e-06,0.999991731862347
0.9999999700522797,6.409936621438612e-35,2.9947720262136376e-08
1.0316602737759918e-20,0.9999998979856406,1.0201435939213733e-07
5.177323109133021e-09,0.557876696652578,0.44212329817009893
0.9999770823661515,1.1653998934406534e-27,2.2917633848457436e-05
5.404198527044338e-18,0.9999958102185124,4.189781487522072e-06
7.630733427858569e-22,0.9999999857585502,1.4241449845952083e-08
1.2133922327758836e-05,4.532351932275235e-08,0.9999878207541528
1.6082407741807002e-08,6.171757655071229e-05,0.9999382663410417
0.9896499982440162,2.5187231890667188e-20,0.010350001755983843
8.001925678284347e-15,0.9925639573858192,0.0074360426141728535
0.000873647615994923,8.512287957245936e-11,0.9991263522988822
1.1194195834185716e-15,0.9999312706282105,6.872937178844381e-05
9.226264644388567e-07,0.0065704063620128095,0.9934286710115228
0.0009298168267744577,3.157098282985693e-11,0.9990701831416545
2.741691305927134e-37,1.0,1.565069050849566e-17
0.9999998199041218,1.1538890751528262e-32,1.8009587824989987e-07
0.9999966120474503,1.840630120064037e-30,3.3879525497423936e-06
1.0978904268752264e-15,0.9999530456289679,4.6954371030821496e-05
0.9978887514690404,4.1456062799377213e-22,0.0021112485309595615
2.9661555151311836e-05,4.1397808740814575e-09,0.9999703343050679
7.213733919327633e-13,0.9984572373429274,0.0015427626563512921
3.0810702328324345e-08,6.301328697765731e-05,0.99993695590232
1.5065136592458623e-25,0.9999999972950491,2.7049509848151954e-09
5.748365080921796e-06,2.7344157170386e-07,0.9999939781933473
1.4100366468268405e-20,0.9999998307976394,1.6920236054427022e-07
0.9999936686139813,4.17463080340032e-29,6.331386018728244e-06
0.00026695721826473757,7.450524278117454e-10,0.9997330420366829
7.165459896552691e-19,0.9999991907917469,8.092082530863846e-07
0.141768517122993,5.531613935028005e-10,0.8582314823238455
1.3917873083429482e-34,0.9999999999999996,4.675682196194402e-16
0.9999999999600158,2.680350116145624e-41,3.9984307997633617e-11
0.005371864080617584,7.846579053459477e-08,0.9946280574535918
0.9997271607649416,1.027585899777422e-25,0.0002728392350584363
2.9163543918357233e-08,0.45093306731502913,0.549066903521427
5.4040939682544665e-11,0.9555280449572863,0.04447195498867278
9.312750280005845e-07,1.3642478839162605e-06,0.9999977044770881
0.9999670308906459,2.2131547234271588e-26,3.2969109354107206e-05
1.2249157653999497e-32,0.9999999999999851,1.483974926336046e-14
0.9998716864778219,4.1184537036616666e-25,0.00012831352217806028
8.125816283381614e-17,0.9999861938365869,1.3806163413076212e-05
1.7092543613938477e-14,0.9995965738826306,0.00040342611735230254
1.3984553306487771e-11,0.9821201521026882,0.017879847883327256
0.9999982980803273,1.4420318234806894e-29,1.7019196726993373e-06
0.0032480073933674157,6.7847918641415065e-12,0.9967519925998478
2.3590195135700395e-07,3.333516008637609e-05,0.9999664289379622
0.9999999996418059,5.98917091495533e-40,3.581940377320618e-10
0.9999999999999931,5.013873775241471e-51,6.871154943871558e-15
1.0954973633719572e-29,0.9999999999995064,4.935259037902965e-13
0.9999999551146237,7.467558025077232e-34,4.4885376218132526e-08
2.2574450275239124e-07,2.1733155753865696e-06,0.999997600939922
6.197096614778554e-17,0.9995771236698492,0.000422876330150886
3.564682543321064e-36,1.0,6.55731959058355e-17
1.7999498355002834e-07,0.11228351423254258,0.8877163057724738
7.43857813295856e-08,0.10238643091204085,0.8976134947021778
9.572920546298093e-21,0.999999879041038,1.209589620771452e-07
2.551430275754206e-18,0.9999989576374743,1.0423625257316985e-06
1.1032909557565176e-08,0.00014674863057806048,0.9998532403365123
4.892430963002797e-18,0.9999965087733784,3.4912266215655055e-06
0.9958023970880101,4.353626973223182e-22,0.004197602911989996
0.000949019443590249,7.471768103609761e-11,0.999050980481692
0.999999999956978,5.405763323607046e-40,4.3021933999000225e-11
0.0001146583591341732,4.2351760581522173e-10,0.9998853412173482
0.9999999999999074,2.5495597233372685e-48,9.261361544454378e-14
0.9964831070488587,3.7458101709428156e-22,0.0035168929511413412
1.0879793274808644e-32,0.9999999999999936,6.404724358305653e-15
1.1203590278821435e-15,0.9987170493506369,0.0012829506493620302
0.9887369932164564,9.857900400709726e-21,0.011263006783543692
4.10282589132178e-12,0.8044240496502418,0.19557595034565534
1.5018721409788898e-10,0.9563924171339412,0.04360758271587159
0.999999981716846,1.980855986409905e-34,1.828315401888529e-08
1.9443289746649767e-21,0.9999999587994971,4.1200502936427666e-08
2.591730198951821e-19,0.9999996954777287,3.045222712015984e-07
6.470510457014652e-15,0.9958339040894802,0.004166095910513211
9.386337391113018e-06,4.496679498540197e-08,0.9999905686958138
0.000628533100163852,2.3516652643765668e-06,0.9993691152345718
1.8097117393787706e-08,0.426970009379514,0.5730299725233685
1.2680508048262074e-20,0.9999999304632581,6.953674186460362e-08
0.99999118586769,2.6018750359333174e-28,8.814132310139713e-06
0.9999999999987745,1.9204497633138423e-45,1.2255259002206452e-12
0.9999999999975797,8.140510945315496e-45,2.420315488850888e-12
3.023864795659219e-13,0.9980119477601063,0.001988052239591224
0.9999964054594186,1.124955822842154e-28,3.59454058135732e-06
0.9999999999999394,7.326949656132775e-49,6.057748887530307e-14
0.9999999993642501,4.901210652798749e-39,6.357499570596692e-10
2.6441148174114803e-05,2.782186779252103e-05,0.9999457369840333
0.9999765166737276,4.22581438607761e-28,2.348332627235924e-05
2.620662012964177e-05,1.1185288721083658e-08,0.9999737821945817
1.6762857101648207e-05,1.5771667787769917e-08,0.9999832213712306
2.108402195230999e-07,1.3212767896835033e-05,0.9999865763918836
0.996855759858507,5.595699031840115e-22,0.003144240141492892
0.9999999998076656,2.258316224322629e-40,1.9233443926139006e-10
0.9991846600342503,7.984707887932529e-24,0.0008153399657497906
0.9999999999999458,1.02839708319793e-48,5.4242501080316676e-14
1.671101375541264e-08,5.654335814185977e-05,0.9999434399308443
1.4127486716951702e-13,0.9826953250907113,0.017304674909147465
1.7467521216645497e-12,0.997748294993567,0.0022517050046864232
1.5926831128604909e-22,0.9999999911464631,8.853536987629013e-09
0.9995549997418541,8.671437623019582e-24,0.0004450002581458014
0.9999999935963648,6.528693474653924e-35,6.403635204882111e-09
2.948501186011642e-17,0.999812547802886,0.00018745219711399524
0.999999111234024,2.458097672095604e-30,8.887659759542754e-07
4.608898241031702e-05,1.6768124220066934e-05,0.9999371428933697
2.440450974356862e-05,2.9876314032263885e-08,0.9999755656139425
0.9999999999999616,1.7062370534722833e-49,3.836913645151722e-14
0.9999499411078735,6.298370162186734e-27,5.005889212651067e-05
0.9999999593345489,2.5138188201894565e-34,4.066545113766445e-08
0.9999999999395388,5.478483733093211e-41,6.04611032125334e-11
0.9998156490734031,1.0334899116581652e-24,0.0001843509265967729
3.382764549427799e-07,2.1608218050685473e-06,0.99999750090174
0.9853724083786207,4.9404838133159796e-21,0.01462759162137928
2.890879437388306e-22,0.9999999881719036,1.1828096303990696e-08
5.121500509882996e-10,0.87202301464903,0.12797698483881992
1.1287012995872008e-05,1.3346409467010408e-08,0.9999886996405946
0.9999999998871061,4.653600570692769e-41,1.1289396856740595e-10
0.9999999930711281,4.9081432225661396e-36,6.928871782639764e-09
1.4113409838952427e-35,0.9999999999999998,1.511612448383702e-16
0.9999783497556192,5.308368277484661e-28,2.1650244380887486e-05
7.376913940011994e-06,4.5394596039220485e-08,0.999992577691464
5.384298741038191e-16,0.9999672317867675,3.276821323211324e-05
0.9997544096592609,1.205567220215015e-24,0.0002455903407390472
0.9983708179837437,1.2214675236497338e-22,0.0016291820162562792
0.9999999995870097,1.942928006944435e-38,4.129903800075665e-10
0.999999932483603,2.3992168861338134e-32,6.751639703975497e-08
1.7953550603071887e-14,0.9994966581297614,0.000503341870220631
7.457245990906835e-10,0.0031383659569005702,0.9968616332973749
3.832877277981182e-08,0.00014990846583052016,0.9998500532053968
7.624123598818424e-07,4.3299987633883356e-07,0.9999988045877638
0.9999999602241596,5.494647108365349e-34,3.977584047857121e-08
7.505708116076456e-05,3.4972356779348257e-10,0.9999249425691157
0.999999999999992,1.0152443617764724e-50,7.906051052550415e-15
1.1010539755402359e-06,1.5134074192938307e-07,0.9999987476052825
1.2297160653850504e-09,0.005992673445660138,0.9940073253246239
0.9999999999998572,5.936164387233173e-48,1.4284028202837242e-13
3.0313760807597256e-07,0.017382620730262605,0.9826170761321293
0.9999998845317306,3.767695111287707e-33,1.1546826933639111e-07
5.4454411049144324e-18,0.9999981861092424,1.8138907577329284e-06
1.2148558496825802e-05,1.6035621403623392e-08,0.9999878354058818
0.9999999999172795,8.724683889346881e-40,8.272060276312126e-11
3.070678800863313e-20,0.9999972948090302,2.7051909696700993e-06
4.132487683037395e-35,0.9999999999999998,2.1863814482184755e-16
2.5800478770996864e-05,4.2444984055471455e-08,0.999974157076245
0.9989177697685855,3.0225989764852744e-23,0.0010822302314145696
0.9999987356005482,8.106052145030391e-31,1.2643994518134546e-06
8.946529026077858e-09,0.365485976153811,0.63451401489966
0.9999999999998173,2.4800700964684106e-47,1.8275928395311786e-13
0.999999999988308,1.8544033847596773e-43,1.1692042066223611e-11
1.1277421335619959e-17,0.9999965916983248,3.4083016753580915e-06
7.736995684416087e-08,1.1183659284248255e-05,0.999988738970759
2.6421594541271704e-05,5.7426804443694994e-09,0.9999735726627783
0.9999999986873185,6.626651726165019e-37,1.3126815459099775e-09
1.918131891323183e-18,0.9999983899937701,1.6100062300000176e-06
0.9999682115947176,9.801036453680383e-28,3.178840528244804e-05
4.247182388972953e-23,0.9999999968348987,3.165101357397365e-09
2.479155705031544e-19,0.9999995348329095,4.651670904674383e-07
1.2610433531885256e-30,0.9999999999999147,8.526302182065986e-14
8.158350004595269e-14,0.9876742854662393,0.012325714533679219
0.13277142433478425,3.6236632739885277e-14,0.8672285756651795
4.608748265534163e-05,1.4713362520477469e-08,0.9999538978039821
1.3949035946772775e-06,3.3036143052767935e-07,0.9999982747349747
1.488993617282428e-15,0.9999146104377324,8.538956226598992e-05
2.7058057665034186e-26,0.9999999999619869,3.801305831491606e-11
2.9790633705942208e-36,1.0,8.402918866699634e-17
0.9999999148793434,3.1294126062327874e-33,8.51206565256168e-08
2.3421350632965518e-07,3.4767078691705e-06,0.9999962890786245
3.5322641104008206e-13,0.9984413645347232,0.001558635464923754
1.1597285524743087e-23,0.9999999676756358,3.2324364028758075e-08
5.345712987487024e-08,0.1965998008004123,0.8034001457424579
4.988461773057076e-08,7.771773874284296e-05,0.9999222323766394
0.9999999999832188,6.007079461146177e-43,1.6781283629749864e-11
7.392351749422539e-07,0.011334592747281727,0.9886646680175433
2.8662005684552947e-06,5.078256831893155e-07,0.9999966259737484
4.80412449030558e-36,1.0,7.704760312719039e-17
2.5625772972217236e-07,2.5504828713591087e-06,0.9999971932593988
1.1618302722232807e-34,0.9999999999999991,7.845819437710486e-16
2.3542968531282173e-26,0.9999999993395887,6.60411305288358e-10
0.9999999999999776,1.1499528226943054e-49,2.2521119773445e-14
4.413294916891283e-22,0.9999999894304245,1.0569575607381717e-08
8.438612439110732e-24,0.9999999987819748,1.2180251335032975e-09
0.9999999999846085,3.156728738623043e-42,1.5391438499184912e-11
1.511681687966008e-35,0.9999999999999998,1.6908743146547841e-16
0.9999999999800695,4.035389177859787e-43,1.9930421410558027e-11
0.9999999883552065,1.5350562045520695e-35,1.1644793409620119e-08
0.9997831686786312,8.396467529979386e-26,0.00021683132136880555
0.9999999993154269,2.3381840892524187e-37,6.845730821244106e-10
0.9983079687486537,4.257013490956183e-24,0.0016920312513463405
0.9999999995095019,2.0048215723583756e-39,4.904981568984365e-10
2.3829772269232236e-36,1.0,8.162726509116082e-17
1.1556772757054652e-05,2.7333647551704966e-08,0.9999884158935954
0.9999997121613213,6.715473862199648e-33,2.8783867874547024e-07
4.797308264222752e-10,0.8569434616913288,0.1430565378289404
1.4870813851717743e-19,0.9999996658031041,3.341968958810493e-07
9.394388461859848e-12,0.9768120444427913,0.023187955547814238
1.1721099596866761e-17,0.9999020013664958,9.799863350411197e-05
8.269578701676181e-27,0.999999999957625,4.2375012150555766e-11
0.9999999999999967,1.460289680453031e-51,3.230600825531743e-15
0.00014123819066060443,5.478080494695478e-10,0.9998587612615313
1.2045432195752448e-15,0.9975247090552424,0.0024752909447565024
4.590609710707532e-16,0.9999746102544514,2.5389745548068215e-05
0.9961652658935857,3.351325598962307e-22,0.0038347341064143177
3.1469035198769063e-07,0.012454010528296042,0.987545674781352
0.9999999763351385,1.0491715595817607e-33,2.3664861614474393e-08
1.091719734641415e-05,1.4989163258022027e-08,0.9999890678134902
4.373454157581149e-25,0.9999999998391889,1.6081105424202722e-10
6.28484489410625e-10,0.010489885687813295,0.9895101136837022
1.7251701975713023e-06,3.6462729051529664e-07,0.9999979102025119
0.9999999999911355,9.908951927809876e-43,8.864370149773099e-12
0.9999999999909357,8.532466239985992e-43,9.064291348425272e-12
1.1705248561585535e-05,8.141242135837407e-09,0.9999882866101963
0.0010339266224963898,1.7454422035267403e-07,0.9989658988332832
0.0003549267103179666,8.372946761613236e-11,0.9996450732059525
0.9999999880437697,1.2954802227874985e-34,1.1956230229799005e-08
2.186476222769872e-07,1.9333159123639594e-06,0.9999978480364653
0.0007327968973943372,2.93174954421201e-10,0.9992672028094306
3.878111796918415e-08,1.9672893061334757e-05,0.9999802883258208
3.412304098046816e-17,0.9999919831622436,8.01683775643545e-06
6.981758144833466e-35,0.9999999999999993,6.7141167773108e-16
6.0724193347941876e-21,0.9999976712908308,2.3287091691226935e-06
2.060799244767269e-08,0.21099688972313727,0.7890030896688703
2.1329323038556864e-09,0.8300021537541249,0.1699978441129428
0.9999999999739955,2.6838000839682104e-41,2.6004564999629516e-11
0.9999999999464737,5.383478334020843e-42,5.352625985031131e-11
5.587934254694461e-11,0.9515587401864944,0.048441259757626226
4.59859873699685e-06,5.99202657987435e-08,0.9999953414809971
3.522019717566214e-34,0.9999999999999989,1.1684879550559856e-15
3.979152631480579e-24,0.9999999993580653,6.419347058533773e-10
0.9999999999983606,4.542831398638248e-45,1.6392566775903055e-12
2.5642259576289834e-05,2.4870292425731512e-08,0.9999743328701313
0.999999951665994,4.39045323899869e-34,4.833400603354717e-08
3.089503069668471e-17,0.9999932435414608,6.75645853911666e-06
3.347531404966203e-22,0.9999998407968247,1.5920317538368414e-07
0.9999999615605758,1.3045719965866154e-33,3.8439424244981675e-08
4.564141407751805e-19,0.9999987754637085,1.2245362915287604e-06
2.8610109838951947e-23,0.9999999974843061,2.5156939653633062e-09
5.1369149617349255e-14,0.9992731004714572,0.0007268995284912109
0.9995551494683812,3.196508409344589e-24,0.0004448505316187654
0.9999364704749286,9.323378332477938e-26,6.352952507149283e-05
0.999999999999978,8.696412697398284e-50,2.202743112022869e-14
0.9999999999912852,2.9333940946996378e-43,8.71478047156588e-12
2.5333036336738085e-22,0.9999999899642386,1.0035761405017293e-08
0.9999908805597922,2.2741999518004913e-29,9.119440207647683e-06
0.9999999999990978,5.759225418854586e-46,9.02264034150697e-13
5.847446593010532e-08,0.0001031365254763391,0.9998968050000578
2.6283614937442748e-36,1.0,5.143288432823236e-17
9.456102790023408e-16,0.998723258717159,0.001276741282840258
4.3248294764824585e-35,0.9999999999999998,2.7431050441840695e-16
1.3076768978073172e-16,0.9999755877055526,2.441229444723869e-05
0.9999999999647013,1.5723496289993813e-42,3.5298599463184446e-11
0.9996174704309295,3.6644897665059344e-24,0.0003825295690705686
0.9999997811542362,4.5801715392842414e-32,2.1884576378321046e-07
1.0558797246893515e-21,0.9999999784162383,2.1583761627818782e-08
0.999996646996164,2.544388672769615e-29,3.3530038360495127e-06
6.881144375786454e-32,0.9999999999999831,1.679482875428335e-14
6.6686701718542525e-34,0.9999999999999984,1.446888354338321e-15
2.4281477248472513e-08,0.0004934008877612514,0.9995065748307614
1.722353457085559e-22,0.9999999949155076,5.084492356162131e-09
1.8197688630877866e-07,8.784162762069468e-06,0.9999910338603517
8.182313342213842e-31,0.9999999999998221,1.7776107776376038e-13
1.6942453599178518e-23,0.9999999982657368,1.734263162898006e-09
0.00022998039311829558,1.3700611880815023e-10,0.9997700194698755
2.5334609971574405e-19,0.9999990507447623,9.492552377022815e-07
0.9999999999938378,4.423993605467066e-43,6.1621083274428745e-12
0.9999998670578997,2.6439045168494296e-32,1.3294210036973146e-07
0.9999186253032617,9.616879337907501e-27,8.137469673844329e-05
0.9998744391771177,1.0785886382462993e-25,0.00012556082288219764
4.092551532289644e-07,7.732193923940352e-07,0.9999988175254544
2.973555886089592e-26,0.9999999999499276,5.007242650797429e-11
0.00035016725565530527,3.4949047483563426e-06,0.9996463378395963
1.3410627786844413e-05,7.694997461863732e-09,0.9999865816772155
0.9999999898182531,1.960049350304978e-35,1.0181746838429109e-08
0.9999952205586266,1.1383044556765703e-28,4.7794413734944804e-06
0.024853146862766427,2.4867258521609208e-12,0.9751468531347467
5.039970380723815e-05,5.386345957299399e-06,0.9999442139502356
2.514480166218702e-05,1.0395511495402458e-08,0.9999748448028263
9.380855308445176e-21,0.9999999438364355,5.616356444333516e-08
1.545360417642493e-09,0.8338483166249234,0.1661516818297161
0.999999999525716,2.9417163982056787e-39,4.742839542608434e-10
7.222884081612946e-13,0.9973235533758774,0.0026764466234001226
1.2605399638799825e-17,0.9999952915777222,4.7084222778708e-06
1.487949882344093e-31,0.999999999999958,4.187802572242874e-14
5.168522767210574e-19,0.9999995112990406,4.887009594154209e-07
0.9995208704396787,7.820198504326276e-25,0.00047912956032137525
0.0029468657587495054,2.1426781022055343e-07,0.9970529199734404
6.68037160510703e-06,8.398754487359583e-09,0.9999933112296404
3.7823098325414994e-19,0.9999991813467511,8.186532489244871e-07
0.9999860036298105,9.15099791240897e-28,1.3996370189401024e-05
0.9999999949384855,4.5224671863534345e-36,5.061514533155384e-09
1.1531502385065462e-14,0.9996514880718594,0.0003485119281289987
0.9999999999849334,3.9121467274579395e-42,1.5066694951935573e-11
0.9994796884709528,3.8911144872847275e-24,0.0005203115290472393
2.8838386178607926e-06,7.137484702915837e-08,0.9999970447865351
0.9999999994184714,7.902412173205468e-38,5.815285778526091e-10
2.494733243372552e-07,5.037655952870983e-06,0.9999947128707227
8.501667155841893e-08,1.178648455320965e-05,0.9999881284987754
0.9996365465646065,4.077025123183801e-25,0.00036345343539349666
8.226601664494525e-15,0.9917552911068038,0.008244708893187949
2.7984102572369715e-05,8.953452198049916e-09,0.9999720069439755
2.7044208669320615e-06,8.74825596241231e-08,0.9999972080965734
6.074556573526297e-06,7.608109226209424e-07,0.9999931646325039
0.9999999999999112,8.666170979925755e-49,8.881266600022442e-14
2.535228016944952e-22,0.9999999899473259,1.0052674045317639e-08
0.9998001924475591,4.906142784584763e-25,0.00019980755244098774
0.9999999999773344,6.276032313237e-42,2.2665563100312657e-11
0.999999999999994,5.460125822458615e-51,6.040182471710497e-15
1.7868200367819972e-10,0.09478865395282886,0.9052113458684892
4.359361832771239e-09,0.0006173990424488155,0.9993825965981893
0.9999999999999332,7.840314321127195e-49,6.694284741796547e-14
2.1435654853004678e-05,0.00011237242810047665,0.9998661919170466
4.001492810186642e-07,5.9243778053301966e-06,0.9999936754729136
1.9827497179994203e-09,0.002074280954439618,0.9979257170628106
3.0687581012778135e-27,0.9999999995345543,4.6544571880995515e-10
3.4372041022518465e-08,8.385659751269782e-06,0.9999915799682078
4.3748614182298575e-31,0.9999999999999589,4.118432199025893e-14
0.999999999747754,6.276622329976043e-39,2.5224607627876143e-10
5.9722127490534025e-21,0.9999999603104754,3.968952458362349e-08
0.9999999576029455,1.6961644071838133e-34,4.239705448898096e-08
0.999999999999994,5.711204628023029e-51,6.090614580360002e-15
5.438151236377783e-22,0.9999999840657512,1.5934248811652605e-08
0.9999912255725312,4.2116893654207985e-28,8.774427468868092e-06
0.9999999572274458,2.4479943459191197e-34,4.277255401728666e-08
3.7884106226270995e-15,0.9997372218624869,0.0002627781375092412
0.9999014995607881,6.671587374083822e-27,9.850043921192977e-05
2.652441196159907e-32,0.9999999999999802,1.9694431198498457e-14
0.9999792686816138,1.9076496067215537e-28,2.0731318386184972e-05
2.7580245229246447e-16,0.9999837341940554,1.6265805944495272e-05
0.9999999995945237,8.19309657452097e-39,4.0547630508725976e-10
1.5493006876915338e-12,0.8786003481923389,0.12139965180611176
3.0288352154112673e-25,0.9999999998666469,1.3335315687357321e-10
3.035485495962037e-10,0.9033193805477641,0.09668061914868753
4.466234504727416e-24,0.9999999994629547,5.370453769371403e-10
1.0189567301432113e-18,0.9999992685483013,7.314516987393141e-07
4.2794276521808004e-29,0.9999999999986744,1.3257055065265724e-12
3.300026891814442e-05,5.499403527326537e-09,0.9999669942316783
0.9999999995152753,2.7391926011286117e-38,4.847247797102642e-10
0.0001951078290097,1.299084374830571e-06,0.9998035930866155
0.9999993242814148,5.094145541112197e-31,6.757185851943264e-07
0.9999294533579852,5.588640004819755e-26,7.054664201474701e-05
5.851737341366393e-05,7.590971615172346e-09,0.9999414750356147
3.856706168536296e-06,0.00026727734481114276,0.9997288659490203
0.9999999554522465,6.0763822538902405e-34,4.4547753578901776e-08
1.7138468496949537e-07,0.035824328977265174,0.9641754996380498
1.9432484090920527e-23,0.9999999976463285,2.3536713746124082e-09
2.4894193348187245e-09,0.7269849928331792,0.2730150046774015
0.9996811567152319,9.032154175840721e-25,0.00031884328476816215
7.66125537137765e-27,0.9999999999826161,1.7383957078666972e-11
0.999999750023918,1.1495759354929788e-31,2.49976081864121e-07
0.9993576308159157,6.385574395128824e-24,0.0006423691840842848
0.9999947991681897,7.906206542074627e-29,5.200831810373154e-06
2.95944799086666e-07,6.3601117499497506e-06,0.9999933439434509
0.9999999921390844,1.1423792443676739e-32,7.860915729797113e-09
0.9999999999795159,9.028055464489389e-42,2.048399944211936e-11
0.999970593889911,2.725305670737228e-27,2.940611008898634e-05
9.241986838364752e-23,0.9999999961994612,3.800538678176303e-09
6.095613080442339e-18,0.9999972656774815,2.734322518504923e-06
0.9999973137111992,1.6482380758104022e-30,2.6862888006910697e-06
0.006304559543425773,9.13812796585043e-12,0.993695440447436
4.140779413339797e-31,0.9999999999999536,4.6473446720251464e-14
0.010716833227471927,4.189574014698555e-13,0.989283166772109
5.194907716049428e-15,0.9979166204470898,0.002083379552905105
8.582161955319214e-16,0.9999508480937681,4.91519062308807e-05
0.99999999952016,4.400294897557101e-38,4.798399896567125e-10
0.9999999999943752,9.403904612612685e-43,5.624912110501124e-12
0.9999999999999818,5.060385096899806e-50,1.8318277906487632e-14
6.522163765020757e-06,2.1162062135825718e-08,0.9999934566741729
1.2308976690503803e-07,2.1192842668808733e-06,0.9999977576259662
0.9987962903880683,2.4590848049266094e-23,0.00120370961193175
1.265787061383408e-05,3.543721512802303e-09,0.9999873385856647
0.9999999626601818,2.1085548207142248e-33,3.733981835102862e-08
1.4002142205941556e-10,0.05620046551918881,0.9437995343407898
0.9919918719097115,1.8778760564774117e-21,0.008008128090288546
0.9999468544092378,9.634407742897556e-27,5.314559076203693e-05
5.000501634710147e-09,0.7690109177598241,0.23098907723967432
0.9999999999914218,5.837281892442339e-43,8.578146146531467e-12
1.083979548194558e-06,3.7993450749666585e-07,0.9999985360859444
3.607932803710558e-12,0.9938471898866907,0.006152810109701523
7.67869744288887e-10,0.7931734414584694,0.20682655777366094
8.137020738413643e-10,0.8357602594851108,0.16423973970118716
0.9999999999999754,1.0049281611416857e-49,2.4562023200332628e-14
7.290427886004773e-20,0.999999713909871,2.860901290794515e-07
3.754035799455735e-05,0.00011007239073146938,0.9998523872512739
7.590843554734804e-25,0.9999999860838247,1.3916175368133596e-08
1.325274871983304e-21,0.9999999761101296,2.3889870359555433e-08
0.00010847462724934892,7.133569481163172e-06,0.9998843918032695
1.6717013296428422e-06,3.6588643983272545e-07,0.9999979624122306
9.297213384349265e-09,0.4064531924039619,0.5935467982988247
2.065357651926406e-18,0.9999984893186256,1.5106813745613603e-06
2.2410777414338804e-11,0.9718141491867396,0.028185850790849877
3.85915872180922e-05,1.332193102402702e-09,0.9999614070805888
0.9999915899884232,8.932687045531833e-28,8.410011576872637e-06
5.70995690502298e-09,0.0006501738121468198,0.9993498204778962
2.875100655989274e-29,0.999999999999237,7.629790086911589e-13
9.254012705245457e-07,0.008282153713528301,0.9917169208852012
2.498817271807484e-06,1.492483427823337e-07,0.9999973519343853
9.014160035776107e-25,0.9999999997437594,2.5624055668172165e-10
7.567973612415307e-21,0.9999998967006989,1.0329930102185465e-07
2.9092391721286646e-05,5.366020904170898e-09,0.9999709022422577
3.898858157088397e-21,0.9999999689268974,3.107310272925439e-08
2.7536986915467584e-17,0.9999888483692798,1.1151630720259986e-05
6.548330114449336e-11,0.977024276869823,0.022975723064693764
0.0011987791382441762,3.996543425523391e-11,0.9988012208217905
2.808747291885528e-19,0.9999990467835786,9.532164213482767e-07
0.9999999095301508,1.830126100501164e-33,9.046984918034723e-08
8.02675146253145e-05,4.124695570669019e-09,0.9999197283606792
9.368876816068272e-33,0.9999999999997915,2.084900656749e-13
0.9999999999963411,5.070680286164016e-43,3.658758538728445e-12
0.9999998139229218,7.098179424105223e-32,1.860770781726169e-07
2.772717615442332e-23,0.999999997502728,2.497271876899447e-09
2.244626627292001e-34,0.9999999999999987,1.2693968332510923e-15
0.9998266744817155,6.400051941629444e-25,0.00017332551828442666
3.7062911885224796e-15,0.9998888153682723,0.00011118463172382199
6.386607680832056e-15,0.9996955156211755,0.00030448437881810866
1.5204839439377704e-26,0.9999999999775402,2.2459744025319595e-11
3.437972048027204e-09,0.6603583220818899,0.3396416744801379
0.9999984568043883,7.866594830033715e-30,1.54319561171342e-06
0.9999715019620715,4.436548215834579e-27,2.8498037928422116e-05
0.9999999999963498,9.359708562555878e-45,3.650131289806669e-12
0.00033182709159512914,2.231728837443444e-10,0.999668172685232
5.28920826178305e-19,0.9999990629434933,9.370565067576699e-07
1.1722390938978755e-06,1.218856108615635e-06,0.9999976089047974
1.4058978037708436e-24,0.9999999997483253,2.516747684751234e-10
1.3579995397241386e-08,0.00026494115420836237,0.9997350452657964
2.6745945764577443e-09,0.0017412679724440544,0.9982587293529613
0.005783252904699676,7.33557347923703e-08,0.9942166737395656
1.390534692292454e-09,0.7190100883508903,0.2809899102585749
0.005156526191825089,3.508159692625377e-08,0.994843438726578
1.2419621021804132e-32,0.9999999999999918,8.113517483811267e-15
2.757742778995093e-28,0.9999999999975433,2.456606016997509e-12
0.9999698567993306,5.536067585595469e-27,3.0143200669443203e-05
2.0787660607773002e-07,0.012649309203196813,0.9873504829201972
7.229001367791496e-11,0.9375668669238064,0.06243313300390358
5.363665321114018e-12,0.9955038868311097,0.004496113163526745
0.9999146796225967,5.785722157833086e-26,8.532037740328046e-05
1.4548299659734898e-08,0.5490663820556514,0.45093360339604893
0.9999999999702707,1.0334349514174885e-41,2.9729263060358805e-11
4.070663550947416e-05,6.148855148413035e-09,0.9999592872156353
0.999996677578435,4.344769349643687e-30,3.322421565068357e-06
2.185564323284064e-05,3.0759026334405734e-09,0.9999781412808646
3.224143128027965e-08,4.787510317513464e-05,0.9999520926553936
3.1540056625358133e-31,0.9999999999999523,4.776378797914983e-14
0.999999999996479,1.544162488086367e-44,3.5208790522419637e-12
0.9999999989743009,3.67723188968011e-35,1.0256991324965098e-09
8.591374594476073e-11,0.9457579861705535,0.05424201374353276
0.9999999614317726,3.6933643387354747e-34,3.8568227302952273e-08
1.506618441941092e-16,0.9999710040296906,2.8995970309030273e-05
0.9845101541725509,1.0644597236181434e-20,0.015489845827449155
6.20503611837106e-05,1.7827295616224234e-09,0.9999379478560868
2.2246640355183573e-13,0.9545978178379378,0.04540218216183963
6.688179968434172e-05,2.526396276083542e-09,0.9999331156739194
5.430213479147817e-19,0.9999994578462968,5.421537031782537e-07
0.9999999999591382,3.2253349814380825e-41,4.086165641679875e-11
2.121238608656096e-18,0.9999987775973659,1.2224026340170709e-06
0.9999965004138309,3.2076246176794065e-29,3.499586169059273e-06
3.258477007830097e-35,0.9999999999999996,3.3950287373032997e-16
5.187161249813803e-37,1.0,2.297828542942477e-17
0.999999999989496,3.722554500730965e-42,1.0504091988620692e-11
4.2399157337376136e-19,0.99999911979616,8.802038399393132e-07
2.2524739782110735e-08,0.38264597157014296,0.6173540059051172
0.9999999969634104,1.0759525857185683e-35,3.0365896221268908e-09
9.504317766801913e-07,4.391348539543207e-07,0.9999986104333694
0.9999999999833431,8.577422905010827e-42,1.6656890893252913e-11
8.386410414797395e-06,6.192415555657746e-08,0.9999915516654296
0.9999151586749373,9.21095536234997e-27,8.484132506284491e-05
3.892777388774663e-09,0.7471468904212467,0.25285310568597574
7.386052879243797e-28,0.9999999997748656,2.251343919650307e-10
8.359910965425854e-15,0.9998537418428994,0.00014625815709206252
1.0231159494743984e-18,0.9999990694278513,9.305721487285381e-07
5.103070735322903e-09,0.00038736700443474793,0.9996126278924946
1.437599037746624e-22,0.99999999453391,5.466090009109395e-09
0.00013452261627417995,2.3568403427363766e-06,0.9998631205433831
1.2492723507551745e-32,0.9999999999999838,1.6201509086660027e-14
4.070699743159186e-07,3.6336049107740315e-06,0.9999959593251149
2.6664578823296355e-22,0.9999998018403362,1.9815966388943011e-07
0.9999999999999893,1.073402177859131e-50,1.0553696923912895e-14
0.9999999976702545,1.8479466377850308e-36,2.3297455204754622e-09
5.137578523207385e-18,0.9999970508152969,2.9491847029990125e-06
3.8285207396364826e-09,0.006129426907080611,0.9938705692643987
4.915079009581246e-10,0.8156929070113039,0.18430709249718819
8.459446567933105e-13,0.9971410817355705,0.002858918263583501
5.649572704353894e-13,0.947555427558264,0.05244457244117101
1.655082229761318e-07,1.988661960685728e-06,0.9999978458298164
1.5960016323119932e-05,2.2240824785845994e-08,0.9999840177428522
2.49145334357014e-25,0.9999999998873124,1.1268753039728299e-10
5.918550051974683e-16,0.999939498283738,6.050171626131428e-05
0.9999999999775955,1.6402023388370108e-41,2.2404468825102986e-11
8.107368054084102e-28,0.9999999999931355,6.864507097575576e-12
4.29160326800128e-12,0.9904743928534653,0.009525607142242975
1.7779037454473468e-09,0.7090137546371954,0.29098624358490077
5.935621116829169e-05,6.465512268099107e-10,0.9999406431422805
0.9999999696797579,3.37662009960739e-34,3.032024208283268e-08
3.8710903395755526e-10,0.8488031492160337,0.15119685039685735
0.9999999875260991,1.1012040778183836e-34,1.2473900820607883e-08
0.999999999997492,1.0677906567227104e-43,2.507961543022547e-12
1.895304421971756e-36,1.0,3.463125919043985e-17
2.4654030831667804e-10,0.9342886686352043,0.0657113311182554
0.9999772524019295,5.932632157721137e-28,2.274759807047748e-05
0.00025140358493156567,4.711531359849181e-10,0.9997485959439152
1.4367564858857937e-28,0.999999999998193,1.8070140133675877e-12
0.9999999999828604,7.910013738465312e-42,1.7139519259099827e-11
0.00046498134122341015,3.9643231218609965e-10,0.9995350182623444
3.51256195207601e-29,0.999999999998954,1.0459989806354846e-12
3.430795361554324e-18,0.9999986067079102,1.3932920897187926e-06
0.9997680116056646,1.3681407140402448e-24,0.000231988394335317
0.9999999846421563,2.9450707803656877e-34,1.5357843635093595e-08
2.0743243513957694e-19,0.9999996262699353,3.7373006476401834e-07
6.257405573096133e-20,0.9999995810652397,4.1893476030401496e-07
1.3723510068544002e-34,0.9999999999999989,1.154071543155525e-15
0.9999999999820217,6.519341645795512e-43,1.7978200732279357e-11
0.9999999999414011,1.2057148882754524e-41,5.859899979846488e-11
1.0400780650384444e-28,0.9999999999976223,2.377648175583925e-12
3.7434470259589246e-07,1.5157355885029043e-06,0.9999981099197089
4.738117536677888e-10,0.1856927646571823,0.814307234869006
7.774982151951182e-33,0.99999999999999,9.923327526580734e-15
0.9999999999997999,2.1121941977268394e-47,2.0007922355802103e-13
0.9999999999993436,2.639954343170673e-46,6.564240059848402e-13
0.9999999917371697,6.975621178840996e-36,8.262830357593045e-09
7.285887214545403e-06,3.1298837614582414e-09,0.9999927109829017
0.9927959976570693,2.626482576952073e-21,0.007204002342930761
1.1371480479299449e-08,6.528082833669391e-05,0.9999347078001828
0.9999999999347016,6.94671992852543e-41,6.529847112033045e-11
0.999997315560569,1.1472534663403604e-30,2.6844394308868674e-06
2.1976614285954268e-18,0.9999989807970164,1.0192029836200927e-06
9.332331770287923e-32,0.9999999999999714,2.868465888186964e-14
6.116089923993102e-24,0.9999999990184114,9.815885980875389e-10
1.324703196038383e-06,0.006427338702251807,0.9935713365945521
0.9999999999987961,1.616233427042644e-45,1.2038665203209572e-12
3.760753835646552e-30,0.9999999999997078,2.9220673005653944e-13
1.8956733028925665e-10,0.06842031289049452,0.9315796869199381
0.0022973120175858283,6.562361585668913e-11,0.9977026879167905
0.00025196552795109895,4.937195716179609e-10,0.9997480339783292
6.197212013869759e-16,0.9999113658962758,8.863410372357107e-05
2.732904440625854e-24,0.9999999995834361,4.165639389576856e-10
0.9999999999976052,1.0795566402415796e-43,2.3948242756403122e-12
1.2044477032245157e-29,0.9999999999996181,3.820162638230168e-13
1.2378529424836913e-17,0.999938277276388,6.172272361209971e-05
0.9999992125405949,5.957874709491738e-31,7.874594049890574e-07
0.9867633419956878,1.4749105955392025e-20,0.013236658004312164
0.9999999999998574,1.0775672780368092e-47,1.4260116778962643e-13
4.594715781130771e-24,0.9999999423622219,5.763777816180361e-08
0.9998510219080415,6.594305427737598e-25,0.00014897809195832756
0.0010889350831151943,1.6987088348033383e-11,0.9989110648998978
0.9999999999721993,1.035839423459764e-41,2.7800646823522204e-11
7.272849114530829e-10,0.8446477640635396,0.1553522352091754
5.9402792879510686e-18,0.9999977966407632,2.203359236725704e-06
6.532695499489174e-09,0.0005210697730280542,0.9994789236942765
0.9938720370799146,1.6284582627707937e-21,0.0061279629200854
0.9999996970302153,7.754456191068548e-32,3.0296978470317475e-07
0.9999992785200263,5.259713093646014e-31,7.214799737360738e-07
8.763337004625225e-13,0.996355457674561,0.0036445423245626894
2.627812213490047e-05,1.7170472613210107e-08,0.9999737047073926
0.0005063263617258569,7.0448411313948e-11,0.9994936735678256
0.9999984576294653,3.0711043207037556e-30,1.5423705346535032e-06
9.352927311608493e-27,0.9999999999668414,3.3158604066134544e-11
2.893158737573169e-25,0.9999999934109707,6.589029350355592e-09
0.00048358948766228364,3.33864849066265e-11,0.9995164104789512
0.9998759822587631,1.0640048852864752e-26,0.00012401774123699407
9.86290503250989e-06,9.864907013029653e-08,0.9999900384458973
1.3691773237091892e-07,1.781211370423008e-06,0.9999980818708973
1.892203238930093e-05,4.891969614187005e-09,0.9999810730756411
0.9930847370118716,2.254510198227684e-21,0.006915262988128343
3.696504077501807e-20,0.999999809294394,1.907056059229605e-07
0.9999925187757349,1.0229933058959318e-28,7.481224265017513e-06
0.9999699925449088,7.286720400299317e-27,3.0007455091219855e-05
0.9999998564436556,8.940458400138147e-33,1.435563443067771e-07
2.4681146369327277e-24,0.9999999993882629,6.117371001884697e-10
7.492927414369413e-31,0.999999999999891,1.0901524573576803e-13
0.0008413635323929106,7.171066882466269e-11,0.9991586363958965
8.159486466801349e-26,0.9999999980831136,1.916886319643634e-09
7.596779529088248e-05,5.838483319485904e-10,0.9999240316208607
0.9999999999999301,1.4910403259372844e-48,6.996597493611453e-14
5.647354387305798e-07,4.2003264399853315e-06,0.9999952349381213
8.607266404836614e-23,0.9999999941425033,5.857496627688753e-09
0.9999999999999225,1.9421685053190346e-48,7.746703214490322e-14
0.9999999999999818,6.926219875990992e-50,1.8305403841262812e-14
7.196908207041036e-07,0.0029269261967083777,0.9970723541124709
0.9999999999790434,3.913742134217542e-42,2.0956621614020297e-11
9.780127293551766e-13,0.9979281399616681,0.0020718600373537256
0.9999999999958311,2.677608043964551e-43,4.16884732043834e-12
8.30868323190174e-18,0.9998367248086827,0.0001632751913173109
2.780962916400315e-05,8.770249176174092e-10,0.9999721894938112
0.9999999999999438,7.592149128954517e-49,5.616927179350155e-14
0.9999997026010193,1.767845390837175e-32,2.9739898073452485e-07
0.021626738473327984,3.1223918014901594e-09,0.9783732584042802
0.984509795408111,4.1680528632240846e-21,0.015490204591889054
0.004125189913623286,2.8012899906303206e-08,0.9958747820734768
0.9999459653810174,1.151742970252297e-27,5.4034618982711256e-05
0.9999999999999858,3.526753827841121e-50,1.4259957411644255e-14
0.9999830197168498,7.372827254437494e-28,1.6980283150211635e-05
9.200132799510561e-09,0.00033357437284090333,0.9996664164270264
2.546819387703385e-24,0.9999999994714757,5.285242898730261e-10
0.9999992302187272,6.485684234380116e-32,7.697812728958806e-07
0.004557405056740855,1.4416045308848988e-11,0.995442594928843
4.547441181021025e-22,0.9999999873124884,1.2687511609022829e-08
4.939798611680923e-08,1.805991761453107e-05,0.9999818906843994
0.9999999749667916,8.889069206626812e-35,2.503320844682045e-08
1.767120598815914e-14,0.9996974352723768,0.00030256472760537836
5.411797663408284e-16,0.9999769550459224,2.304495407709676e-05
0.9999999999999865,2.5001628642788077e-50,1.361603127245293e-14
1.9420010121097708e-36,1.0,6.561609310378239e-17
0.00245587478683737,1.8163232945195873e-11,0.9975441251949994
0.999999991075995,2.8814963168762397e-35,8.924005050499824e-09
0.9999999784427887,7.2417696922358e-35,2.1557211380553844e-08
0.999995990333758,2.0900765321072837e-29,4.009666242028031e-06
4.819991889170856e-05,1.2202157459069857e-08,0.9999517878789509
0.999998453175538,3.0729746744738937e-30,1.546824461918523e-06
0.9999999999999929,7.814418532348421e-51,7.207009729921424e-15
1.0012075358584903e-06,1.4273796305900102e-07,0.9999988560545011
1.42888591760111e-07,0.07894647526374872,0.9210533818476596
3.0969397297517603e-15,0.9954532188206312,0.0045467811793658336
2.4580647639293725e-36,1.0,7.850558468092809e-17
0.006446289410227995,7.341061341234922e-12,0.993553710582431
3.038730974538246e-09,0.0017500517931809526,0.998249945168088
1.442218072288475e-08,0.00019514054448115976,0.9998048450333381
5.708823122265981e-11,0.9507754206077803,0.04922457933513139
0.0023817057350356604,3.0776200395118995e-11,0.9976182942341881
0.9999956448171408,2.853944374739791e-29,4.355182859259316e-06
0.9999953724732992,2.548600182442518e-29,4.62752670086555e-06
2.1341703085735604e-07,0.04401942127365272,0.9559803653093165
2.132611252198294e-11,0.9748324876953249,0.025167512283348948
7.635784617561269e-28,0.9999999999932765,6.723457123956023e-12
5.67827898533787e-37,1.0,2.9819184511792976e-17
9.973548391222965e-06,3.36554317377731e-08,0.999989992796177
0.9999994277465978,1.2574247796426847e-30,5.722534021609699e-07
1.5961547614403864e-07,0.04899153416634442,0.9510083062181796
3.6488737088506365e-09,0.8134669877139487,0.18653300863717773
8.74390824574375e-05,7.143276997745383e-06,0.9999054176405449
7.926017530021562e-11,0.9657340294867975,0.03426597043394229
0.0010001268937233606,1.5287936095856533e-11,0.9989998730909887
5.484895384203162e-08,0.22623231776932098,0.7737676273817252
1.350680446161936e-31,0.9999999999999658,3.4246832038128887e-14
0.9999932470244791,8.274403417306668e-29,6.752975520937689e-06
2.7865571875027716e-06,0.0009088275145887084,0.9990883859282237
1.2471274811277058e-07,9.180486351509664e-06,0.9999906948009004
3.301526769880205e-08,4.4484517658011945e-05,0.9999554824670743
6.06296002344422e-09,0.0008498133031156633,0.9991501806339242
0.011886325265857802,1.158984670432051e-12,0.9881136747329833
0.00011302941010108337,2.0317794880502644e-09,0.9998869685581194
2.990885272014859e-11,0.9831784052330018,0.01682159473708935
0.9999728469424941,7.182171159807993e-28,2.7153057505831405e-05
4.11603204269311e-06,0.0005794289483897524,0.9994164550195676
1.5530981313069488e-23,0.9999999987688417,1.2311581946025615e-09
5.038734964696744e-05,3.214614461418779e-09,0.9999496094357385
0.9998675610123705,3.4549164299049097e-25,0.0001324389876295607
0.9999999999999876,1.2197193139685748e-50,1.2371078569646868e-14
0.9999999999999931,1.983996093124415e-50,6.7930945502718644e-15
0.9999996453931895,9.388908650509935e-32,3.546068104855053e-07
9.107826633859874e-35,0.9999999999999991,7.927041915299449e-16
1.3793975288685854e-36,1.0,5.630109681069587e-17
3.2063069645586814e-11,0.9650961148830247,0.03490388508491217
4.211025194550529e-07,0.013578024742222259,0.9864215541552583
8.783603091560615e-30,0.9999999999993388,6.612525860182726e-13
3.124248436690588e-08,4.6167094816494425e-05,0.9999538016626991
0.9981437050114438,2.5478186626560596e-22,0.0018562949885561216
0.001053404168788007,5.005852438292242e-11,0.9989465957811534
0.9999999999999531,5.4669603860815656e-49,4.686853311794926e-14
0.9999710197638323,1.4709478801005164e-26,2.8980236167619048e-05
4.165323218384666e-05,3.619506048135829e-09,0.9999583431483101
1.8456208808162365e-11,0.9761018368115979,0.023898163169945946
0.9999999981933618,6.244270715303125e-37,1.8066380827131036e-09
0.028620428123969654,2.1343200266930282e-13,0.971379571875817
3.7737509321050326e-28,0.9999999999945886,5.411371206693979e-12
0.022665519871195687,3.200918933589715e-13,0.9773344801284843
0.9999999948588165,1.2554425869666818e-36,5.141183355957033e-09
6.763292533929449e-08,1.837233827943282e-05,0.9999815600287952
0.9997954638915267,5.750927186377076e-25,0.0002045361084731696
2.1913240758292755e-23,0.999999998461419,1.5385809394015366e-09
2.737825936389275e-17,0.999993011094958,6.9889050419444e-06
5.369570092791802e-12,0.9933253854344466,0.006674614560183686
0.9999999999999578,2.5425736612502754e-49,4.222005646132305e-14
7.101325941477872e-08,7.475908125834803e-05,0.9999251699054823
4.71811315395527e-07,0.017178226404840416,0.9828213017838441
3.731858324751076e-27,0.9999999999802105,1.978945062449679e-11
2.9641741210657174e-06,1.5112827505345738e-07,0.999996884697604
0.00015278317072654076,9.625596783829567e-10,0.9998472158667137
0.9868091082799981,5.573571452750645e-20,0.013190891720001876
0.9999999999785245,1.6391666425612527e-41,2.1475570357328326e-11
4.971560974915323e-07,5.350873499666724e-06,0.9999941519704029
1.3632660964198953e-15,0.9999493485106995,5.065148929909926e-05
0.9362165780653993,9.789167159946317e-19,0.06378342193460072
0.9999996597240216,1.2292259053791493e-32,3.402759785117187e-07
3.1416221722922477e-22,0.9999999947056741,5.2943258488794074e-09
0.9999991423830531,8.338403804759923e-32,8.576169469312637e-07
0.9998414022955492,1.4798791877069695e-24,0.0001585977044508455
8.210555165142171e-05,3.208407996289976e-09,0.9999178912399406
3.011857631894759e-24,0.9999999992701722,7.298277534803407e-10
1.1007902161207949e-15,0.9999344279535234,6.557204647543292e-05
1.7207605928617305e-32,0.9999999999999867,1.3340553939344025e-14
8.436604987005857e-05,6.157805612731401e-10,0.9999156333343493
3.37061692970939e-15,0.9974843811696521,0.002515618830344613
3.3985863016686263e-16,0.9999696619744127,3.0338025586953156e-05
1.3053829167123258e-07,0.07902633760044868,0.9209735318612596
1.0750278978663193e-05,1.836236215697194e-08,0.9999892313586592
1.9706284226300117e-08,0.0002593324378986764,0.9997406478558171
3.9080690772038825e-08,6.652934432522168e-05,0.999933431574984
5.959455463213168e-06,0.0002654797914545695,0.9997285607530823
0.9999999999999769,1.1755454583505801e-49,2.3173953050943775e-14
4.6371589467993946e-11,0.5119299748881393,0.48807002506548913
4.601685376494584e-06,2.3260242527594964e-08,0.9999953750543811
0.0006139983967167017,5.531646719017447e-11,0.9993860015479668
2.914153510382056e-13,0.9399406071859431,0.0600593928137655
1.7371847362031178e-07,1.1061075790908576e-05,0.9999887652057354
0.0008812295480974353,3.5689906850045473e-11,0.9991187704162128
0.9999999781148325,7.370948799913708e-35,2.1885167470358574e-08
0.9999461532014657,1.1226162043285031e-26,5.38467985342732e-05
0.00021303928278397694,8.27444160592292e-06,0.9997786862756102
1.324903538296065e-36,1.0,4.390690737453738e-17
6.118930897269244e-13,0.9983434686207854,0.0016565313786028064
0.9985291275562787,2.244396715468025e-22,0.0014708724437213286
0.9999999822207638,5.306786472374689e-35,1.7779236289097277e-08
0.9999999955175207,7.293648375906878e-36,4.482479192537369e-09
0.9999988299142484,1.1863659957860314e-29,1.1700857516699392e-06
1.0768231379400212e-07,5.314038575051658e-06,0.9999945782791112
4.2438095016820545e-18,0.9999972400457672,2.7599542327469423e-06
3.641601868446522e-09,0.0014359610557795849,0.9985640353026186
1.705952197359615e-21,0.9999993306150581,6.693849420123861e-07
2.3835833723997648e-07,0.030124912885452833,0.9698748487562098
9.229500103028536e-07,1.2277018621111647e-06,0.9999978493481275
7.612400896389997e-10,0.012194105090532568,0.9878058941482273
0.9999671796949289,4.9796779505863565e-27,3.282030507104146e-05
3.2437391272988486e-06,1.85934803801731e-07,0.9999965703260688
9.167370908377685e-25,0.9999999995753777,4.246223621852547e-10
2.4704469781660708e-17,0.9999952017100903,4.798289909790517e-06
4.2367251881313656e-16,0.9982388032384076,0.0017611967615918738
2.5662217402219364e-06,3.9117483689117755e-07,0.9999970426034229
9.253649728035778e-33,0.9999999999999927,7.31397274452207e-15
0.9999999999578417,5.646671911619927e-41,4.2158253667440933e-11
0.0010796985702254483,3.7558004847019146e-11,0.9989203013922165
5.080838153704885e-07,0.013240301356301184,0.9867591905598834
0.9838218202875519,2.2571025719054654e-20,0.01617817971244814
6.672958405452844e-08,6.509599348383234e-05,0.9999348372769321
0.00015322292425671265,5.664303708954291e-10,0.999846776509313
9.060882993688254e-29,0.9999999999966358,3.364229762230567e-12
0.999947027335982,5.612136656829398e-27,5.297266401806689e-05
0.9999744345904796,4.002183969978763e-28,2.5565409520273104e-05
1.0273209154623038e-17,0.999996184816671,3.815183329032743e-06
1.2452500358855425e-07,1.0906550802963954e-05,0.9999889689241934
0.00026269787612104463,3.7473214542711926e-10,0.9997373017491469
0.9999999999488693,3.0456509818500135e-42,5.113071604475337e-11
0.00037514792145241686,9.363998712311989e-11,0.9996248519849076
2.482600580853417e-21,0.9999984743133188,1.5256866810829352e-06
1.3179442186423116e-36,1.0,5.777998447879027e-17
0.9999999997726969,6.226556521822107e-39,2.2730302310970227e-10
7.988207791955287e-10,0.032439940281922965,0.9675600589192562
0.999999607091831,3.6616340634621084e-31,3.9290816916125783e-07
0.012945544817921527,2.6581207545532233e-13,0.9870544551818128
0.9999875048142332,1.9209315594244811e-28,1.2495185766904292e-05
1.696011633144569e-12,0.904869383426399,0.09513061657190515
0.9999999999982023,1.1546925215635007e-43,1.7977598576798353e-12
1.5122168962108066e-06,3.406673043015065e-07,0.9999981471157994
1.1952405726113107e-05,0.00013773234450725397,0.9998503152497666
8.220582441986387e-18,0.9998707094545678,0.00012929054543214127
0.003209557628234709,2.4637826277363683e-11,0.9967904423471274
3.2667394763124055e-27,0.9999999999831377,1.6862244308827278e-11
1.2206416662970946e-36,1.0,5.2308197293102835e-17
1.5906249545904023e-32,0.9999999999999918,8.256134850032863e-15
1.131750805320914e-05,1.4167360108673898e-08,0.9999886683245865
0.9999999952210079,8.204560041073452e-36,4.778992167716613e-09
4.753764276101104e-33,0.9999999999999962,3.728325017276841e-15
0.9999974951590521,3.2422361820614794e-30,2.5048409479410618e-06
0.9999999990533202,1.018266906543505e-37,9.466797558023523e-10
3.0879911106099305e-11,0.9779162664081587,0.022083733560961397
0.9999999999916993,7.761541894772322e-44,8.30067705507543e-12
3.8564377118165375e-05,3.5949195959681526e-09,0.9999614320279622
7.371533963570909e-23,0.9999999958079087,4.192091355574635e-09
0.9999999682894088,7.896011589420509e-35,3.1710591041058596e-08
5.78279638314777e-06,8.372459060956733e-08,0.9999941334790263
6.5277173758658245e-15,0.9998181773333352,0.0001818226666581875
0.9999999881099911,2.9359276588139667e-35,1.1890008794401812e-08
1.178642939110366e-06,0.005991959106956934,0.9940068622501039
2.82036155517435e-34,0.9999999999999993,7.528528701584113e-16
2.872842564431947e-07,4.800897915757277e-06,0.9999949118178277
3.1763207451130045e-07,1.8169794253683386e-06,0.9999978653885002
0.9999983165249234,1.3723440632363895e-29,1.683475076562255e-06
0.9999585845150336,6.1465216846793775e-27,4.141548496649425e-05
2.0295721911127022e-16,0.9997481523809596,0.00025184761904010176
2.0576897236397072e-07,1.5282133107359936e-05,0.9999845120979203
0.9987718995149298,2.182937677728215e-18,0.0012281004850702372
2.070827973642512e-06,0.0002958368891152057,0.9997020922829112
7.278148735988042e-05,4.876969070295177e-06,0.9999223415435697
3.5290048773307105e-05,8.126416225903478e-09,0.9999647018248105
7.075127835468919e-33,0.999999999999988,1.209156541240743e-14
0.9999867403411176,7.791854348917294e-28,1.3259658882540712e-05
7.72739701387187e-07,3.374249206046598e-07,0.9999988898353781
5.627696554849977e-15,0.9998705829031844,0.00012941709681014865
6.338150898856982e-05,3.903589276454256e-09,0.9999366145874221
0.0006366812492296077,3.937727102845435e-11,0.9993633187113931
0.999999998942662,8.649622880594792e-38,1.057337917397159e-09
2.3317718664205693e-06,2.376667168281359e-07,0.9999974305614168
6.391580179480558e-25,0.999999999516364,4.836359575741032e-10
0.9999999751656197,3.301752628589715e-34,2.4834380291647567e-08
1.1248652045672319e-10,0.9530920880880669,0.04690791179944673
2.219779182972916e-14,0.9847363451809765,0.015263654819001193
1.1810778484712564e-21,0.9999999634538268,3.6546173115813684e-08
0.9999999999999967,1.1847632400082152e-51,3.259177204779853e-15
1.5220032848960146e-16,0.9991796977326993,0.0008203022673005397
0.9998025152511065,8.062201168276816e-26,0.00019748474889352407
2.576663729411183e-05,4.851796837896149e-05,0.999925715394327
1.8419818572635654e-05,1.706560112450807e-08,0.9999815631158262
0.09839322214216463,6.35048406545944e-14,0.9016067778577718
0.9999999999999947,5.1989959286873247e-51,5.2783331670680945e-15
0.9998441139870555,1.9012922283192838e-25,0.00015588601294439473
1.5063181321911268e-07,0.06313184725483047,0.9368680021133564
0.999922664396236,7.067406673891063e-26,7.733560376403679e-05
0.0005166498109763037,1.554597630108834e-11,0.9994833501734777
0.9999997675727793,1.571932759826265e-32,2.3242722066219455e-07
0.9999999999999856,8.876056023613485e-50,1.4541094840057472e-14
0.9999999999839544,7.206209729609894e-42,1.6045613357278315e-11
2.5494290502623748e-11,0.979505368687303,0.02049463128720274
0.9999999999999549,7.669430036426548e-49,4.499772775663804e-14
0.9999999050354628,6.377269839632565e-33,9.496453717617666e-08
2.5460399175186774e-16,0.9999817066691066,1.8293330893223916e-05
3.869893987455876e-24,0.9999999995139648,4.860352852977283e-10
1.4539760598761273e-16,0.9999872307604369,1.2769239562927592e-05
6.397086313465809e-22,0.9999997380335555,2.619664446261864e-07
1.0138949712428736e-23,0.9999999989409196,1.0590803178769953e-09
9.309536253835484e-21,0.9999998800632455,1.1993675464886716e-07
5.124903425928802e-22,0.9999997291356143,2.708643858103971e-07
8.269383423574011e-19,0.9999983852530757,1.614746924134086e-06
0.006984690257053029,1.1186872877134448e-11,0.9930153097317602
5.875909877536344e-14,0.9993398290467719,0.0006601709531694205
1.8718230274924203e-06,1.7965550045401804e-07,0.999997948521472
4.1164355723645214e-06,2.5142563675737873e-08,0.999995858421864
0.9999999999943203,7.75569668363355e-43,5.679744416581773e-12
0.9957134866533097,6.699309690179217e-22,0.0042865133466901935
9.601853429976328e-08,0.15035278530335439,0.8496471186781113
0.9999999999197391,1.5400232666932764e-41,8.026086155835627e-11
4.848388169529761e-07,1.8984536687465884e-06,0.9999976167075144
6.707728295196562e-14,0.9994773164363515,0.0005226835635814491
2.760169912671889e-06,9.589998792703026e-08,0.9999971439300993
0.9999999999996971,6.090848009910734e-47,3.0284421597235407e-13
2.061971478345614e-05,6.810913404690968e-09,0.9999793734743032
5.634846306679091e-28,0.999999999790772,2.0922797859637467e-10
1.3338073720057006e-07,3.789170720841871e-06,0.999996077448542
1.0113034676402573e-17,0.9999978725038291,2.1274961709501713e-06
0.999999999995492,2.6487513564738997e-44,4.50804996067017e-12
0.9999999999999907,9.200658114626421e-51,9.411882385911356e-15
0.9999993570675499,2.4176258591614e-31,6.429324500735473e-07
2.8757912252500462e-08,5.102012203292816e-05,0.9999489511200549
4.999763372977729e-25,0.9999999934721819,6.5278179810674005e-09
0.00126541016510373,1.3860317183961202e-11,0.998734589821036
8.99424478808119e-05,9.137453867012534e-10,0.9999100566383738
0.9999410747915736,1.6495421927029713e-26,5.892520842637334e-05
7.832836019805319e-23,0.9999999944027242,5.597275700827382e-09
0.9999999508720196,1.3869389431429651e-34,4.912798031234613e-08
0.0002751108485433108,9.961324741596498e-10,0.9997248881553242
0.9999999999939855,1.9989385683545565e-42,6.0144228958504034e-12
4.96321869661391e-08,6.825519182191937e-05,0.9999316951759911
0.0004645679410382418,5.6330336412842374e-11,0.9995354320026314
0.9999841917667319,3.5790682788290196e-28,1.580823326813392e-05
0.0005779331141016273,8.081665877752203e-11,0.9994220668050817
2.3750188642633635e-08,0.0001373018425842022,0.9998626744072271
0.9975780401706117,3.7161652748259475e-23,0.002421959829388219
0.9999688829758203,2.347397594354457e-27,3.1117024179592296e-05
9.385433254080625e-05,8.406442974270871e-10,0.999906144826815
0.9999999999999656,2.920930110245247e-49,3.4443472652109314e-14
3.695960661228988e-27,0.9999999999782492,2.1750716852800492e-11
0.00010713386574067532,3.1163429380473313e-09,0.9998928630179165
1.2021788667936306e-29,0.9999999999866906,1.3309324703611424e-11
1.8028824025826153e-08,0.46113818071215706,0.5388618012590188
5.354347853254738e-08,1.7683389332693465e-05,0.9999822630671888
0.0011175769782997625,1.5454014930685076e-11,0.9988824230062461
9.880492156719035e-09,0.00020500983794710315,0.9997949802815607
0.9999999526394638,3.092397097141055e-34,4.7360536215399136e-08
0.9999997260664439,6.177429520082191e-32,2.7393355604927207e-07
9.367436259525902e-25,0.9999999997816504,2.1834948421152227e-10
0.9807024283546095,3.136346057131071e-20,0.019297571645390487
0.00012063888358962023,1.5811639106136024e-10,0.9998793609582939
5.8204153872792e-25,0.999999999803306,1.9669398063882506e-10
1.7164769202839878e-11,0.987751824172137,0.012248175810698194
0.9999999999447455,1.307946088546995e-40,5.525453097230354e-11
1.4536648800611346e-06,0.0011747758969874805,0.9988237704381324
0.9998149184147035,3.7132946833097255e-25,0.00018508158529644111
0.999872075056401,2.4521809688429394e-25,0.0001279249435990406
3.457798279331007e-11,0.9729569033975134,0.02704309656790862
6.874170032612771e-06,1.639678715796298e-08,0.9999931094331802
0.9999999989833002,2.0784886853158198e-38,1.0166997862216748e-09
5.3085380458822584e-08,1.1482614822540433e-05,0.999988464299797
2.0703735651805288e-15,0.9999341695256755,6.58304743225199e-05
2.0843925924196934e-22,0.999999992352571,7.647428984406387e-09
0.9999991875767787,7.948400267881183e-31,8.124232212855545e-07
1.2270930859382013e-08,0.4577004680794883,0.5422995196495809
2.112276755199801e-30,0.9999999999998979,1.0207454661879532e-13
2.413515774961693e-07,5.480426573579025e-06,0.9999942782218489
3.176804922906607e-08,0.2893216590536555,0.7106783091782952
2.2160057269586508e-15,0.9999315705767219,6.842942327598238e-05
5.665975757145952e-07,1.5058782017103865e-06,0.9999979275242225
3.446142883205569e-14,0.9899430595689784,0.010056940430986924
6.668918652937727e-08,8.030117784916494e-06,0.9999919031930286
0.0004742343488550268,4.291073895577924e-11,0.9995257656082343
0.9999999997893443,2.1325791424782127e-39,2.1065567879558834e-10
0.9987468411416517,4.531947450089665e-23,0.001253158858348293
1.2116780067787811e-24,0.9999999994047868,5.952131182767162e-10
2.80372166628636e-06,3.795404555039083e-08,0.9999971583242881
0.9999999999236096,1.6838078081265264e-40,7.639043492142125e-11
7.260551575255872e-18,0.99999732873713,2.671262870066037e-06
7.38119838364373e-05,4.5524341394899865e-05,0.9998806636747686
0.9975996068992056,2.5640152100747133e-22,0.002400393100794377
1.7719890193700826e-24,0.9999999991117525,8.882475505668728e-10
7.480429896398181e-23,0.9999999965864661,3.41353395307741e-09
7.643384971700924e-27,0.9999999999763003,2.369964496469996e-11
0.0002745369689862905,3.7262603240234563e-10,0.9997254626583878
1.6325398814111282e-17,0.9998003513328299,0.00019964866717021233
0.9999999999444793,3.880402984002492e-40,5.5520640425287746e-11
0.9999999858814215,2.3380356014386966e-34,1.4118578535033652e-08
4.849452564764047e-06,9.041381911165532e-08,0.9999950601336162
0.9999999978226659,1.1496387758582645e-36,2.177334114376369e-09
0.9999999996008708,4.4843436819937337e-38,3.9912916627645564e-10
4.83943252182871e-09,0.00038693815656776415,0.9996130570039997
0.9953335902894137,1.1524130264870965e-21,0.004666409710586375
0.9999645214440058,1.2381126760926903e-26,3.5478555994286765e-05
1.6560301912558108e-23,0.9999999988544348,1.1455651912500408e-09
7.213614549493492e-09,0.6768555337607254,0.3231444590256601
1.1144127008634072e-32,0.9999999999999916,8.530344345294403e-15
0.001768411654181914,1.2672880202347482e-11,0.9982315883331452
0.9999146930112155,2.5485285721643763e-26,8.530698878456512e-05
5.200845587368889e-16,0.9999788783545547,2.1121645444894207e-05
4.581892972653796e-05,2.1468307014861122e-09,0.9999541789234426
6.120479978089588e-07,0.022245669280760504,0.9777537186712416
9.131225394940954e-07,4.613806042911487e-07,0.9999986254968561
7.084834291839951e-07,2.0529397575227977e-07,0.999999086222595
7.05499103536874e-25,0.9999999943705151,5.629484780307423e-09
3.607887333597699e-08,0.00018487857719666056,0.9998150853439299
5.2188039303832645e-14,0.9902716685156219,0.009728331484326015
9.89226360932426e-17,0.9999839524569021,1.604754309798904e-05
0.9999999999747724,3.006755600773629e-42,2.522749921221669e-11
0.00018516754228179008,5.033675704833416e-06,0.9998097987820134
0.0002539286359295489,1.2683952771497138e-06,0.9997448029687932
0.998994776611441,7.74256562232935e-23,0.0010052233885591768
0.9999229121668093,3.8421688317761665e-26,7.708783319086084e-05
2.6126061323999756e-13,0.9981768826827121,0.001823117317026483
2.986100937104164e-06,6.183835623464815e-08,0.9999969520607067
1.0097542741465408e-27,0.9999999999934892,6.510867351060506e-12
0.997468622799966,2.2472308093208253e-22,0.0025313772000339777
0.999999997655721,1.654690778124925e-36,2.3442789524705252e-09
0.9970083583423133,8.830313284363389e-22,0.0029916416576867793
0.022127637390686565,4.894420601211488e-13,0.9778723626088239
1.0469921813907132e-08,0.0009960121807098567,0.9990039773493683
0.9995955946241867,3.0033307774786816e-24,0.0004044053758133767
1.2699460307200733e-07,0.12070011664878408,0.8792997563566128
1.2974677215816656e-13,0.9987558486266676,0.0012441513732026426
1.0768576443597699e-16,0.9999872503646734,1.27496353266149e-05
0.9999946958525887,2.682034602609013e-29,5.30414741126945e-06
0.9999999973350207,1.38300816027011e-36,2.664979271439187e-09
1.2228489320516935e-08,0.0006376102744335307,0.9993623774970771
0.9999999790425789,7.927234470877177e-35,2.095742114708672e-08
6.355203137963805e-25,0.9999999995996687,4.0033126271811035e-10
0.9998674341873082,2.4494212426698127e-26,0.00013256581269189258
0.003915258153169755,3.2215026793161826e-08,0.9960847096318034
2.9499566397240752e-18,0.9999964262017708,3.573798229269498e-06
0.999999999997452,1.923184909633764e-43,2.548018378967231e-12
0.9966118515276019,1.0721948819307524e-21,0.0033881484723981494
0.9999994217804119,4.432111862154129e-31,5.782195880156993e-07
2.050006936485723e-08,0.38373255639424997,0.6162674231056806
1.0830846662241554e-19,0.9999995631253326,4.3687466752584404e-07
2.712432387602719e-07,1.4012843662803044e-05,0.9999857159130984
0.9999999724572995,5.043928941661848e-34,2.754270040766052e-08
0.0025162425112075864,3.113350527341938e-11,0.9974837574576589
2.082663117908033e-06,1.4726341327466079e-07,0.9999977700734689
0.0010812396720783779,3.021350264852389e-11,0.9989187602977082
0.9999999999946865,1.0875634014994948e-42,5.313568479729281e-12
3.00861333532338e-23,0.9999999985414625,1.458537433086491e-09
0.99999999999998,5.705362934706371e-50,1.9899120993540387e-14
1.1387490006620982e-13,0.9986281782589516,0.0013718217409345213
0.9999999999996712,2.150762930370813e-47,3.28864942143828e-13
0.9999999999999747,1.0929789453842457e-49,2.5235510055597063e-14
4.4956895707524683e-10,0.8766601972658014,0.12333980228462971
0.00040950443926566,1.2793932271066954e-10,0.999590495432795
1.1435519796527975e-05,1.6767963089661177e-08,0.9999885477122403
3.507105015025772e-12,0.9949753982841893,0.005024601712303565
5.606460337381738e-06,2.6141009684958886e-07,0.9999941321295659
0.9999999537166305,3.584589611270422e-33,4.628336942052752e-08
0.9999996096090739,2.8862352599611795e-32,3.903909262389956e-07
0.017055548923021396,1.1940412876371229e-08,0.9829444391365658
5.188496759190453e-05,4.05324939775846e-09,0.9999481109791587
9.706479662282924e-12,0.9895222185856611,0.01047778140463235
0.9999999999333236,1.577043828949824e-41,6.667637570368838e-11
0.9948973632665268,1.3387007924883394e-21,0.005102636733473095
5.988311887704372e-16,0.9999618516546077,3.814834539149428e-05
0.9997549548615134,2.8541559250090034e-25,0.0002450451384865589
0.9883218938905686,1.6366735449564324e-20,0.011678106109431496
5.195242797137003e-06,5.669750965096898e-08,0.9999947480596931
0.9999777008004858,9.332360406544418e-28,2.229919951414384e-05
4.788459035951397e-29,0.9999999999977458,2.254133633251523e-12
0.9999968294208499,5.640205251791858e-29,3.170579150192959e-06
4.845020235514119e-07,0.010210841172413518,0.9897886743255628
3.013868542442074e-07,1.224914492398146e-06,0.9999984736986532
1.4344010311171987e-29,0.9999999999994764,5.235546077532473e-13
1.6002241392938467e-10,0.9444388966849114,0.055561103155066204
9.006347405123454e-06,0.0008320237479734171,0.9991589699046215
3.195185109918787e-13,0.9974618677973957,0.002538132202284769
1.3298280241944272e-18,0.9999986282402006,1.371759799378154e-06
0.0001695612426461972,3.393845325243364e-10,0.9998304384179693
0.12532981085522754,1.2630042538793001e-14,0.8746701891447598
9.954776421941087e-17,0.9994950877253975,0.0005049122746025748
0.03667689584658168,2.362990208812487e-13,0.9633231041531819
4.0142374072434776e-20,0.9999998571436202,1.4285637981861482e-07
2.670587554998239e-07,4.53965442668967e-06,0.9999951932868179
3.519023267398276e-36,1.0,7.056078588453233e-17
1.8004458932683554e-29,0.9999999999996088,3.9129552364210543e-13
7.543070706352341e-27,0.999999999982033,1.7967070664646827e-11
5.51229158442446e-07,1.8076729496742828e-06,0.9999976410978919
0.9990024312932966,1.2792611699335614e-23,0.0009975687067033446
3.9357467399822904e-08,2.0081527594709254e-05,0.9999798791149379
0.00017232600843138736,1.6231560297597295e-10,0.999827673829253
2.479452414179456e-08,0.0006636615742411431,0.9993363136312348
0.9999380581563612,6.690686100078875e-26,6.194184363878796e-05
1.252788331275284e-18,0.9999982208684964,1.7791315036370146e-06
0.0009492862076648417,2.1083855807902275e-11,0.9990507137712514
2.0204847610408674e-20,0.9999999185112953,8.148870472559798e-08
1.5657580725744772e-17,0.9999950884137143,4.911586285603525e-06
0.9999995329733905,1.5339475747729052e-31,4.6702660955741004e-07
8.246510109870275e-22,0.9999993865457117,6.134542882565633e-07
0.9999999999742637,1.699376171097044e-41,2.57363346418762e-11
6.780634048528268e-09,0.49377328577529045,0.5062267074440755
0.9999999995837316,9.000694309115103e-40,4.162684420630591e-10
2.7262798243210256e-10,0.0171533087836513,0.9828466909437208
7.580170042723442e-36,1.0,8.405102293063463e-17
0.999999951259234,3.378902660418054e-33,4.874076586164096e-08
0.0009634033079837413,3.172219020352059e-11,0.999036596660294
4.0443956369213364e-07,1.1534286970741138e-05,0.9999880612734655
1.954061592913834e-34,0.9999999999999993,7.533447012447204e-16
2.0324277478987174e-26,0.9999999999799658,2.0034156731370718e-11
0.999905206559954,3.319354973616895e-26,9.479344004599535e-05
2.0192825720346127e-07,0.08494990157038439,0.9150498965013585
1.0158617651186813e-07,0.11301181930073254,0.886988079113091
9.061319060969392e-05,2.1668141731762267e-06,0.999907219995217
0.0016337494043256835,2.2215850115588077e-11,0.9983662505734585
8.956950087015362e-26,0.9999999999227067,7.729335496892618e-11
2.012859805233975e-09,0.7991595135534987,0.20084048443364144
8.61426649088735e-08,0.039192963848773237,0.960806950008562
3.000608923376305e-24,0.9999999994172961,5.827038676605701e-10
0.9999970738605681,3.455873252538487e-29,2.926139431862385e-06
3.878422620998774e-36,1.0,7.766056881915173e-17
0.9999999999992866,3.840723950759467e-46,7.134857492585335e-13
1.6377197839688095e-16,0.9999808737540135,1.912624598622306e-05
0.9995854351251736,1.8420673509800537e-25,0.0004145648748263606
0.0023557062959981582,3.039707303968772e-11,0.9976442936736046
2.112229682346651e-09,0.006185653135423187,0.9938143447523472
0.9772626079723598,8.692194273113534e-21,0.02273739202764016
0.999999652103474,1.5049734545022347e-32,3.47896526077581e-07
6.5203356893235824e-31,0.9999999999998883,1.1163935876417015e-13
1.6043089981347657e-28,0.9999999999983054,1.6946308065074647e-12
4.129876384887841e-16,0.9999603513631592,3.964863684039517e-05
2.256193960114504e-07,0.01400554558094755,0.9859942287996564
6.237674086065177e-08,0.06676975994071746,0.9332301776825416
0.0013814085142979141,5.941005785812409e-11,0.998618591426292
0.9972307483318301,2.9777384070587823e-22,0.0027692516681699342
9.829827879394338e-06,9.756933688649002e-09,0.9999901604151868
0.9999999999999456,6.525493834802253e-49,5.445030688952288e-14
5.8403759829462226e-08,0.22072075473442385,0.7792791868618164
2.8299700578747325e-13,0.9502592770174094,0.049740722982307715
2.380190109148406e-19,0.9999993618322842,6.381677158368308e-07
0.9992724010888854,8.63945429641535e-25,0.0007275989111146904
0.9999999999999889,2.3958440307480236e-50,1.1108434216957211e-14
3.0495521533526506e-22,0.999999992001304,7.998696125321711e-09
3.3350490226554267e-12,0.9926808964276742,0.007319103568990876
1.8148084253240977e-21,0.9999999450570697,5.4942930351040174e-08
1.2920528334568296e-06,3.136279819201288e-07,0.9999983943191846
6.386748236376223e-10,0.010073340270746899,0.9899266590905783
9.398317098323598e-32,0.9999999999999662,3.3799803379224057e-14
2.9085997542959274e-22,0.9999999916572829,8.342717043923945e-09
0.9999992404565119,2.0669189480667365e-31,7.595434879612141e-07
1.005877684989318e-24,0.9999999994467312,5.532686994820346e-10
8.06641049547795e-05,3.177444041229574e-09,0.9999193327176013
4.0696082080074294e-19,0.9999992804902395,7.195097605686453e-07
2.24196892547226e-08,0.30798473973998697,0.6920152378403238
2.0861265512479863e-08,7.648742270492564e-05,0.9999234917160297
0.9999998673509096,1.0578269005340117e-33,1.3264909038640576e-07
0.9999999999999858,5.340140064021809e-50,1.4124952070869458e-14
6.846068421336898e-26,0.9999999999055644,9.443548433424777e-11
0.9999999999999896,1.6694096814798164e-50,1.0483357642165852e-14
4.062392095117441e-26,0.9999999999550038,4.4996153305412584e-11
9.487323971034847e-20,0.9999997138204908,2.861795091402932e-07
3.199195227819624e-10,0.9249015267438224,0.07509847293625796
5.45857624568904e-08,3.3306801081596995e-05,0.9999666386131558
0.9683276965918776,1.9433867849879377e-19,0.03167230340812243
3.7427211941241884e-06,9.50909369121263e-08,0.999996162187869
0.9999866032365697,1.9976274358606015e-28,1.3396763430206645e-05
0.9999999882540641,4.7859843324475865e-35,1.1745935807321075e-08
1.243069274095712e-34,0.9999999999999993,7.075781646412302e-16
1.3688948423869119e-36,1.0,3.794330671604354e-17
0.00826384419935147,9.904551398052727e-09,0.9917361458960973
7.672396142142276e-14,0.9995538994431722,0.00044610055675110816
4.964411350154432e-06,1.8862258154804724e-08,0.9999950167263917
0.9905633105148106,2.6104805337576402e-21,0.009436689485189527
2.937728756475457e-35,0.9999999999999949,5.089477209101043e-15
5.16560522023235e-21,0.9999999550798337,4.492016616253758e-08
8.244232890465043e-07,8.326388277154558e-07,0.9999983429378833
1.1462910386642035e-08,6.538591154577175e-05,0.9999346026255439
0.9999987874318791,2.118866474680359e-31,1.2125681207593735e-06
1.4473910139896068e-08,0.47939288795290697,0.5206070975731829
9.532099414734041e-20,0.9999997860665157,2.1393348423827764e-07
8.165135145525541e-05,3.311772118401276e-09,0.9999183453367725
3.0909634626554885e-05,5.9494458634197745e-09,0.9999690844159276
2.9015751969304082e-08,3.408920220303812e-05,0.999965881782045
0.9999999985054364,1.1820967399698863e-36,1.4945636254089343e-09
1.4816787272930072e-08,0.00019592247996122936,0.9998040627032514
0.9999999384274101,5.78129292357457e-34,6.157258998056265e-08
0.9999999999962035,3.952591093648914e-43,3.7965101661047574e-12
7.996085603693676e-27,0.9999999999712776,2.8722305106909292e-11
0.9999999999682871,7.699434011600003e-40,3.1712815484201477e-11
7.938395693422194e-05,5.828123356064299e-10,0.9999206154602536
0.9999999999999549,2.3549917361905982e-49,4.501738594553149e-14
0.0002139958391519047,2.0491305692225898e-10,0.999786003955935
8.833057062947381e-06,3.893283914458913e-08,0.999991128010098
1.0756035064966992e-08,0.4126182006445614,0.5873817885994034
2.4334778665354025e-19,0.9999996012594881,3.987405119491683e-07
0.0012793670189669953,2.5159399955506873e-07,0.9987203813870336
8.926264231571814e-05,2.5514663830475556e-09,0.999910734806218
3.1843777772806214e-20,0.9999957345869593,4.265413040597123e-06
0.9998978992440613,3.467833817693736e-26,0.00010210075593873925
4.219605047369163e-18,0.999959096127185,4.090387281502077e-05
2.2385107516527654e-09,0.007741551320832642,0.9922584464406565
2.9849168491398116e-13,0.9528128671089067,0.04718713289079475
3.5069938640892844e-08,0.00010942287447611938,0.9998905420555853
0.0018683747580051206,1.1076524288316254e-11,0.9981316252309185
1.4044212886300164e-10,0.9093895929091934,0.09061040695036446
0.9995877975101389,1.6598707703190513e-23,0.0004122024898610892
3.937790456421194e-13,0.9976031578205903,0.002396842179015879
1.073269515052511e-09,0.757993939316758,0.2420060596099725
0.9800989225599944,6.548783759847428e-20,0.01990107744000551
7.755120243232056e-06,1.2738860000236336e-08,0.9999922321408968
5.136576368803566e-18,0.9999983578860596,1.6421139402407404e-06
0.9999999999871207,6.685181038554256e-42,1.2879151680632243e-11
9.508269162501027e-06,5.7422245003780915e-08,0.9999904343085925
3.48070091692343e-07,2.234058110843802e-06,0.9999974178717975
0.00048239599838926296,4.452993836029219e-06,0.9995131510077746
4.526218055846132e-12,0.9915150145973278,0.008484985398145873
0.9999999999999445,4.682288378636308e-49,5.542514706283297e-14
0.9999998150490952,5.589241345061691e-32,1.8495090474729794e-07
0.9998957362711597,2.4332194602604054e-26,0.00010426372884020893
2.262356735110067e-06,0.0014290691067578437,0.9985686685365072
0.9999994639539471,1.1311162502996721e-31,5.360460528121547e-07
2.904118316927951e-15,0.9953739677691623,0.004626032230834852
2.7976223378680494e-27,0.9999999999909581,9.041823810545404e-12
1.4096834760613399e-25,0.9999999998716711,1.2832881596141957e-10
1.2686061812761381e-06,0.007037534908522062,0.9929611964852966
0.9997154763466929,3.1211211929703472e-24,0.00028452365330720094
0.9999949785266627,2.502746561585623e-29,5.021473337237552e-06
0.9999999923132877,4.7266556586966225e-36,7.686712350963008e-09
1.3410342661509067e-06,3.562967630590165e-07,0.9999983026689708
0.0008304864015237943,1.3944596653815652e-11,0.9991695135845318
0.9999999805077905,5.070349349263785e-35,1.9492209538279092e-08
1.381295796305542e-19,0.9999996102925666,3.8970743340503603e-07
1.6967379444523752e-08,0.00010351439822049819,0.9998964686344001
5.696968708370618e-08,0.12798931193262925,0.8720106310976836
4.840027721004284e-13,0.9976571923662658,0.0023428076332501265
1.1222893891771905e-27,0.9999999999948108,5.189134856071134e-12
0.9999999996247206,8.088659244872917e-40,3.752793862189457e-10
3.44770989377909e-30,0.9999999999998384,1.6166703854651334e-13
2.0558523775981564e-07,1.115540475204527e-05,0.9999886390100102
1.858380848020642e-31,0.99999999999994,5.989340283096974e-14
2.128690943810222e-12,0.7726807307979969,0.22731926919987433
0.9980762848449996,1.4364284357747303e-22,0.001923715155000475
2.95013003775482e-34,0.9999999999999993,7.501039654191488e-16
1.59756708049858e-12,0.9948882256371347,0.005111774361267605
4.934833206833397e-32,0.9999999999999809,1.9007533538829395e-14
0.999999931411705,1.471563619143617e-33,6.858829510955448e-08
5.8649728006694534e-05,7.863321497652816e-10,0.9999413494856612
0.9999936458699648,1.0931373894993358e-29,6.3541300353729084e-06
0.004596468700716081,1.1869483203120897e-11,0.9954035312874144
0.00047420424395591167,3.610961701830601e-11,0.9995257957199344
0.9999999990921689,1.098665496033517e-38,9.078311132726216e-10
1.0643448626994871e-16,0.999979994514899,2.000548510089202e-05
0.9994455034064244,1.0425123353054956e-23,0.0005544965935756649
8.301764816165637e-19,0.9999989164137222,1.083586277865864e-06
3.66219267120349e-22,0.9999999899905992,1.0009400812116346e-08
0.9995226037485543,6.348600424347081e-24,0.00047739625144568463
3.763003666122627e-12,0.7226943672496231,0.27730563274661396
1.3553975779746916e-33,0.999999999999998,2.089956477152096e-15
0.9999996947926905,4.900619863500119e-32,3.0520730959492195e-07
0.9999999999999856,1.9732917502846206e-50,1.4341194474522902e-14
9.741488453177049e-29,0.9999999999392186,6.078145313311813e-11
0.9999997071850506,5.855082721062896e-32,2.928149492679953e-07
1.2325894054192213e-19,0.9999997808157354,2.1918426460442478e-07
5.1599712764512547e-14,0.9994327348174735,0.0005672651824747351
2.2987067232825278e-23,0.9999999983212444,1.678755529641141e-09
2.1860173676100885e-18,0.9999677499144812,3.225008551873979e-05
1.150032103378596e-05,0.00021054177187170264,0.9997779579070945
5.501081958978933e-37,1.0,2.467354241498055e-17
1.0427049871018274e-30,0.9999999999998948,1.0531254889489045e-13
1.1990249511842842e-05,4.733521603481903e-05,0.9999406745344532
0.005189107727253245,1.8496680300381517e-12,0.9948108922708971
0.9999999999984039,3.121987794489823e-45,1.5960092080403271e-12
9.314365618292714e-31,0.9999999999998428,1.5715003135177693e-13
2.640932832756378e-07,2.0559023776194684e-06,0.9999976800043391
0.999845684766684,8.086760247967011e-25,0.00015431523331606886
1.2093437558012299e-08,0.5645388628217379,0.4354611250848245
0.0005435627667584253,4.542844408797763e-11,0.9994564371878132
0.00010305832960426427,6.662618380105922e-10,0.9998969410041338
0.0003455877072397735,1.0960866139502617e-06,0.9996533162061464
0.9962213812080156,6.963750869178747e-22,0.0037786187919843215
0.999809148713863,7.271904848442314e-26,0.00019085128613696836
0.999999999951378,7.900444681684177e-41,4.8621941825457736e-11
4.1025569259111134e-26,0.9999999999497378,5.0262322015626216e-11
4.427745570129634e-07,2.552508575580938e-07,0.9999993019745855
1.823937629424077e-18,0.9999656705144689,3.432948553100013e-05
0.9999999997825877,5.3127850564863286e-39,2.1741226875626385e-10
9.464955072275035e-25,0.9999999994293145,5.706854724379673e-10
2.3030806460906646e-06,5.733797767539207e-07,0.9999971235395773
3.766755471073508e-09,0.758015828780396,0.24198416745284862
0.9999999999998135,1.4746364573894748e-47,1.865144421808943e-13
0.9999999378292116,4.1513000842679985e-34,6.21707883762752e-08
0.9999999999999631,2.484297724831053e-49,3.67595914051071e-14
7.311785566010425e-18,0.9999967958611465,3.2041388534655303e-06
8.066570445931041e-10,0.004857108665568237,0.9951428905277748
3.35745519613807e-06,0.001489370849842897,0.998507271694961
6.521574724794027e-10,0.027091284698544757,0.9729087146492977
2.5625936173434514e-10,0.9537060646556087,0.04629393508813199
1.4201694576236615e-27,0.9999999999893161,1.06839706275382e-11
1.802880217501973e-07,6.078981096408269e-06,0.9999937407308819
0.011490662862173751,5.1098820953387524e-08,0.9885092860390052
0.9999999999628171,7.647991285004205e-41,3.718289640524426e-11
2.2256280309456e-22,0.9999998427705267,1.5722947335349518e-07
0.00015138505467056295,5.73704611850531e-10,0.9998486143716248
0.9999999938839554,1.7215481757765564e-36,6.11604445038135e-09
2.4892542209499778e-30,0.9999999999996878,3.12171059437352e-13
3.206923456516907e-17,0.9998583925651477,0.00014160743485212116
0.005559568293618764,1.766228249626062e-12,0.9944404317046149
1.9742450554147637e-24,0.9999999994317847,5.682152408999188e-10
0.9950584010252598,1.618500573899534e-21,0.004941598974740208
4.350243756840582e-22,0.999999990409658,9.590341925713695e-09
7.1053410560873195e-15,0.9997745812978958,0.0002254187020970803
0.0014183228384885445,4.337599616298557e-11,0.9985816771181354
0.9999999999999865,1.4527083818713615e-50,1.3546519133387427e-14
4.477736624207441e-12,0.991758936164445,0.008241063831077287
0.00043100800264120543,1.4614630454020596e-07,0.9995688458510543
2.9687874344428877e-16,0.9999850663477486,1.4933652251063342e-05
2.5259957496465687e-13,0.9458972293252964,0.054102770674450795
0.9999933839088762,1.37978692446123e-29,6.616091123826001e-06
1.2445569100957034e-11,0.9876438957415478,0.01235610424600669
3.176275989348318e-09,0.0053900831121631455,0.9946099137115608
0.00044392964515757767,3.13123851786674e-10,0.9995560700417185
0.0012957274267916814,2.8877782415384697e-11,0.9987042725443305
1.0479773578395052e-06,3.063684199006024e-07,0.9999986456542221
1.4227038500166623e-07,1.8692983215600936e-05,0.9999811647463993
0.9999998894039206,8.868880848960082e-34,1.1059607945579061e-07
0.9999999999888987,2.631856378226458e-43,1.110133627069613e-11
0.00019330794369917868,1.865172201399086e-10,0.9998066918697835
0.9999999999996281,3.353386444918799e-47,3.7183262187596904e-13
5.710021806280532e-26,0.9999999986056207,1.394379215741092e-09
0.00034646717596225577,3.549338474792817e-07,0.9996531778901901
8.419882088967377e-22,0.999999987383935,1.2616064852453132e-08
0.0006991702852834386,1.1779587367520026e-06,0.9992996517559799
0.9999996953426418,8.660436770827955e-33,3.046573582591104e-07
1.0929188332774867e-23,0.9999999972471354,2.7528645150649414e-09
1.1454712230564835e-18,0.9999985865127292,1.4134872708363268e-06
0.999999999999974,3.594049180573046e-49,2.5895060160505235e-14
3.727574433962397e-07,0.04848238201520406,0.9515172452273526
0.9999999999999678,1.4792635902488732e-49,3.212682680505801e-14
4.523972087573663e-22,0.9999999885591616,1.1440838371763584e-08
5.624659877825941e-17,0.9999901676614493,9.832338550664218e-06
3.906309117080472e-19,0.9999990962897616,9.03710238336912e-07
0.9999997141588419,6.428815319968893e-32,2.858411579734028e-07
6.037433159324268e-05,8.214150685118784e-10,0.9999396248469917
0.9999848647519427,1.180989575951545e-28,1.513524805729056e-05
6.534446828406672e-31,0.9999999999999571,4.285456182922042e-14
4.438877727861383e-05,1.2405911198210639e-09,0.9999556099821302
0.9949248536090597,3.307503847931981e-21,0.005075146390940338
0.00037780929262501043,2.269385757890467e-09,0.9996221884379891
4.677347061724432e-21,0.9999999687852087,3.121479138639573e-08
0.9999999999976745,7.860955319132304e-45,2.3253643146138037e-12
5.0890669565059e-19,0.9999839053914585,1.6094608541363394e-05
0.9999999999967055,1.1179464349807828e-44,3.2943992286194145e-12
1.204887147481588e-34,0.9999999999999993,6.734925204486028e-16
1.2680895037413166e-07,2.3399518874918825e-05,0.9999764736721747
0.9999998721954283,1.2543331073208597e-32,1.2780457159241562e-07
0.9999999999999734,1.714928694592587e-49,2.665556700020765e-14
4.753761531551676e-17,0.9995178614658492,0.00048213853415084303
6.945114912399472e-29,0.9999999999989664,1.0336891534772746e-12
0.9992879676767452,9.546162171551978e-24,0.0007120323232548149
8.491070285933961e-25,0.9999999997899791,2.1002098866206023e-10
0.9999108296829653,6.277483645203444e-26,8.917031703464215e-05
0.9999999999999956,1.8366178082187205e-51,4.508989939282344e-15
4.2693201820668534e-06,5.7148627397892444e-08,0.9999956735311906
1.0897367977095954e-12,0.9966780383944027,0.003321961604507558
0.999999998502884,1.530719731839561e-37,1.4971159314822084e-09
0.9999999999744933,3.9292319088207453e-41,2.5506715892728244e-11
7.222526142221378e-17,0.9998392417079313,0.00016075829206872554
6.606069774439144e-07,1.7212373387062474e-07,0.9999991672692887
1.660395688359741e-24,0.9999999993310653,6.689347945496222e-10
0.9999999999720284,2.0056387482953593e-42,2.797167382728621e-11
0.01211855578570694,1.606580711071309e-12,0.9878814442126864
0.9999970269141326,3.685004153156693e-29,2.973085867286321e-06
1.0333103140738618e-05,0.0002899742295678927,0.9996996926672914
0.9999999937534265,1.0879091264764837e-35,6.246573457132534e-09
1.967587210551053e-27,0.9999999999918698,8.1302252976133e-12
0.012778050625691026,4.100457623965798e-12,0.9872219493702086
5.7836041701250845e-09,0.0015178412064586033,0.9984821530099373
2.0140494608667076e-05,0.0001470446947272201,0.9998328148106642
1.5430676619799763e-08,0.4324080089284259,0.5675919756408975
0.9999978848034007,1.8995106259318827e-29,2.1151965994239486e-06
0.9999435013739042,2.0862046474079143e-26,5.649862609569308e-05
5.273603036728621e-08,0.1333472049186939,0.8666527423452758
9.098537243341157e-27,0.9999999999676212,3.237882730581056e-11
0.00022045125417867055,2.053709086924337e-10,0.9997795485404505
4.427367738259777e-06,1.5394058443297533e-08,0.9999955572382033
8.404799053744302e-12,0.9914415278998359,0.008558472091759087
7.066877578709113e-16,0.9999691129567635,3.088704323580785e-05
3.877619681064065e-17,0.9996102964641572,0.0003897035358428261
0.9999999999975879,6.705957169704312e-44,2.4121239179152993e-12
8.759142025482025e-18,0.9999969248173096,3.075182690348861e-06
0.9999999999999858,1.5992038289011158e-50,1.4162427397259027e-14
1.5207608781268063e-05,1.3546769334907667e-08,0.9999847788444494
0.9999999999999789,2.947951948433063e-50,2.106623632597805e-14
4.0006893490923815e-06,8.930817309371469e-08,0.9999959100024778
1.8136433010444704e-07,0.04358103868764085,0.956418779948029
2.2664712377122492e-13,0.9562478753862351,0.043752124613538244
0.9999999998209919,4.1558399080892585e-39,1.790081312964951e-10
1.6015920916950227e-08,0.00040079451507664133,0.9995991894690024
0.004662429851703766,3.0638202428519602e-12,0.9953375701452325
2.836112743146717e-18,0.9999295270343361,7.047296566388565e-05
1.2065944132163993e-16,0.9996244749175598,0.0003755250824399627
2.2305816021116563e-08,0.0001803616209577498,0.9998196160732262
0.9999999999005329,4.384054901421088e-41,9.946712194415357e-11
0.9999672551359752,6.398044311701467e-27,3.274486402479491e-05
0.999997548610872,1.0643661662522827e-28,2.4513891280537344e-06
0.9999999537562675,2.8346071558935356e-34,4.624373255402193e-08
0.9999998999953112,2.5140102452248144e-33,1.0000468874436669e-07
0.9996232115624355,4.226441294603474e-25,0.0003767884375645873
1.3159349311912545e-06,2.1818551914410259e-07,0.9999984658795497
3.219250675055326e-07,3.936976042332525e-06,0.9999957410988901
0.9999999999999953,2.3503639520453503e-51,4.661947622553313e-15
2.671066245196962e-26,0.9999999999569491,4.305087868255322e-11
2.236346626918492e-35,0.9999999999999996,4.7495498321617e-16
0.001928487085422148,2.4703669910893473e-11,0.9980715128898742
5.818375954113933e-07,3.987959916572792e-07,0.999999019366413
2.514292392965196e-19,0.9999992828735207,7.171264792645554e-07
0.00033228315600491954,4.170807180043402e-11,0.999667716802287
4.115500708757513e-29,0.9999999999993006,6.993425012947331e-13
8.72780710626798e-33,0.999999999999994,6.055442639115514e-15
3.532956179471456e-08,0.00019775250481588212,0.9998022121656224
9.681365654067626e-05,7.093323273815791e-06,0.9998960930201855
0.9999999999999916,1.8852536944987627e-50,8.495340237493146e-15
0.9999999999999905,7.215247734844974e-51,9.63399629899348e-15
3.2768925434993017e-20,0.9999998615331179,1.3846688212588258e-07
5.6464324274470516e-09,0.0007773395209143402,0.9992226548326532
4.9920817169821494e-24,0.999999999264584,7.354158986214075e-10
0.9999999999878455,1.9864869599217936e-43,1.2154566688457233e-11
0.9999900093768509,8.39937283616517e-28,9.99062314905874e-06
0.9999999483524933,3.2358720969620097e-34,5.1647506616036344e-08
6.943645332187462e-23,0.9999997173497104,2.8265028960059014e-07
9.156138643530427e-21,0.9999999571789581,4.2821041929459834e-08
4.65362232450555e-09,0.7702744480578055,0.22972554728857217
0.9999999999305931,2.2179822893967625e-41,6.940696109718304e-11
3.006363725886493e-06,9.591256554865006e-07,0.9999960345106187
8.454451500645138e-14,0.9993026600230243,0.0006973399768912843
6.89915085315962e-17,0.9992724128473094,0.0007275871526904819
0.9957720846805505,5.1699466585309803e-23,0.004227915319449661
5.864121954122871e-20,0.9999998240479914,1.7595200870558614e-07
1.2797121749235884e-05,3.184936794123173e-08,0.9999871710288828
2.394501836660524e-09,0.0019202068272870989,0.9980797907782111
9.130617730190602e-19,0.9999993819155489,6.180844510985001e-07
0.9999999728316923,8.073755078154227e-34,2.7168307802187546e-08
2.0082578308353344e-31,0.9999999999999534,4.670690730206528e-14
8.954413306856149e-29,0.9999999999984037,1.5962045669112248e-12
0.0006300637970459935,5.605493578191876e-07,0.9993693756535962
3.247929641622846e-30,0.9999999999996143,3.855980535448827e-13
0.0008806638570744551,1.953685002787319e-11,0.9991193361233887
1.13049710863043e-06,0.00573818954240109,0.9942606799604903
5.198688122302809e-18,0.999997634900273,2.365099726991576e-06
0.999695685175975,1.0179878598974851e-24,0.00030431482402501486
0.004867174035902035,4.908386189580982e-12,0.9951328259591895
1.0644527373535086e-05,4.1837714737497494e-08,0.9999893136349117
0.9999999991657955,1.4551148259635966e-37,8.342045612156894e-10
1.8554339211422954e-13,0.9989018013950474,0.0010981986047668936
0.99988014357303,1.088327312146134e-25,0.00011985642697003286
1.3413380972825888e-14,0.9855054369018172,0.014494563098169348
0.999940948033225,1.0018494326090734e-25,5.905196677517032e-05
3.164975817314622e-19,0.9999992032936197,7.967063801823302e-07
1.1647862898801734e-05,1.93075473492765e-08,0.9999883328295538
0.9999999999504574,2.4645296420321283e-40,4.9542537873884195e-11
3.708034662734456e-11,0.9703264536309243,0.029673546331995357
4.87524034505579e-23,0.9999999955207695,4.47923056317528e-09
0.9999999995963134,1.0555666757105763e-38,4.036867386979527e-10
0.9999999999999762,1.5411947492568623e-49,2.3796784767634194e-14
3.2985373698449323e-14,0.9881568800614334,0.011843119938533646
2.3106541052779863e-08,6.023857909398517e-05,0.9999397383143649
5.813542307741287e-09,0.7678559650568325,0.23214402912962526
6.44615534976813e-30,0.9999999999995977,4.023721170166079e-13
0.9999952300597377,1.0157583008693054e-29,4.769940262349045e-06
1.222181746823286e-11,0.9873594550655118,0.012640544922266328
0.9998674481556433,3.9637527430897314e-26,0.00013255184435679042
3.542466156883898e-24,0.999999999383391,6.166090735240984e-10
7.129212523844118e-15,0.9933897479149191,0.006610252085073977
0.9999999768443907,3.357278696704591e-34,2.315560941496587e-08
2.129733206328029e-07,3.4367126775624873e-06,0.9999963503140017
0.9999685474468714,6.764133542726096e-28,3.145255312866648e-05
5.210212287100644e-09,0.6722461305967508,0.32775386419303687
1.813760017421706e-09,0.0007574347583720802,0.9992425634278679
0.9999999999973808,3.2853791823746067e-45,2.619183134578002e-12
0.999905097488906,2.556474769688923e-26,9.490251109395193e-05
4.103023198410285e-28,0.999999999995481,4.519083701165774e-12
0.0001244180454091713,1.0252083930227817e-09,0.9998755809293824
2.345109872383526e-06,3.2451505673637694e-07,0.9999973303750709
0.9999999999999809,6.560824008189247e-50,1.9044309019520455e-14
0.2812989551649496,1.2238558981090628e-10,0.7187010447126648
0.9998001159016661,1.5550430551701294e-25,0.0001998840983338198
0.9976628261923005,1.4165042855932046e-22,0.0023371738076994313
4.367606055572827e-12,0.8375197085283099,0.16248029146732237
0.00154564437148161,1.8664235993020227e-11,0.9984543556098542
0.9889173695518555,3.590749727106307e-21,0.011082630448144455
1.2182212683638297e-21,0.9999999846104566,1.5389543306590266e-08
6.842387233956983e-08,0.12163965125157238,0.8783602803245554
4.750287556597645e-08,0.33029823330459973,0.6697017191925247
3.687692532806887e-05,2.9019374525323855e-05,0.9999341037001466
0.9999999999959555,8.482812657216071e-43,4.044649593304845e-12
7.277901473254769e-05,2.238562352469751e-09,0.9999272187467052
1.697229980155212e-26,0.9999999991083901,8.916099489405461e-10
4.367877586192179e-18,0.9999950800604489,4.9199395512257175e-06
3.127580652942688e-08,0.00012894167269918234,0.9998710270514943
5.170892250432959e-35,0.9999999999999996,4.180184286150599e-16
8.926897679200226e-18,0.9999963835251003,3.6164748996653276e-06
0.9999999999999876,1.286009370184621e-50,1.2411437112979453e-14
0.9995591897786217,3.333420136304853e-24,0.0004408102213783451
0.0009603897536181026,1.910073710675329e-11,0.9990396102272812
2.4439279031691418e-08,0.2911632710757621,0.708836704484959
1.3950737554314967e-21,0.9999996389141066,3.610858934546312e-07
1.7883172667191823e-06,5.084776193356738e-07,0.9999977032051138
0.9999999999999898,1.2626223566257636e-50,1.0259098578086468e-14
4.123401780155676e-25,0.9999999998479807,1.5201919632176668e-10
4.73784480826301e-06,6.925845876887759e-08,0.999995192896733
9.886825329559757e-07,0.014356523178408489,0.9856424881390586
0.999999999996934,1.6752858268840704e-43,3.0660264278549028e-12
1.0924741978657319e-06,0.004646592369613335,0.9953523151561887
0.9999952384311558,1.5045945847249834e-28,4.761568844147458e-06
6.965734338251508e-27,0.9999999999871443,1.2855666344871505e-11
0.9999999999762859,1.0281627711962184e-42,2.371419265605829e-11
0.9999999999779972,1.5095506346114855e-41,2.2002807551398008e-11
1.3372353501752022e-14,0.9922533785027341,0.007746621497252397
2.717376365042308e-10,0.04562083559308138,0.9543791641351809
0.9999999998737215,7.513462573896225e-39,1.262784809965615e-10
4.157059653001499e-21,0.9999999616476146,3.8352385373784336e-08
0.09388001462107312,6.876344590703763e-14,0.9061199853788582
7.569464333545815e-18,0.9999972501369983,2.7498630016146178e-06
6.083053618547071e-08,0.11757034626110942,0.8824295929083543
0.9999999999946039,3.323098184626741e-43,5.396045284096875e-12
0.9999999251062243,3.3966337813243198e-34,7.489377574803318e-08
0.0005049294228669549,5.670284384288934e-11,0.9994950705204303
0.9986893685419376,8.016553404208863e-23,0.0013106314580623396
0.9999999999999847,2.675601628229107e-50,1.5431257628435234e-14
1.9905419302224774e-21,0.999999973847804,2.6152195842008785e-08
1.649263399506273e-07,0.025767347552085134,0.9742324875215749
5.100300480894421e-24,0.9999999989599229,1.0400770396060544e-09
1.626509240504567e-25,0.999999999932502,6.749807337170464e-11
0.9999383899825001,1.8242816254882076e-26,6.161001749999763e-05
6.14744265596924e-17,0.9996852356328376,0.00031476436716239157
0.00022295372910648533,1.570998340830267e-10,0.9997770461137936
0.9999999999999978,1.2021872619152704e-51,2.2856790465832153e-15
0.9999999999999849,5.349059468545672e-50,1.5032195699645046e-14
7.065053007586191e-19,0.9999822802808643,1.771971913574192e-05
1.635756056997773e-12,0.7871572914365107,0.21284270856185344
3.689162133696267e-08,0.22645677628416108,0.7735431868242175
0.9999999999936915,1.3316767929127494e-42,6.3085694081993334e-12
5.192353856703145e-07,3.1781652695589003e-06,0.9999963025993448
5.401723030765729e-17,0.9999883122585622,1.1687741437763748e-05
0.9999999711586597,9.04493873649015e-35,2.884134031734463e-08
0.9998535583287576,2.950236794781171e-25,0.00014644167124256807
0.9999211505531406,1.2673185463724991e-26,7.884944685941792e-05
6.681464179997194e-23,0.9999999953832668,4.616733262483947e-09
6.6648490510371825e-06,0.0002936461494267992,0.9996996890015222
1.1531741401553163e-09,0.0077204390819551015,0.9922795597648707
1.4092527825097935e-22,0.9999999927911722,7.208827595988769e-09
6.818816864415404e-27,0.9999999999824911,1.750889235727448e-11
0.9999999995544815,9.610144968784149e-40,4.4551851051307486e-10
0.9999937240197273,1.3932617003986397e-28,6.275980272681548e-06
4.625699018356995e-09,0.000689682554674716,0.9993103128196263
0.9999998075287126,3.200881054331532e-31,1.9247128727825444e-07
0.0001498872320604588,1.1777995529427898e-10,0.9998501126501596
1.2496218362094663e-06,4.1712650600086155e-07,0.9999983332516578
5.062523594113088e-06,0.0003905193390881047,0.9996044181373178
1.3005655728933342e-21,0.9999999790394858,2.0960514210351377e-08
4.003511701901314e-08,0.24978003214375608,0.7502199278211269
0.9999999999858358,1.7837459364431016e-41,1.4164152579579779e-11
6.807366686735334e-14,0.9995200361915457,0.0004799638083862248
0.9999999999772546,1.2005578503233174e-41,2.2745380399178213e-11
9.371139250969448e-13,0.996817570772874,0.0031824292261888477
1.5677890428273923e-06,2.644233639783635e-07,0.9999981677875932
9.318781505990426e-19,0.9999860101358744,1.3989864125597149e-05
0.9999999897368322,1.0089800387405671e-35,1.0263167821381732e-08
0.9999999999999276,4.134374288199013e-49,7.245772170492679e-14
1.7733233290614587e-06,1.0576714213428542e-06,0.9999971690052497
1.3069293270761358e-15,0.9999250156348962,7.498436510250759e-05
3.8175051227935924e-07,0.029472203867631365,0.9705274143818564
0.9999999999998352,1.3973866567946146e-47,1.6472625267843014e-13
0.9999999995657243,5.127893203314895e-38,4.3427574266214227e-10
2.6826927789109196e-15,0.9980329663192676,0.001967033680729817
0.9999999768669686,2.2742968040687194e-34,2.313303131742812e-08
0.9999999576722478,1.2294337451777471e-33,4.232775221324621e-08
0.9999998920987164,4.453208017495483e-33,1.079012835134138e-07
1.1463691868640848e-24,0.999999999564654,4.353460748190016e-10
0.9999992053773309,6.321542208346538e-31,7.946226690950387e-07
2.4548956621219966e-16,0.9999709082914108,2.909170858891776e-05
1.1441176250056073e-07,3.198911802944787e-05,0.999967896470208
0.9911876695283379,4.805769592264366e-21,0.008812330471662022
0.9979743042005975,2.246702788483309e-23,0.0020256957994023725
3.807953690915626e-18,0.9999983078292909,1.692170709217177e-06
0.9938814832677748,3.333071513904709e-21,0.00611851673222512
0.9999999836542317,9.155069024728505e-35,1.634576817228447e-08
1.0767426062349254e-18,0.9999989272555964,1.0727444036840703e-06
0.9999334178185028,8.80704214214316e-27,6.658218149726739e-05
0.9999999695162891,3.976720738560478e-34,3.0483710902277174e-08
0.00029677621470292054,1.3382619367446501e-10,0.9997032236514708
3.3484555948163944e-35,0.9999999999999993,7.037646056928638e-16
9.853536074137571e-05,1.6605485920568855e-09,0.9999014629787101
1.4430431554095628e-05,3.516387503931545e-09,0.9999855660520584
0.0010658115668830067,1.0971776378649878e-10,0.9989341883233993
8.447775784300942e-19,0.9999820574130847,1.7942586915347023e-05
5.059040013873739e-25,0.9999999998455162,1.5448378880308599e-10
4.902046820472876e-09,0.0008806550442699592,0.9991193400536833
0.9998283780275977,3.4326472396739418e-25,0.00017162197240217116
0.9999999996271305,2.442558857866939e-38,3.7286956950755314e-10
0.9949276846165329,2.0973481210744348e-21,0.005072315383466969
0.9999999999999929,3.484038822727065e-51,7.203511913247197e-15
0.999999999999996,2.5246530639130395e-51,3.952536340188883e-15
6.963170798150004e-05,2.2606935593001966e-09,0.999930366031325
0.9999999999999385,7.727059716724885e-49,6.147680332276986e-14
2.6374897274913033e-30,0.9999999999998359,1.641194583334292e-13
6.561246919152677e-14,0.9990297788074044,0.0009702211925299961
6.885910129871746e-06,1.1004931449815137e-08,0.9999931030849387
0.999999999950091,2.1441561358659394e-41,4.990901253749371e-11
0.9999262673792813,5.815996602924587e-26,7.373262071882967e-05
0.999999999916604,2.507912706045015e-41,8.33960308908261e-11
0.0027501899069754033,2.44128467381315e-12,0.9972498100905833
2.460055463193939e-08,3.116137114768878e-05,0.9999688140282976
1.2890826402987285e-08,0.4807838328599982,0.5192161542491754
2.3299886657059276e-08,5.258777476062583e-05,0.9999473889253526
0.0005014708829059064,9.587757613117118e-11,0.9994985290212164
0.9999796854280861,1.810581694402478e-27,2.0314571913791603e-05
1.2905910300095815e-07,1.2604346258554916e-05,0.9999872665946383
0.9999931539242598,1.375404261115678e-28,6.84607574012793e-06
0.9975361203067269,7.166593758520845e-24,0.0024638796932730674
0.9999999995693314,2.887781304940036e-38,4.306685192552364e-10
1.5151998533801684e-13,0.9987338284227418,0.0012661715771066747
2.4518617897165897e-17,0.9999940490049268,5.950995073276951e-06
0.00993495896250477,3.5075588067069458e-12,0.9900650410339877
0.999997879017791,3.829156030664709e-30,2.1209822089770444e-06
2.9568451112035e-18,0.9999980509716362,1.949028363734048e-06
0.00016767599119463927,4.137782231070659e-06,0.9998281862265743
5.145274427042946e-06,1.8176354202144046e-07,0.999994672962031
0.9999999999999871,5.3617814843168805e-50,1.2844793318858463e-14
9.012781384083666e-28,0.9999999999916187,8.381196369030424e-12
0.9985209149467846,1.4462560379861379e-22,0.0014790850532153687
5.1459243161390996e-05,3.1969368802304845e-09,0.9999485375599017
1.5831149845287105e-24,0.999999999621414,3.7858607064180024e-10
0.9999997171083871,5.201256224723881e-32,2.8289161300232975e-07
0.9999991615584178,2.4896782919608827e-31,8.384415822645378e-07
0.0006605989495729502,1.5971942793860774e-10,0.9993394008907076
6.939202127924772e-25,0.9999999997026132,2.9738681681662126e-10
1.1229670787471718e-35,0.9999999999999998,1.1714318988722364e-16
0.9994643132636125,5.541968751434206e-24,0.0005356867363875285
3.6221547722700746e-14,0.9996007587720598,0.00039924122790397563
1.2769244526263169e-20,0.9999999344347436,6.55652563818967e-08
2.0744800515032783e-15,0.9988974548376295,0.0011025451623684704
0.9999991727813904,1.2239065443715869e-31,8.27218609690529e-07
4.448595989532509e-06,9.749643628619737e-08,0.9999954539075742
0.9999999999969513,4.690551062181854e-45,3.0487748522289594e-12
0.9999999957516057,3.576531887572744e-36,4.2483942663025695e-09
0.9999999999871325,1.5749521051088636e-42,1.2867486426029445e-11
1.9360977995334537e-12,0.8026504572241877,0.1973495427738763
0.9999999999999811,4.60211991119545e-50,1.884866516953448e-14
2.757673381126414e-19,0.9999818993052842,1.81006947155868e-05
0.9999981752953313,3.5022632040039506e-30,1.824704668616254e-06
1.9047222503419049e-13,0.9983707153730434,0.0016292846267660416
0.9858436289614796,3.872960522288571e-21,0.01415637103852049
0.9968819641573046,1.8337210912234314e-22,0.0031180358426953036
2.029087739843269e-34,0.9999999999999996,5.252691200293892e-16
0.9999881719168617,5.528209480794818e-28,1.1828083138166213e-05
0.9999662534059695,1.2691003108583562e-26,3.374659403052094e-05
2.7390738994461434e-25,0.9999999998664002,1.3359983565845665e-10
0.9999999999925675,2.272223949902411e-43,7.432507868962433e-12
2.622333770520724e-27,0.9999999999940843,5.915640908916618e-12
0.005147599315675159,3.808701253719561e-12,0.9948524006805162
4.74261226225397e-06,0.0004394613140398081,0.9995557960736979
0.01553903113163569,2.1671467643053245e-13,0.9844609688681476
6.748952169843471e-20,0.999999827380539,1.726194609640969e-07
1.066617963192072e-20,0.9999966360724972,3.3639275027401777e-06
2.892816428954582e-17,0.9999942959845827,5.704015417312092e-06
1.3038885358545298e-17,0.9999953382451249,4.661754875083573e-06
5.0734796963880656e-18,0.9999173227907352,8.267720926475396e-05
1.7032315349608574e-09,0.0022391381025201064,0.9977608601942485
1.9938033955477835e-07,3.6752515697243535e-06,0.9999961253680907
6.8805892956109e-28,0.9999999999931863,6.813671074838127e-12
0.00405534617985511,4.131218177579075e-12,0.9959446538160136
0.0002609873331590571,1.7369213101679295e-10,0.9997390124931488
7.627288452767939e-23,0.9999998237729604,1.762270397404094e-07
5.174735353794576e-09,0.0014199424607001972,0.9985800523645645
0.9999999999999922,6.740771108703515e-51,7.696742738084038e-15
4.2257397029381535e-24,0.9999999991913278,8.086723467854789e-10
0.9999999065832935,1.1154615047954815e-32,9.341670643212995e-08
8.852115415417083e-17,0.9999872295712625,1.2770428737455231e-05
3.1908074251397215e-37,1.0,2.9892658492361214e-17
3.1595156595891443e-18,0.9999981687586544,1.8312413454326525e-06
0.9999988270646345,4.677874886400823e-30,1.1729353654673613e-06
7.99289087952085e-32,0.9999999999999796,2.0320521223656398e-14
0.9999470323024945,1.735834383030108e-27,5.2967697505516937e-05
2.1784832143100667e-35,0.9999999999999889,1.0998204863688231e-14
2.3685039865968003e-07,1.9250445681986196e-06,0.9999978381050332
1.4543034060590082e-33,0.9999999999999984,1.6509418439964853e-15
0.9999999999998714,5.877846148153914e-48,1.2866420869767879e-13
1.1723705572560115e-14,0.9947867480235831,0.005213251976405226
1.0271436642045653e-22,0.9999999960196895,3.980310562392924e-09
5.65046084068639e-16,0.9989494776457407,0.0010505223542586926
1.3041511308226995e-10,0.9686956455333021,0.03130435433628263
9.68533907297694e-19,0.9999824338033296,1.756619667034667e-05
0.9999974692994893,3.4873964194007074e-29,2.5307005105797954e-06
4.0355389473766165e-09,0.00041285216882351366,0.9995871437956375
0.9999999890158274,3.3827664072169036e-35,1.0984172534259328e-08
0.9999999997044648,1.3339843599820014e-39,2.9553504496250633e-10
5.502745102450956e-07,4.8251955395243574e-06,0.9999946245299504
0.9999999999999372,9.082934943409618e-49,6.289346585253247e-14
1.9008641574328273e-34,0.9999999999999991,8.807450996836807e-16
0.1640350633850325,2.8245460311215896e-10,0.8359649363325128
7.232597976028329e-15,0.9965615058064987,0.003438494193493889
1.0670865762251863e-05,7.096923135823591e-09,0.9999893220373146
7.433379472516444e-08,0.04298547244340787,0.9570144532227973
3.775468520898017e-09,0.6546377002548199,0.3453622959697115
0.04001563529195877,4.4470152791474753e-13,0.9599843647075966
1.2791403531256863e-05,0.0003199231022598301,0.9996672854942089
0.9974140367570412,1.5434630090784985e-21,0.0025859632429588437
6.433117903535977e-22,0.9999999876538096,1.2346190251276312e-08
8.49189503687331e-08,7.703170353461105e-06,0.9999922119106961
1.7394525808825295e-09,0.006169207057366095,0.9938307912031813
0.9999999676232444,6.974242178626194e-35,3.2376755635169093e-08
1.1673306777781846e-25,0.9999999999233824,7.66175839308764e-11
6.234330160221792e-13,0.997661980979704,0.0023380190196726244
0.9999999999884905,1.9593316793518358e-42,1.1509495847718903e-11
3.086977947143419e-09,0.0016172524427858087,0.9983827444702362
0.9999773119114997,9.057200489569206e-28,2.26880885002294e-05
5.498847718689247e-28,0.9999999999967415,3.2584682140128937e-12
0.9999357643370187,5.2998713556224e-27,6.423566298124805e-05
2.371758207918109e-06,1.3656264148938602e-07,0.9999974916791505
1.6367922221776034e-05,6.116298410133995e-09,0.9999836259614798
0.000674017246977398,2.7011497596255745e-10,0.9993259824829076
2.1539740425759393e-07,0.029815496855873067,0.9701842877467227
2.862148591049102e-31,0.9999999999999665,3.3499670803884855e-14
1.018864039931853e-05,4.171584677968476e-07,0.9999893942011328
1.145353469212004e-22,0.9999999958637498,4.13625021022974e-09
0.9999997951056314,6.0258951734501586e-33,2.0489436846029276e-07
0.9999999999999545,1.4005258785695977e-48,4.552523619296931e-14
0.9914179893899506,2.297725997835168e-21,0.00858201061004936
5.795536681671832e-10,0.7811392833716366,0.21886071604880974
1.3267038653898213e-28,0.9999999999980616,1.9383730577937576e-12
0.9999997894444793,9.646754575082523e-32,2.1055552063952332e-07
0.00041919809587556955,1.342826309285087e-10,0.9995808017698419
0.9999999966952606,1.4978352874927964e-36,3.304739411472e-09
3.6243795565575844e-28,0.9999999999948421,5.157883130939931e-12
0.9999990162523905,1.5265990489218001e-30,9.837476095039113e-07
0.007765950976994047,2.4034343350303246e-13,0.9922340490227657
7.823538640471567e-08,4.259642197461549e-06,0.9999956621224161
1.4530608542835614e-09,0.7319797402488764,0.26802025829806275
0.0037571003346059404,2.939181252116838e-11,0.9962428996360022
4.1962073585377257e-10,0.01351314073638919,0.98648685884399
6.000132274602848e-12,0.9869710880803104,0.013028911913689389
2.4409890129823454e-36,1.0,4.737984206563506e-17
1.3724244390721887e-10,0.942723481354271,0.057276518508486585
1.6898960868835568e-09,0.7851689843852119,0.21483101392489196
0.9999999999999507,4.831956879108401e-49,4.9223174517262823e-14
1.062690981773925e-19,0.9999997093576344,2.9064236555195294e-07
4.792125191992477e-06,0.0002926388472377593,0.9997025690275703
0.9999999997344649,1.4936963227544933e-39,2.6553503940707603e-10
0.9999999999982767,1.1374029505602046e-43,1.7233007500437432e-12
4.950042535757606e-05,2.2042310558047245e-05,0.9999284572640843
7.219354905264741e-06,0.00032534947094907754,0.9996674311741458
0.0003218422752462585,4.1461178903324175e-10,0.9996781573101419
9.37339899474188e-22,0.9999999895657031,1.0434296946484748e-08
5.166239389698707e-08,1.3424974972802662e-05,0.9999865233626332
0.999999989899283,1.3129258892383582e-35,1.0100716997436499e-08
0.9999999873275761,1.7458452381181497e-34,1.2672423894219561e-08
0.9998947358750222,4.541966206390665e-25,0.00010526412497778107
0.9999999972377833,1.29926525203582e-36,2.7622166706863894e-09
1.7963035830681453e-28,0.9999999999970983,2.9017328808331743e-12
3.4077027560597366e-12,0.7547250307755443,0.24527496922104808
0.0004930838888875715,1.3189287186783465e-06,0.9995055971823937
5.684462564303982e-16,0.999935321919454,6.467808054533683e-05
1.1524970304063032e-09,0.0019809204692640497,0.998019078378239
0.9999999878488427,3.169794600444897e-35,1.2151157347458243e-08
2.763459841593655e-05,1.0871554478943591e-08,0.9999723545300295
1.5751264979097957e-22,0.9999999939332826,6.066717383938058e-09
2.4477968499861045e-05,4.847052294092448e-09,0.9999755171844478
2.4601294597915004e-09,0.007679998939690701,0.9923199986001797
0.9999999987187145,1.1859301249545561e-37,1.2812856135900614e-09
1.9486167511520204e-17,0.9999970809072501,2.919092749738611e-06
0.999999999999986,2.344725245760929e-50,1.3914619805940417e-14
0.9999999999999865,1.1373086397191455e-50,1.3528582626748758e-14
0.9999999999999813,6.750797663332584e-50,1.8707585425144066e-14
0.0020525080779313404,1.6717144058754116e-11,0.9979474919053515
2.2117301161314664e-09,0.010915271853636352,0.9890847259346335
0.9999999999999918,8.698693112293761e-51,8.286029436986257e-15
0.00540485738072758,2.0758263279302873e-12,0.9945951426171966
1.9380416025897158e-17,0.9999941383078521,5.861692147819285e-06
1.8880220891057172e-08,0.0004010738935972205,0.9995989072261818
0.9999133769989621,6.617102150649372e-26,8.6623001037985e-05
1.5592083490217708e-28,0.9999999999974725,2.527429864969517e-12
0.9993905327667568,1.7926787543926275e-23,0.0006094672332431658
0.0011785066921466936,8.706748511228295e-11,0.9988214932207858
0.9999999962990891,8.744867714369648e-36,3.7009110044202775e-09
9.337822167489511e-08,2.993814021274236e-05,0.9999699684815655
3.85107801178721e-20,0.9999998605734072,1.3942659273887695e-07
1.0769021287590147e-23,0.9999999873278763,1.2672123619761741e-08
1.4179861853832409e-05,3.6361709405200686e-05,0.9999494584287411
0.9999999844322653,1.3088994431304878e-34,1.5567734701552787e-08
0.9994870133661385,2.5339996440739496e-23,0.0005129866338615038
7.570515686306995e-06,6.7679730781647805e-09,0.9999924227163406
3.2052711732854496e-20,0.9999979104807661,2.089519233760175e-06
1.0531926742264005e-25,0.9999999935983619,6.401638006937571e-09
4.3269257687466896e-24,0.9999999987974093,1.2025906346513416e-09
0.9984011494984831,6.655162919327401e-23,0.0015988505015168655
0.9999997573175736,2.076748868726414e-32,2.426824263974924e-07
4.339169948368163e-08,0.34020845742563205,0.6597914991826686
3.8099036450290274e-16,0.9974194937228387,0.0025805062771609333
2.3999598220022395e-18,0.9999984459553241,1.5540446758939122e-06
1.2660798810786554e-25,0.9999999965691238,3.4308762638738547e-09
0.9999999932255863,3.5042305378005043e-35,6.774413589581041e-09
0.0020288812962482136,3.9079382568745796e-08,0.9979710796243694
0.00010782017067700781,1.575375588958942e-09,0.9998921782539475
0.9999440961704827,1.996642144774123e-26,5.5903829517225224e-05
3.241777567970028e-06,4.187976996701425e-07,0.9999963394247323
3.6324357883026514e-09,0.000776235728011876,0.9992237606395524
0.9999999999999825,5.609493087691794e-50,1.7578512640154486e-14
1.2344206046624799e-17,0.9999942162617649,5.783738234995035e-06
1.131062398244691e-23,0.999999941024725,5.897527504932455e-08
7.107662767132013e-22,0.9999996231591152,3.768408847217968e-07
6.324960058483056e-28,0.9999999999949676,5.032338578926278e-12
6.449490867370727e-30,0.9999999999997022,2.977462557085115e-13
0.9999999999782323,2.2384946144127312e-42,2.1767698413219815e-11
9.305657007586637e-10,0.01609196786455,0.9839080312048843
4.0651496998419083e-13,0.9990055880564646,0.000994411943128721
4.437908082177348e-15,0.9997820435970837,0.00021795640291184318
1.2039025646934943e-09,0.0068508964809566595,0.9931491023151408
5.92802321780134e-07,3.8892369703705685e-06,0.9999955179607078
4.2511733417617424e-20,0.9999998600464353,1.3995356467961267e-07
1.4140884979563564e-08,0.0005992386328750323,0.9994007472262401
1.1266076781773111e-08,0.00032201224478587033,0.9996779764891375
6.161560479705034e-21,0.9999999536863179,4.6313681979465206e-08
0.9999999999175595,2.0339605781020588e-41,8.244058700401076e-11
0.9999999583495971,1.4187976270747186e-33,4.1650403002154175e-08
6.03861874765753e-32,0.9999999999999734,2.6750357890900844e-14
1.8092721578528246e-16,0.9999829370997679,1.7062900231864294e-05
5.731014457432572e-35,0.9999999999999996,4.535309722754351e-16
0.999999932366432,3.783094954630256e-33,6.763356805654643e-08
0.9999999896802755,2.7153029101783677e-35,1.0319724489902756e-08
2.007764879727271e-12,0.9918334575071915,0.008166542490800633
0.999847279474156,3.3421295873751284e-25,0.0001527205258440338
0.00275429578238962,1.4274959780121231e-11,0.9972457042033356
0.9905105540073028,1.2110474965027832e-19,0.009489445992697132
3.327423479566204e-06,2.7171260855498205e-07,0.999996400863912
0.9993913609244185,5.8004564937984885e-24,0.0006086390755814004
1.697214973271717e-29,0.9999999999995008,4.990863507207608e-13
0.9999999988573456,4.4270593915533e-38,1.1426543311081789e-09
0.9999999999359799,4.841976553417218e-41,6.402018626267634e-11
0.9999982268110945,9.995645344084262e-30,1.7731889055328071e-06
0.9999999998453575,1.8469586857493467e-40,1.5464258231769373e-10
6.083380442135812e-06,0.00011923125347126551,0.9998746853660865
1.7162720106953693e-13,0.9984316727397224,0.0015683272601060552
1.6942777448735755e-08,0.47107608034941806,0.5289239027078045
1.3525477594513518e-08,0.00030648290321704614,0.9996935035713054
1.0465204344975712e-05,3.7763506631299526e-08,0.9999894970321483
2.425006453679452e-27,0.9999999999796176,2.038233058029026e-11
3.6000070051381655e-05,5.84315344170733e-10,0.9999639993456332
0.0011527756260842875,4.048636958089468e-11,0.9988472243334293
0.9999998608974043,2.9113382786509005e-33,1.3910259555464677e-07
0.9999999999747355,1.3443053498667437e-42,2.5264405988126926e-11
3.054248657212478e-05,2.878938603403501e-09,0.9999694546344893
0.9999999999999667,1.8834213928897524e-49,3.330347716206469e-14
1.7631466131722271e-12,0.9949680854089806,0.005031914589256149
2.0391194557328374e-12,0.9941330980111492,0.005866901986811558
0.0011137754904871676,3.2830869044470523e-07,0.9988858962008225
0.9999781691601534,2.076426566339221e-28,2.1830839846671577e-05
4.3168960737962e-21,0.9999999581316414,4.186835847410245e-08
0.9999999999946014,7.49367302269901e-43,5.398641742415177e-12
0.9999999924154276,1.781177260161471e-36,7.584572534263283e-09
4.555624715242032e-10,0.0026403159272841517,0.9973596836171533
4.711504910581224e-06,1.2044068687795824e-07,0.9999951680544026
8.431766474457024e-35,0.9999999999999996,3.7758994614682207e-16
3.0923689219463816e-27,0.9999999999845932,1.5406722450530282e-11
7.249034551646546e-24,0.9999999991323321,8.676679659449554e-10
5.2939108765891776e-15,0.9998986285159958,0.00010137148399888148
0.9999999991817192,9.25760843077199e-38,8.18280792806457e-10
0.9999999999946405,1.5312418895657826e-42,5.359487561715791e-12
2.6268692783597296e-17,0.9998508113799283,0.00014918862007169773
6.8078137322969e-26,0.999999999914386,8.561391172294127e-11
0.9999999659153203,6.983582581824384e-35,3.408467960167146e-08
4.4367384306765104e-23,0.9999999954397989,4.5602011523123466e-09
0.9997359471297369,4.050968836633796e-24,0.0002640528702630707
1.006179163953349e-08,0.0009639590879811785,0.9990360308502273
0.9999999999772842,2.5365880101462077e-41,2.2715815568216262e-11
7.68521471919845e-36,0.9999999999999998,1.2638336767122648e-16
0.9999999994205617,1.5722960545081677e-39,5.794383663171455e-10
0.9999886913336847,4.803079478199704e-28,1.1308666315180103e-05
5.816988542091883e-06,1.2702066411028787e-08,0.9999941703093915
7.59463465488176e-05,1.4250273452800912e-10,0.9999240535109485
0.00025583050486709965,9.282028363064638e-10,0.99974416856693
0.9999936053161941,1.3855561826980687e-28,6.394683805947082e-06
0.058639325007811674,5.799354129723844e-14,0.9413606749921304
1.1520922965834254e-06,1.3499905044435968e-07,0.9999987129086528
5.9542538317065003e-08,0.11649671813682107,0.8835032223206406
1.6408850005524028e-08,0.38684929680342167,0.6131506867877283
0.9999945398478144,1.0551672954212433e-28,5.460152185668051e-06
4.847420091427782e-06,0.00041424619071451813,0.999580906389194
0.9999999999863118,9.406960813220671e-42,1.368808769695217e-11
4.5781378337435855e-07,2.301746361461269e-06,0.9999972404398552
0.9997428803691419,4.377407999248383e-25,0.00025711963085811145
0.9976217429096722,1.2135766317955503e-22,0.002378257090327837
0.9999999922395045,4.404467839721716e-35,7.760495557627467e-09
1.4140679016508315e-33,0.9999999999999984,1.5594808499616684e-15
0.9998661116362061,7.014277332172678e-25,0.00013388836379391497
1.2621652228761018e-20,0.9999999000691902,9.993080975475718e-08
0.003986848242053221,2.7407140926360445e-08,0.9960131243508059
1.6187618499344725e-09,0.00595961342869848,0.9940403849525397
0.9992843905958176,1.3808009346877285e-23,0.0007156094041823023
0.08557334857516963,6.893441940313304e-14,0.9144266514247614
7.372354247739006e-25,0.9999999999078568,9.214318610337436e-11
0.9999923171783619,3.0566136585388413e-29,7.682821638178181e-06
4.4362316097754756e-36,1.0,9.144665445735131e-17
1.8334778992325467e-07,3.6618181902560152e-06,0.9999961548340198
0.007377317169749465,9.280600610626281e-13,0.9926226828293225
0.9999999998460374,2.0506132793671633e-39,1.539625469315455e-10
3.057057633245464e-13,0.9973473841797905,0.0026526158199039066
0.9999999806306551,6.896297107352525e-35,1.9369344802475232e-08
0.00011235169236723158,2.803372720628476e-09,0.9998876455042601
0.9998990868479255,4.379341781804754e-26,0.0001009131520745345
1.613543880998309e-09,0.015640391385851993,0.984359607000604
3.280762009660947e-15,0.9940251138153502,0.005974886184646563
1.3801923858858434e-05,6.6494527494285035e-09,0.9999861914266884
0.9999903816273235,7.987357002849233e-29,9.618372676658185e-06
0.9999387328460213,3.387225735893536e-27,6.126715397864069e-05
2.7024552416676996e-09,0.0010581124398268721,0.9989418848577177
3.038326269453504e-07,1.3625944275576406e-05,0.9999860702230975
0.9999999999968343,4.55435975893231e-43,3.1655810782141255e-12
0.9977127413776226,1.1574942788744904e-22,0.002287258622377375
0.9994037147934688,9.722405781278834e-24,0.0005962852065311246
7.884971020570037e-15,0.9998920204603703,0.00010797953962157724
6.84594946600735e-26,0.9999999998781761,1.2182394832043258e-10
1.8887338868277087e-14,0.9997056071605915,0.0002943928393896695
0.9999890617169892,4.0232916258749085e-28,1.0938283010770988e-05
2.1641894415677264e-15,0.9976428549701831,0.0023571450298147784
4.348869990851638e-22,0.9999999927095149,7.2904851139894185e-09
5.2767271480404864e-36,0.9999999999999998,1.445732863781334e-16
1.742711431690835e-30,0.9999999999982454,1.7544958165631799e-12
0.9998242433302774,5.304096744686187e-25,0.00017575666972269348
0.9999531598610787,3.1729787704397665e-26,4.6840138921349066e-05
8.346770825040837e-15,0.9998405062935714,0.00015949370642030474
7.580993604334031e-06,1.5582199900589554e-08,0.9999924034241957
0.9999999871915205,9.830337879759968e-36,1.2808479390960304e-08
0.9999999581519095,2.144922633367663e-34,4.184809054129159e-08
2.2034845796799535e-20,0.9999998780296413,1.2197035875764863e-07
0.9999999956705203,5.1340629579588066e-36,4.329479571733057e-09
0.9999999978548506,3.251874928456779e-37,2.145149476845361e-09
0.9814651073463143,1.0032614003676001e-20,0.018534892653685717
0.00014291250539658017,6.351250000857584e-06,0.9998507362446024
2.6654666942396675e-10,0.9401311955588072,0.05986880417464611
8.650297941726779e-18,0.9999939671905839,6.0328094161438714e-06
3.63746342067656e-06,1.567204173290825e-07,0.9999962058161621
0.00011824160664300228,7.526311739817658e-09,0.9998817508670452
5.055553489152483e-29,0.9999999999989813,1.0187663232459577e-12
0.00030384460599624234,4.6546497342268103e-10,0.9996961549285388
3.3753940478714775e-06,0.0010921932309262356,0.9989044313750258
0.9999999999771025,5.202591782468397e-41,2.289752356641975e-11
3.0458432647042404e-21,0.9999999635674348,3.6432565236858863e-08
2.1234407070070977e-26,0.9999999991401145,8.598853845163954e-10
3.243322744962837e-07,0.01825253920290117,0.9817471364648244
1.510632506704853e-14,0.999544366251531,0.00045563374845396004
0.9999999783885714,4.1554233939834356e-34,2.1611428664655797e-08
0.0005479419192527892,1.208951781815994e-10,0.999452057959852
6.1302446423750045e-06,9.786805499011788e-05,0.9998960017003675
3.1967530806436777e-15,0.9962754614972584,0.0037245385027383335
9.75078864808535e-09,0.5056974404735756,0.49430254977563576
0.9999999796626309,2.7044792521621715e-35,2.0337369062150183e-08
2.666036771501083e-37,1.0,2.8449567056060473e-17
2.5639673824392242e-09,0.011670465998518892,0.9883295314375137
6.744519864997775e-18,0.9998832780793249,0.00011672192067518809
0.9999993757589558,5.120543586992421e-31,6.242410442448345e-07
2.2808356548653943e-32,0.9999999999999893,1.0759947084312294e-14
0.9999769535883452,1.5325727918950573e-27,2.30464116548913e-05
1.6896015522629128e-08,0.00010594655599683845,0.9998940365479877
0.9999999981584764,2.471204928635023e-38,1.8415236417739415e-09
2.3956863923097036e-35,0.9999999999999998,3.279721680912182e-16
0.9999999999991576,2.0188816714308203e-46,8.424773099905425e-13
0.9963019138882789,1.1365033836579965e-21,0.0036980861117209382
5.750551373791074e-27,0.9999999999814055,1.859436862763519e-11
1.1486324884547402e-36,1.0,4.3170730918022234e-17
2.5269911508828307e-15,0.999908358642352,9.164135764568383e-05
0.0020301422238049173,1.531678853209205e-07,0.9979697046083098
0.999999999986978,4.6347137879259676e-42,1.3022133508418149e-11
7.554350988144945e-15,0.996189683486964,0.0038103165130284823
7.290747404741656e-09,0.6120521256487051,0.3879478670605474
7.534008760750881e-20,0.9999963793748606,3.620625139357827e-06
1.4303462650837144e-18,0.9999656058288189,3.4394171181178996e-05
7.891047290655954e-06,2.3111171990854668e-08,0.9999920858415373
1.0551073237124367e-06,1.3566075259450702e-06,0.9999975882851503
1.2050391452080113e-08,0.000300514250294819,0.9996994736993138
5.976146157321253e-05,2.0281417641793648e-09,0.999940236510285
1.2067096264131665e-05,8.283416882932469e-09,0.999987924620319
0.9999999999913647,1.7929874528415978e-42,8.635290292711283e-12
2.4877933077561423e-05,1.8414183250992426e-08,0.9999751036527391
3.794634096357038e-37,1.0,3.306879816764393e-17
2.3776739010683018e-15,0.999884509392923,0.00011549060707473199
0.002396367129660651,3.503933219010119e-11,0.9976036328353
6.977136179689993e-20,0.9999999023185702,9.768142973220958e-08
7.213006569345828e-24,0.9999999992584248,7.415752421943241e-10
4.463491824882331e-25,0.9999999998539415,1.4605860215456758e-10
0.9999856529124954,9.338104655118544e-29,1.4347087504577818e-05
0.9999999564853633,4.752510053851673e-34,4.351463675026936e-08
0.9999999211046922,5.917822412550568e-33,7.889530794229171e-08
0.9999996523677565,2.9912770626083137e-31,3.4763224369724145e-07
0.004868065658953094,2.8230958067837052e-08,0.9951319061100888
0.0008379459637055079,1.9569544253797565e-10,0.999162053840599
0.0002634991134731923,1.295408648666385e-10,0.9997365007569861
5.1166561440991736e-08,0.10876280394932229,0.8912371448841163
3.7746231294857753e-17,0.9999854164685682,1.4583531431738131e-05
0.9999950516881514,1.6105888755313586e-29,4.9483118484608955e-06
0.03050121654237446,7.751222031108915e-13,0.9694987834568505
0.9999999935185995,7.855261109397118e-36,6.481400525597107e-09
9.830293901323748e-07,9.35842898823182e-07,0.999998081127711
2.2365780151292263e-08,0.00010240570038973904,0.9998975719338301
0.9999999996252815,1.449763574940615e-39,3.7471841031986275e-10
0.000711600864370455,5.892214965220969e-11,0.9992883990767074
9.228125611504392e-05,3.511791435933588e-10,0.9999077183927058
0.0003348134258899436,9.973263209334164e-11,0.9996651864743774
3.4198585329965046e-25,0.9999999998281299,1.7187000507306987e-10
0.00014722298634217305,1.9221647772841023e-09,0.9998527750914932
6.861694308274597e-07,1.1538601215116676e-06,0.9999981599704477
4.188873705464125e-12,0.9867016073004669,0.013298392695344248
1.736869127770896e-13,0.9536583113010371,0.04634168869878932
2.9708804160049122e-05,5.909686408195174e-05,0.999911194331758
4.6747575490000375e-14,0.9934709354878748,0.0065290645120785265
3.868249399297402e-13,0.9986209362266081,0.0013790637730049338
0.9999985982952503,4.2388721206555374e-30,1.4017047497895501e-06
6.242796706750254e-15,0.9998313421450686,0.0001686578549251977
0.0003766527951878332,7.514885552970478e-11,0.9996233471296633
6.198426012498865e-20,0.9999997621002006,2.378997993448218e-07
0.0001440436288321956,1.5025915486297189e-10,0.9998559562209087
1.2173892095478405e-18,0.9999747632377961,2.5236762203921954e-05
2.0697134187335473e-07,0.06611032021801153,0.9338894728106466
0.9998514604087774,5.417519401712894e-26,0.0001485395912227021
0.9999999999683442,6.019631622515143e-42,3.165575462586978e-11
0.9999999999999698,4.1991539515902235e-49,3.0101394994540667e-14
0.9999999887558654,6.911639758865742e-36,1.1244134531741064e-08
0.9939250486442945,2.2768604112362485e-21,0.006074951355705496
1.423584330546899e-21,0.9999999773458651,2.2654134838753106e-08
5.292411047457701e-07,1.3946517484020826e-06,0.9999980761071469
3.0849201512544126e-17,0.9999912824697165,8.71753028348709e-06
2.2175399145407517e-21,0.9999991687998743,8.312001256752819e-07
8.491557462648607e-05,3.1806626169532177e-09,0.9999150812447108
0.9999999997059807,3.6539268774292233e-39,2.940193615497593e-10
9.733113714801597e-18,0.9999125977030059,8.740229699395519e-05
6.8938423616258e-18,0.9998702781678095,0.00012972183219050717
2.6401342177915574e-18,0.9999974756169566,2.524383043328868e-06
1.0655307690919541e-07,0.00012747820847729986,0.9998724152384459
1.588506562505893e-05,1.6436181632374348e-08,0.9999840984981934
0.9999999999868958,3.1466849245293835e-42,1.3104231076221322e-11
1.3705262794420635e-36,1.0,3.879864071668136e-17
0.9999999999995963,8.829458409629816e-47,4.0373585344442276e-13
1.4789031928265976e-22,0.9999999944596414,5.540358618575909e-09
6.23697734660653e-14,0.9748507602853695,0.025149239714568228
0.9999439643057206,9.210210259096256e-26,5.603569427947498e-05
0.0007953740693046155,1.013095125211073e-10,0.9992046258293859
7.488809936723587e-25,0.9999999997311153,2.6888462031508195e-10
2.5341026232053215e-06,0.002350736815651324,0.9976467290817254
5.880518588086753e-10,0.03842014247586393,0.9615798569360842
0.9998138279750619,3.6649954280969417e-25,0.00018617202493820186
0.9999996667316913,1.0093713863300989e-31,3.332683085999646e-07
0.9999266536167084,2.7275873792438625e-25,7.334638329153402e-05
0.9999999999901741,7.374598184108675e-43,9.82586921520658e-12
0.9999999999958216,3.585708690351895e-43,4.178437848102173e-12
0.9998927346226767,3.0041060650363474e-25,0.00010726537732331072
2.7872545488587775e-15,0.9998623726837508,0.0001376273162462818
6.8599034963071765e-28,0.9999999999952129,4.7869916629084795e-12
0.002362851360117255,9.891776299379686e-08,0.9976370497221198
5.287390435981842e-14,0.9996546135895502,0.00034538641039702744
0.9999964218526102,1.0293306294686791e-28,3.5781473898708794e-06
6.674371994966136e-18,0.9999969984516651,3.0015483348557953e-06
1.4669710005746583e-08,0.00012652834585954046,0.9998734569844305
0.9999999999999951,1.9512599204905265e-51,4.820883986176329e-15
4.0854522727358996e-05,1.3545268424381588e-09,0.9999591441227458
2.7375936095840395e-19,0.9999990990012115,9.009987884568779e-07
6.991581040284527e-16,0.9984545320204553,0.0015454679795440394
1.490200087755782e-13,0.9794373351061582,0.020562664893692833
0.0027201174752256372,1.5910135307074915e-08,0.9972798666146391
0.06824391473629268,1.6871266653226154e-09,0.9317560835765806
1.0892201160242929e-23,0.9999999985923358,1.4076642427664036e-09
1.5243978143836691e-19,0.9999937078768347,6.292123165324704e-06
0.9999999716916604,3.1392508391548108e-34,2.830833945707295e-08
0.9999970864340145,3.104180960446365e-30,2.913565985391796e-06
6.864157897220579e-05,2.6011761583372807e-09,0.9999313558198517
7.088302346692759e-08,0.11551037499072422,0.8844895541262524
0.0001126439944984264,1.6815628232416216e-09,0.9998873543239387
3.759418525889223e-06,6.137845102940357e-08,0.999996179203023
4.9355639123089874e-14,0.9993947200001423,0.0006052799998085947
0.9999999971652478,2.4051290676079454e-36,2.8347521562097224e-09
5.271342238024431e-33,0.9999999999999947,5.439448177312178e-15
0.9927511530119597,5.525552664961388e-21,0.007248846988040242
0.9999978587298062,1.837600048951671e-29,2.141270193851343e-06
0.9999999999862446,1.3947333476498012e-41,1.375538064102694e-11
0.9999999999995741,2.463086797581205e-46,4.2589757727855987e-13
5.469244290033952e-09,0.00038375371743769494,0.9996162408133181
1.8333660643485092e-10,0.12146195219187832,0.8785380476247849
2.609536691878213e-16,0.9994043479912014,0.0005956520087984677
0.999999999990203,4.6002661132489244e-42,9.797059406883884e-12
3.750049969233008e-34,0.9999999999999991,8.217651755674527e-16
7.953073005323837e-07,1.1664074100338518e-06,0.9999980382852894
2.960272403570966e-34,0.9999999999999991,7.791622269969342e-16
1.0670468936024739e-09,0.010615018262438118,0.9893849806705151
1.9975621285791093e-26,0.9999999999769131,2.3086779495352912e-11
0.9999870733727547,1.6914655001733047e-27,1.2926627245353064e-05
1.9049779356878658e-05,6.802286989361478e-09,0.9999809434183561
8.250023345786974e-07,0.002895408370258844,0.9971037666274065
0.999999999997714,1.0480593803913678e-45,2.2858655214589974e-12
0.9999999999794444,1.9061388246563597e-41,2.0555564462906465e-11
0.9999988328837021,1.1640441709116642e-30,1.1671162978527919e-06
0.9999700994342129,1.3385284806518394e-26,2.9900565787120468e-05
6.211398098479566e-12,0.982350721842071,0.01764927815171771
0.0017644664320717236,1.7989856873587023e-11,0.9982355335499383
0.001163763907897666,1.666171208957028e-11,0.9988362360754406
4.580751680419818e-06,1.2576887541860118e-07,0.999995293479444
0.9999999820183406,3.232991558420216e-35,1.798165940161563e-08
2.3532253681249378e-36,1.0,6.47670842616205e-17
3.7713783835168324e-06,5.069481583225311e-08,0.9999961779268007
0.9999989727712624,9.937032160505012e-31,1.0272287376327313e-06
3.197445287527839e-10,0.03523933219739176,0.9647606674828637
2.675789314073186e-15,0.9984630113018275,0.001536988698169916
0.998889951963719,4.541278433619227e-24,0.0011100480362811254
2.127959162935698e-16,0.9999862559225359,1.3744077463926931e-05
6.943032139073791e-07,0.0028102981149139405,0.9971890075818722
0.9900072210985112,4.241722398256024e-21,0.009992778901488773
4.816026242118201e-22,0.999999554669958,4.453300419926764e-07
2.585020012868497e-10,0.01759907528150264,0.9824009244599953
0.9999999638412396,1.0961698771240412e-34,3.6158760491105834e-08
1.0840463878561208e-19,0.9999996335538559,3.664461440815053e-07
8.4837851631260915e-19,0.9999991147600285,8.852399713830218e-07
1.8430682455044012e-08,0.2496527344221954,0.7503472471471222
0.9999999993020763,7.864986862439902e-38,6.979236997573132e-10
0.9820321948310832,6.038722322284358e-20,0.017967805168916863
3.6555502281460047e-19,0.9999995440542555,4.5594574454611054e-07
1.226904456652274e-08,0.3733966458583637,0.6266033418725918
0.9999999999915674,2.7448639644657988e-42,8.43254831046721e-12
1.775486559780294e-16,0.9999841767372354,1.5823262764302363e-05
1.130916340808646e-06,0.000744266989150582,0.9992546020945086
0.9999999999999925,1.4878987713061784e-50,7.44041183144191e-15
0.9999998576001333,3.08076021007308e-32,1.4239986675451913e-07
0.9994253429690972,1.859248848287163e-24,0.0005746570309027233
2.456776977215472e-15,0.9999419409436879,5.805905630958013e-05
1.239278632934104e-19,0.9999995200133124,4.799866875645076e-07
5.8538631874474625e-06,1.1445260986591238e-07,0.9999940316842025
6.149392959049603e-09,0.0017148785163457456,0.9982851153342613
2.046010365365266e-32,0.9999999999999887,1.1259565165450466e-14
0.9999999999919176,7.968712612576048e-43,8.08238037648114e-12
2.2007628662420435e-24,0.9999999993789004,6.210995444858228e-10
4.712926877865071e-10,0.9039130847348433,0.09608691479386396
3.8606562876842813e-11,0.974183204915652,0.02581679504574143
1.819935742705756e-05,8.91650824922009e-09,0.9999817917260647
7.649192099694316e-05,1.8914374573641365e-09,0.9999235061875656
0.9998126974046504,1.1856783685376047e-25,0.00018730259534970012
0.9999999999990372,5.012327265463312e-46,9.628268775141348e-13
9.49465194287247e-23,0.9999999967976769,3.202323006396897e-09
4.884573516002762e-06,1.0281499521533258e-07,0.9999950126114888
7.69593181866743e-36,1.0,1.0191178769282232e-16
0.9999999999892337,3.404555649419831e-42,1.0766321642950038e-11
0.9999938809642118,1.992792557678676e-28,6.1190357881096476e-06
0.9999642344471282,1.1506865902206995e-26,3.5765552871721814e-05
0.0004185482980520591,1.2680308142348598e-10,0.9995814515751449
1.8720720930031653e-22,0.9999999927999172,7.20008273353695e-09
3.164786941380614e-07,0.01919292894235536,0.9808067545789504
0.9999999999999885,1.5440197574053393e-50,1.1575765948923834e-14
0.0003097771795377078,1.3352680005078457e-09,0.9996902214851944
6.484695264883919e-21,0.9999991680708618,8.319291383155334e-07
0.9999325084781299,1.5809476400958153e-26,6.749152187014632e-05
1.6758770075774006e-17,0.9999949748123682,5.025187631863031e-06
9.073461526331104e-13,0.9969456250120968,0.00305437498699584
0.001925445186965616,8.859579702863108e-12,0.9980745548041747
0.04864476387344131,6.724960548260871e-10,0.9513552354540626
1.1908526931959492e-07,1.5394114529582702e-05,0.9999844868002011
1.9864894940342593e-15,0.9977855273985933,0.002214472601404746
4.4697143771260986e-29,0.9999999999986309,1.369029712528913e-12
1.5322026287276725e-07,1.5741657171270572e-06,0.99999827261402
1.1436182491776904e-22,0.9999999965784432,3.4215568883749014e-09
4.486965641392938e-15,0.9998192348492713,0.00018076515072438032
2.849067855447672e-10,0.02346782375026314,0.97653217596483
2.1098562945619258e-07,0.028695812723240826,0.9713039762911296
2.897551658023653e-26,0.9999999999712903,2.8709764674147216e-11
0.0010560430485872451,1.4008413286097532e-11,0.9989439569374043
0.999966380724661,5.20739323246991e-26,3.3619275338905495e-05
3.926452168564018e-06,1.9298690779254616e-07,0.9999958805609236
7.751074897670914e-14,0.9995253422625381,0.0004746577373843856
1.9557841489563385e-30,0.9999999999998259,1.7413378900426266e-13
0.0029096145004578826,2.5020576921730317e-11,0.9970903854745214
0.9999845702110856,3.601130097168732e-28,1.5429788914515086e-05
0.9999999999999696,1.9241619578487884e-49,3.04489766951546e-14
0.9934791189107856,1.1470452906709503e-21,0.006520881089214431
1.5781390275319078e-34,0.9999999999999996,5.011059587227372e-16
2.069537126189637e-06,0.0010209328916457232,0.9989769975712282
9.57301988410235e-06,0.00048762850955336786,0.9995027984705624
7.072968355790718e-21,0.9999999168784819,8.312151803210355e-08
7.741109693130557e-05,5.708988899543029e-10,0.9999225883321698
0.9999999997997469,1.890939179995319e-39,2.0025310818184254e-10
4.82003369738804e-28,0.9999999999957272,4.272906840947335e-12
1.026013617883028e-08,0.0001833390471615845,0.9998166506927023
1.0641197794765337e-21,0.9999999837018971,1.6298102902408088e-08
0.9999997097279046,6.8530551118674e-33,2.90272095373644e-07
3.43763888784052e-11,0.9816383198702635,0.018361680095360117
0.9999999999930103,1.5157509361207972e-42,6.9897507388468086e-12
4.546227473498962e-12,0.9932755679010605,0.006724432094393257
0.9999999999263589,6.651791607978216e-40,7.36410598780034e-11
1.0744839526545973e-13,0.9992565009830764,0.0007434990168160898
0.9999972234038904,1.2452754269764539e-29,2.776596109649266e-06
6.064955493745383e-23,0.9999999932537966,6.746203322636251e-09
6.46599834378646e-08,0.2180345656695477,0.7819653696704688
0.9999861722774042,1.1433707009550828e-28,1.38277225959469e-05
0.00014703619452990934,5.823699695120515e-10,0.9998529632231001
0.9999999999901645,8.612075314921523e-44,9.835412036298972e-12
1.802610849615755e-10,0.0309212418663226,0.9690787579534162
3.53550964988469e-07,0.031056172057738377,0.9689434743912967
5.392206268697119e-08,5.498462300127819e-05,0.9999449614549359
1.1692913244595944e-27,0.999999999996128,3.872011442341993e-12
0.0005745444878955621,2.159494850921107e-06,0.9994232960172535
0.9999998639910358,1.755853263235094e-33,1.360089643099871e-07
0.0006490566578891755,4.3294685036308605e-11,0.999350943298816
0.08377240997537165,1.0033322491783152e-09,0.9162275890212961
2.514530390398734e-16,0.9999737351099318,2.626489006807995e-05
1.4641762050373724e-16,0.9996745826035086,0.0003254173964910669
0.9999999426509028,1.686413699616142e-33,5.7349097310497226e-08
3.157389433756501e-14,0.9994903715615256,0.0005096284384428293
1.6841452283783204e-18,0.999998033986898,1.966013102039066e-06
3.639820238099379e-07,6.169347463888998e-07,0.9999990190832299
0.000995451960383294,4.0222027817783154e-11,0.9990045479993946
1.6360263076280076e-05,2.7218849713210214e-05,0.9999564208872105
1.990935876429107e-05,1.0606704161639197e-08,0.9999800800345314
4.3208205056352923e-16,0.9999660978391196,3.390216087988716e-05
1.0426431655120188e-05,3.859082650311036e-08,0.9999895349775184
0.9999982962765938,1.9255740277004819e-29,1.7037234061598396e-06
7.747707071752062e-05,1.1681549187210995e-09,0.9999225217611275
0.9999986691030207,2.8790091617191945e-30,1.3308969792763146e-06
0.9999336286860244,4.00308641518703e-27,6.637131397559478e-05
7.460296656222218e-09,0.0015238888790656323,0.9984761036606378
2.2077928812285604e-09,0.003997382462498516,0.9960026153297086
0.0008160321040837545,1.8449778375631563e-07,0.9991837833981325
0.9996797115460204,1.8383925246844204e-25,0.0003202884539796559
8.678466290819455e-17,0.9999792476768367,2.075232316328479e-05
2.1113412461103476e-05,1.1135264904100057e-05,0.9999677513226348
9.259456149603225e-17,0.9999900178427751,9.982157224864305e-06
1.0811022964823777e-09,0.834459968451115,0.16554003046778268
0.012471169216328525,2.1220663332362125e-09,0.9875288286616052
2.8601362771279196e-14,0.9994607284293601,0.0005392715706112613
5.99715922032962e-15,0.9997834685073927,0.0002165314926011739
7.559430889773281e-15,0.9996548769447409,0.0003451230552515925
0.0006304177626178028,8.921893473900364e-07,0.9993686900480349
0.9999229957512578,1.4644632842340794e-26,7.70042487421831e-05
5.259057165456079e-09,0.0017251280980269356,0.9982748666429159
8.725936873462669e-29,0.9999999999986544,1.345631810991115e-12
1.7880254864801618e-19,0.9999997476209415,2.5237905857083727e-07
2.1329260879854662e-07,0.019513422750477218,0.980486363956914
0.9999999996119502,1.2064865917105113e-38,3.88049833878944e-10
0.0004542780718808598,4.983834164008859e-10,0.9995457214297359
2.405966217751296e-15,0.9999326440955975,6.735590440007203e-05
0.9965825912273886,1.0016850656105757e-21,0.0034174087726113805
1.186104463320421e-25,0.9999999999182583,8.17417379386907e-11
9.295115881065813e-13,0.9966872975083493,0.0033127024907213033
0.9999999999999842,3.9483388021896724e-50,1.5803440585484687e-14
2.873613251978979e-07,5.375071287010887e-06,0.9999943375673878
0.002822769643306716,2.7891064888304032e-11,0.9971772303288021
0.9999999997472198,1.7126448732997246e-40,2.527803434559276e-10
0.9999980438277946,1.1699213138886984e-29,1.9561722054815203e-06
0.9999999871191795,6.559688680486005e-36,1.2880820441435069e-08
0.999999999987343,5.203884941038894e-42,1.2656897726284477e-11
8.467428460565665e-21,0.999999955297036,4.4702963980190297e-08
2.3235873240325834e-05,5.2270987591225766e-09,0.9999767588996609
3.1500326015956016e-28,0.9999999999969966,3.003286448362418e-12
0.9999998125428983,9.008601024225702e-33,1.8745710174429598e-07
0.999999999997506,4.3276475218258784e-45,2.4940448068829405e-12
1.5895032888130764e-15,0.9971663736729471,0.0028336263270513015
0.9999999483184241,1.2631667652766554e-34,5.1681575945671376e-08
3.9589659686386375e-16,0.9999382297358987,6.17702641008696e-05
7.185110649715651e-28,0.9999999999931839,6.816179437012133e-12
5.394212821726043e-05,6.636081325235124e-09,0.9999460512357015
1.0555560313220244e-30,0.9999999999999076,9.230870946320971e-14
0.9969287965811803,7.4413156015114e-22,0.0030712034188198254
2.1103644518351287e-20,0.999999916878656,8.312134393444286e-08
6.701985777356767e-32,0.9999999999999525,4.7521568995719935e-14
2.57208515439446e-29,0.9999999999744533,2.5546569086011948e-11
0.999852295323574,2.4639144615537554e-20,0.00014770467642594352
0.9999990721649723,1.4541795614662366e-30,9.27835027739587e-07
0.9999999999955658,2.9188232437964907e-43,4.4342686254358546e-12
1.2940711867156943e-12,0.9960357700336439,0.00396422996506204
3.711004201878501e-07,0.006461483023478208,0.9935381458761016
0.9999999991764039,2.680556131892532e-39,8.235960827756036e-10
7.969711570981418e-29,0.9999999999983991,1.6008357469943601e-12
2.2656207451329254e-14,0.9995008080313338,0.0004991919686435228
6.734085687587827e-05,1.77219135820846e-05,0.999914937229542
3.986085852502136e-05,3.0584522133303774e-05,0.9999295546193417
0.9999601601088964,2.4719387726896636e-26,3.983989110370644e-05
0.9999999999979101,1.618437957969729e-43,2.089942016480384e-12
2.476633260545809e-19,0.9999995238888548,4.7611114519537415e-07
0.9999999999758362,1.5215154703567574e-42,2.41638705958361e-11
4.788469804013095e-27,0.9999999999848439,1.5156180654470404e-11
5.671942616851347e-12,0.7295288784702684,0.2704711215240596
0.001247145025342729,2.4818013677490113e-11,0.9987528549498393
0.9999999999999862,5.415802340582924e-50,1.3666199702499144e-14
0.9999999999986349,1.001983786844552e-45,1.365168299024703e-12
9.863512305052682e-08,0.11855075194924113,0.8814491494156358
4.221066944194262e-32,0.9999999999999845,1.5461061160994895e-14
0.9959914035245461,2.857421994926174e-22,0.004008596475453993
3.601908180055341e-29,0.9999999999993059,6.941872012624885e-13
3.4919155646359948e-28,0.9999999999978673,2.132692044786872e-12
1.074424999812821e-30,0.9999999999998594,1.4049467677670072e-13
2.0263597879428365e-16,0.9999811693768252,1.8830623174549403e-05
0.9999999999767006,1.1844896257977522e-41,2.329934596127186e-11
0.9997230120552558,6.637666098122673e-25,0.0002769879447442051
2.2221660216071837e-18,0.999967029623146,3.2970376853847686e-05
0.9999999992621182,1.254524468864414e-37,7.378817413181526e-10
1.0505994968545426e-16,0.999989695777077,1.0304222923090323e-05
1.8027213164692911e-06,1.3351117197575405e-07,0.9999980637675117
1.001563791869954e-36,1.0,5.658710388210407e-17
0.9999997211784659,4.6980795058508315e-32,2.7882153409026773e-07
0.9999992172294075,3.378496471471865e-31,7.827705923629663e-07
0.9999996772299502,1.238171367341607e-32,3.227700497329444e-07
8.144945710427025e-18,0.9999189351356771,8.106486432292672e-05
5.6030823797667365e-08,4.200217772057593e-05,0.9999579417914556
0.0005545184190301774,2.232065614672636e-10,0.9994454813577632
0.008536884660399164,3.965939348232482e-12,0.9914631153356349
5.680353496477794e-30,0.9999999999996294,3.7068376459446053e-13
6.16465155834329e-12,0.9886693713521287,0.011330628641706687
0.9999992425403432,9.742939782731574e-32,7.57459656812159e-07
3.956152748190351e-08,2.592599968572241e-05,0.9999740344387867
1.3427390399956508e-09,0.004772945114647924,0.995227053542613
1.374394791749164e-16,0.9999824317082048,1.756829179496458e-05
2.0708830058368984e-19,0.9999997367040738,2.632959260289655e-07
4.5559726384523094e-14,0.9996438856303146,0.0003561143696397697
0.9999999999999762,2.910079282274472e-50,2.369197936982393e-14
1.969037115013926e-05,0.00027652244603397003,0.9997037871828158
0.001880903952569617,8.524348744222016e-12,0.998119096038906
0.9999696751416972,1.579071158795495e-26,3.032485830269546e-05
2.54527697150334e-19,0.9999993233763265,6.766236736138565e-07
0.04992180220373695,1.348564086276144e-09,0.9500781964476989
0.9999999999999769,1.174482360677017e-49,2.3134636270476294e-14
1.4127362508727398e-32,0.9999999999999829,1.713141880717925e-14
2.382816495229226e-08,0.0001191062146164327,0.9998808699572186
0.999999999942599,7.017618791002404e-41,5.7400918287387215e-11
9.141726578027101e-07,0.004296255740979061,0.9957028300863631
1.384435125299836e-28,0.9999999999981568,1.8432081312818017e-12
4.8375447540699754e-23,0.9999999967866933,3.2133067302508823e-09
0.9999985240162634,2.2655151505798874e-30,1.4759837365963265e-06
0.9999797408827698,5.384222723549557e-27,2.025911723018257e-05
2.1318965204109537e-13,0.9503095052032879,0.04969049479649902
1.1100012612499168e-23,0.9999999985425998,1.4574001892552372e-09
1.0040367953485774e-07,1.8201383259960515e-05,0.9999816982130604
3.913532628839087e-30,0.9999999999997888,2.111167818708139e-13
0.9999811863804328,1.7941000836613446e-27,1.88136195673331e-05
1.1642437753741288e-20,0.9999998498513621,1.5014863789035366e-07
2.943160918753784e-26,0.9999999999546176,4.538233333178953e-11
0.9999999999608418,1.6089479889579484e-41,3.915814653270783e-11
1.0686325874882651e-06,5.731582934734772e-07,0.9999983582091191
0.9999999999934084,1.2000649934031185e-42,6.591667272522227e-12
1.114200817972276e-22,0.9999999910451404,8.95485975418055e-09
5.880059797648242e-07,0.018180772259014467,0.9818186397350057
0.9998084077721336,1.276246803343354e-25,0.00019159222786625446
0.9999999998982985,1.526258555545048e-40,1.0170150019168989e-10
1.1074504784938172e-08,0.2570540395930247,0.7429459493324705
1.2972110731824301e-08,8.375622636578681e-05,0.9999162308015235
7.24533373225685e-13,0.9964624317126857,0.0035375682865897025
1.0111476874566989e-08,0.00021874818215536962,0.9997812417063677
3.885332647165262e-08,0.0001120525820249895,0.9998879085646485
3.7800928119211376e-07,5.122812404426893e-07,0.9999991097094784
0.9999999999963449,9.180996020072842e-45,3.655033865703673e-12
0.9999998190877298,4.1781777589838783e-32,1.8091227017927984e-07
4.161092888988664e-06,7.145201975543765e-08,0.9999957674550912
0.9846572168549694,5.378125119603753e-21,0.015342783145030585
0.9930599877891044,3.631656597868145e-21,0.006940012210895575
0.9999999999984446,1.7313045750492198e-45,1.5554399610791998e-12
3.4173890972225708e-12,0.9938531775648412,0.006146822431741461
2.3753155282756677e-21,0.9999999783084785,2.169152139634894e-08
0.9999999999999849,6.503197881392733e-50,1.502518286243865e-14
0.0010142955407867508,3.9363866675759485e-11,0.9989857044198495
5.672326674602996e-06,4.4045347888462854e-08,0.9999942836279775
0.0020092517230676176,1.1238466081229262e-11,0.9979907482656939
0.9999997846226385,5.428300033240139e-32,2.153773615425118e-07
2.408451590587719e-15,0.9979262714975532,0.002073728502444325
0.9999999962103785,1.5213272614125725e-36,3.789621554629575e-09
1.7657678081840403e-05,0.0001452952974715244,0.9998370470244465
0.9999867803974058,5.051700708854301e-28,1.321960259407626e-05
0.9996646616420144,5.41921405271294e-25,0.0003353383579856597
0.05632575267920018,1.6394217383934072e-09,0.943674245681378
7.646810111350736e-13,0.8867123301292593,0.11328766986997588
3.911009302104284e-08,9.553243329475657e-05,0.9999044284566123
1.5606443690027535e-14,0.9994804774361279,0.0005195225638565645
4.436459049978802e-05,9.325023485741497e-10,0.999955634476998
0.9998853843781353,6.596321817739318e-27,0.00011461562186455447
1.7778246135212878e-28,0.9999999999978411,2.1588446471169653e-12
0.000786051917444968,3.168700665826922e-11,0.999213948050868
9.101974760667016e-16,0.9998981996976702,0.0001018003023288235
4.800837471677622e-24,0.9999999993172575,6.827424830158561e-10
5.169769078444022e-06,0.0003016471113002717,0.9996931831196212
2.152054910323637e-17,0.9998854102187331,0.00011458978126688267
0.35361214615443215,4.885741505921922e-11,0.6463878537967104
4.2551575500990165e-09,0.570907192251405,0.4290928034934376
3.240713204281663e-23,0.9999999518111576,4.818884228709426e-08
0.9999363555730573,6.950903232726292e-27,6.364442694265301e-05
1.8317230734457468e-09,0.009329978327911511,0.9906700198403654
0.9999999999999825,3.821802277252655e-50,1.748400550521639e-14
0.9999999797649057,7.593208470919875e-35,2.0235094315715648e-08
0.9999999783107101,4.045173632968248e-34,2.1689289936448722e-08
5.716925739800376e-25,0.9999999998343927,1.656072273408892e-10
0.9836003011702577,5.934325510801352e-20,0.016399698829742213
4.805711999439781e-06,1.713105036450981e-07,0.999995022977497
7.510280196056489e-06,0.000547042779444238,0.9994454469403596
1.0697897886518898e-08,0.00012684687299415248,0.999873142429108
0.9999999999367291,5.682409041342537e-42,6.327091819698689e-11
0.9999749727342407,8.015624637055291e-27,2.5027265759264638e-05
3.8515009968076574e-29,0.9999999999989708,1.0291526162860337e-12
1.1155031254165634e-17,0.9999960264544323,3.9735455676546675e-06
1.2631786208022883e-07,0.07589609859166459,0.9241037750904734
2.5947220684762584e-13,0.9977127344774308,0.002287265522309684
7.322333984886884e-08,5.1617583291442914e-05,0.9999483091933686
0.0010091125209147976,8.373578977899812e-11,0.9989908873953494
3.452192992597205e-08,0.00014224977677966617,0.9998577157012905
0.9999635324584687,9.675839348854338e-28,3.6467541531282404e-05
0.9999995414488005,7.797351146713104e-32,4.5855119941384145e-07
0.9999995445634899,7.499451187428147e-32,4.554365099506212e-07
0.9998391173778169,4.740376609499335e-25,0.00016088262218302314
1.9027606588493864e-21,0.9999999601965428,3.980345711792129e-08
0.9998419709566475,4.528282374775866e-25,0.00015802904335247104
7.378030448520993e-08,0.08178155965593126,0.9182183665637642
1.017961820924093e-13,0.9985698958386513,0.0014301041612468782
1.629756109359973e-08,6.492602432615884e-05,0.9999350576781129
0.9999999999871259,5.508173826396787e-42,1.2874048012493533e-11
4.2117721685347094e-13,0.9275531106497555,0.07244688934982337
1.1720740349933648e-11,0.9908735432465253,0.009126456741753834
9.179065680470683e-05,1.4416135707452413e-09,0.9999082079015817
4.540962953088856e-21,0.9999999527408601,4.725914000120023e-08
4.257535014951043e-13,0.9974492584745471,0.0025507415250272223
2.241481167812719e-12,0.9943508032498044,0.0056491967479542025
4.359117647849292e-09,0.000688994610496351,0.9993110010303861
0.9997466440920795,1.178207342356218e-24,0.000253355907920462
4.695529982219853e-19,0.9999823386503607,1.7661349639432355e-05
2.473393680413176e-16,0.9999811140634298,1.8885936569945302e-05
6.861912610821659e-17,0.9999862189433323,1.3781056667833688e-05
0.9987903490121356,9.432038395586691e-23,0.001209650987864316
0.9999851391491527,4.465708898680137e-28,1.486085084728746e-05
0.9999999999870541,1.1285216082101318e-42,1.2945856917058277e-11
4.627185180962898e-05,4.747967624857558e-05,0.9999062484719418
3.8537109704829076e-17,0.9999935201244752,6.479875524845598e-06
0.9751227252732361,3.5299399034681695e-20,0.02487727472676394
1.2869547589294985e-16,0.9996035747345162,0.0003964252654836337
1.7615196454902863e-37,1.0,2.9637313514039373e-17
1.504661300293275e-07,0.0405998099167482,0.9594000396171217
0.9999999999974736,2.5892378929044124e-43,2.5264187288216885e-12
0.9999999999960738,2.6921773218381113e-43,3.926263352508233e-12
0.0013844000332870706,4.107478275556444e-11,0.9986155999256381
0.999999954627213,1.928206426724131e-34,4.537278693113693e-08
0.0002865999738572708,2.0171987131498772e-06,0.9997113828274294
1.1119390054215664e-06,9.936741159651127e-07,0.9999978943868786
3.350447117039406e-08,1.7781716881510712e-05,0.9999821847786473
0.9999999994065456,1.2368258375225563e-37,5.934544243187639e-10
0.9999998304816414,3.5714402052805624e-33,1.6951835852682508e-07
0.9818305769378143,1.2688296175555109e-20,0.018169423062185663
0.9999999999999802,4.566618522000917e-50,1.9770735428386416e-14
4.4259071455287145e-16,0.9992924998198193,0.000707500180180233
5.9545450583278035e-06,1.2113323022091907e-08,0.9999940333416185
0.9999999999999913,9.848314604547923e-51,8.618748076985376e-15
2.07938781870958e-09,0.0055896887312053825,0.9944103091894069
1.438690636605497e-06,0.00331233407740213,0.9966862272319612
4.578817179537825e-05,4.491007157994929e-09,0.9999542073371975
0.9999949756185166,5.721407775649954e-30,5.024381483393491e-06
0.9999987998453927,5.453052849375779e-30,1.2001546073297077e-06
0.00554920875400029,1.806487518019805e-12,0.9944507912441932
0.9999989021435267,5.726453603033646e-31,1.097856473210788e-06
1.2041623656249825e-35,0.9999999999999998,2.1310795201598939e-16
4.5086028131486426e-24,0.9999999988145944,1.1854054529386013e-09
0.999980701696699,8.73050721764473e-28,1.929830330110174e-05
9.026875989070017e-06,0.00018791823814067653,0.9998030548858702
2.0125640974590155e-05,1.2271135334708164e-08,0.99997986208789
1.9443524161515915e-26,0.9999999999711067,2.8893418946082276e-11
5.310372656761693e-07,8.606637686299923e-07,0.9999986082989657
3.1571138806450193e-09,0.005714649244703614,0.9942853475981824
0.9999994959570326,2.8276182843808914e-30,5.040429673008384e-07
2.6333684784609e-06,1.2734789917009206e-07,0.9999972392836224
9.22699168262523e-10,0.8612961256258649,0.138703873451436
6.8070681594467496e-09,0.0006078788241988269,0.999392114368733
0.9993274944838606,1.5299922687409096e-23,0.0006725055161392912
3.8057188067841496e-17,0.9998375771073148,0.00016242289268513904
0.9999996526172875,2.762505733757226e-32,3.473827125949902e-07
0.0008474485123968877,9.679057826386006e-11,0.9991525513908126
0.9993744844233795,1.8241067721248635e-24,0.000625515576620356
0.0005707818062256921,1.624152561689043e-10,0.999429218031359
0.015122693458811665,1.1528073455101784e-12,0.9848773065400355
0.9995598475378197,4.611518858374247e-24,0.00044015246218031515
1.980433603773481e-05,2.1676331807821956e-09,0.9999801934963292
3.0884486679506588e-30,0.9999999999997984,2.0167934232114304e-13
3.4146569704872314e-07,3.0910072543617174e-06,0.9999965675270486
0.999999999996489,1.4262527352875496e-44,3.5110114901896465e-12
4.232197458217039e-07,3.476474907909768e-06,0.9999961003053462
2.2404478681513912e-26,0.9999999999547895,4.521043439616771e-11
8.016420082062284e-10,0.005312924929125047,0.9946870742692329
7.148123090143943e-08,2.643350015043304e-05,0.9999734950186188
1.1229083004565378e-06,6.279389045882831e-07,0.9999982491527949
3.5217185427479733e-22,0.9999994284711482,5.715288518084949e-07
8.556635870349983e-06,1.6995468169930004e-08,0.9999914263686615
0.0002533640587617744,4.857253700338805e-10,0.9997466354555128
0.9999674656111576,2.6872899042785104e-27,3.253438884246947e-05
1.3722373188902847e-05,4.00554453003326e-08,0.9999862375713658
2.91877220211219e-11,0.9839408432010976,0.016059156769714606
1.5567506884519867e-05,5.45038634613982e-09,0.999984427042729
9.167959633265979e-27,0.9999999999812694,1.8730560786989564e-11
4.70638747661308e-24,0.9999999995011197,4.98880305315158e-10
2.1646552455086754e-20,0.9999998960894053,1.0391059473468761e-07
0.003302050305372257,5.5635196503654675e-11,0.9966979496389926
1.5283652045274202e-05,8.881595360694882e-09,0.9999847074663593
1.8378300189142137e-07,0.02430692781999608,0.975692888397002
0.9999999999751716,1.9275973870651368e-41,2.4828456661583875e-11
7.180538075796942e-05,3.493407481786386e-05,0.9998932605444243
1.674604013984544e-09,0.6511920224165458,0.34880797590885015
0.0006350429852408907,2.7569898963168407e-10,0.9993649567390601
5.26047156205298e-07,0.015176195769532044,0.9848232781833117
8.61643623238179e-21,0.9999971621574124,2.8378425876492467e-06
0.9999999999709983,2.9557981950380343e-42,2.9001587355666915e-11
1.966472510804481e-10,0.9573256411961464,0.04267435860720642
1.966697938978682e-22,0.9999999885829528,1.1417047093817507e-08
1.126508602239342e-27,0.9999999999905331,9.466892361244787e-12
3.6971355788153e-05,6.43190083471066e-09,0.999963022212311
5.6695837073145634e-08,3.587260053642541e-05,0.9999640707036264
4.756068015783666e-14,0.9994420655298744,0.000557934470078096
0.9999999999918334,1.8257823589199013e-43,8.166503445787806e-12
4.240142923646792e-06,1.7321004185537907e-07,0.9999955866470345
0.005663212204923583,1.0162527127242671e-12,0.9943367877940603
5.4425295234183826e-21,0.9999976433505626,2.3566494372862405e-06
1.7044901217835672e-32,0.9999999999999856,1.4402347730890957e-14
0.9999999605595447,4.914120203727569e-34,3.944045526804608e-08
0.9999995654953681,4.554581142616453e-31,4.345046320356127e-07
0.9999999854535808,1.7179224894430387e-34,1.4546419196299035e-08
0.9999999991565984,1.6179035604152998e-37,8.434016044726481e-10
8.257598103160747e-18,0.9999963129132854,3.6870867146652344e-06
4.434597664361835e-31,0.9999999999999323,6.776960350107752e-14
3.655745254909331e-07,1.6346414595430668e-06,0.999997999784015
2.5806963609235568e-33,0.9999999999999964,3.5150566293544946e-15
2.2313091229179807e-23,0.9999999968822024,3.1177974687010417e-09
0.999942673878676,3.9566306735164515e-26,5.7326121323982564e-05
0.9999999984566057,1.97760535718516e-37,1.54339438591436e-09
0.9999473366658836,3.87058986027192e-27,5.266333411630019e-05
2.790799567266326e-06,0.0019655952502933686,0.9980316139501394
3.422987665143976e-27,0.9999999999912876,8.712382023226587e-12
0.00010124338586314781,3.121384235038391e-09,0.9998987534927527
7.560836897696576e-07,0.0049526111242257235,0.9950466327920845
0.9999999998400815,1.1233982113480187e-39,1.5991854794462862e-10
0.9998113819217259,6.331601975090474e-25,0.0001886180782739869
1.9210692449218362e-33,0.9999999999999969,3.034454431927602e-15
4.3883704035782056e-08,0.2642842157593995,0.7357157403568966
0.9850588293859267,5.376324284626657e-21,0.014941170614073348
3.875399658998873e-23,0.9999999960597672,3.94023268937878e-09
3.315276130880295e-29,0.9999999999990394,9.604733747480185e-13
0.9999997405049635,3.0474729866875286e-32,2.594950364940518e-07
2.5316536958294964e-07,0.007332631284558687,0.9926671155500717
1.3515132639269058e-21,0.9999999843498544,1.5650145666786753e-08
0.9998944810763352,3.105471004800371e-25,0.00010551892366484718
0.00030811120073969523,1.6456016365468874e-06,0.9996902431976238
2.624950805476704e-18,0.9999461368079106,5.38631920894223e-05
0.9987582731487675,4.2229708008403903e-22,0.0012417268512325257
0.999996723567875,3.1136364099336075e-29,3.276432125087432e-06
7.429194361029792e-29,0.9999999999991145,8.856028155745628e-13
0.999999999999978,9.143620598468672e-50,2.2090473348603605e-14
0.9999990167435966,8.425474726542084e-31,9.832564033522724e-07
0.00026133778786983165,7.266587732442376e-10,0.9997386614854713
0.9999999999865437,2.645182837051657e-42,1.345637088339954e-11
0.9999999474055689,2.724222744050127e-34,5.259443118098562e-08
0.999999999999952,2.3781511608518002e-49,4.790357465940256e-14
1.7377399447822822e-07,1.4184586435416253e-06,0.9999984077673619
7.744767908505554e-18,0.9999980903343832,1.909665616746819e-06
1.8686237668709154e-07,1.348729775574806e-05,0.9999863258398675
0.0002106363495366517,6.030564880130853e-06,0.9997833330855833
2.007243504708202e-35,0.9999999999999998,2.619366526498557e-16
4.449381524897036e-23,0.9999999965307247,3.4692753742359353e-09
0.000380411915956381,8.822373794450507e-11,0.99961958799582
5.245788486210025e-06,6.37357679101698e-08,0.999994690475746
2.432315143499621e-07,1.5333526568445346e-06,0.9999982234158288
2.1791198096344107e-29,0.9999999999996032,3.9677795955589384e-13
0.999999971949236,2.275812696291918e-34,2.8050763962826366e-08
1.373744034628874e-21,0.9999993760861992,6.23913800788438e-07
5.784963914437252e-09,0.001043696937725914,0.9989562972773103
1.146496044391439e-06,8.17862061047892e-07,0.9999980356418945
1.4310104063134847e-12,0.9948174389435981,0.005182561054970954
0.9999999999999876,4.501659909286289e-50,1.2341576044403134e-14
0.9997532073042961,3.0149689455363912e-25,0.0002467926957038911
5.091104905427225e-06,1.1745242667868864e-07,0.9999947914426679
9.198764947291898e-29,0.9999999999983948,1.6051284458274101e-12
4.993213310663351e-24,0.9999999992657871,7.342128551839244e-10
0.999999999999984,6.345447008960773e-50,1.605145576045368e-14
3.938181513386486e-06,4.815035623986814e-08,0.9999960136681304
2.1371465553644663e-06,5.546011620368329e-08,0.9999978073933284
2.5003946281757377e-14,0.9989547030003052,0.0010452969996698923
0.9999530704282852,2.7336062080315837e-26,4.692957171492176e-05
0.0008086824597770939,6.745244528661415e-11,0.9991913174727705
1.4753501659531755e-14,0.9996519349254658,0.00034806507451963346
2.3850987171052343e-06,1.4800359045113065e-07,0.9999974668976925
0.9935793495299713,2.8813649120410133e-21,0.006420650470028775
2.500622543371828e-19,0.9999989926380679,1.0073619320400404e-06
1.220724158561924e-27,0.9999999998241729,1.7582708246362497e-10
5.699361294333411e-10,0.012399432221820286,0.9876005672082435
0.9999964405310444,3.2382288280591596e-29,3.5594689556744137e-06
4.335597406735876e-19,0.999999292710164,7.07289836147661e-07
2.1819363898070384e-05,9.641132052177425e-05,0.99988176931558
0.9995911591100284,6.964999273976281e-24,0.000408840889971498
0.9968978570399669,7.709675746081858e-23,0.0031021429600331728
1.453605024191266e-06,6.797290640347993e-07,0.9999978666659118
1.9608354996571722e-15,0.9999287689168391,7.123108315882052e-05
0.999436486114723,2.795755286904436e-23,0.0005635138852770445
0.9999999450274292,1.419437727999961e-33,5.4972570725860755e-08
0.00044608361245968773,8.68546570238007e-11,0.9995539163006857
6.282403720964122e-09,0.0007704098088030617,0.9992295839087932
2.801556800523367e-10,0.04203535714233783,0.9579646425775065
0.9999838064862584,5.111021008042466e-28,1.619351374168329e-05
7.542918883656534e-07,0.001854323732251164,0.9981449219758606
0.9999999999697953,2.1479211079913132e-42,3.0204756923452075e-11
1.6044046779372427e-15,0.998279754063494,0.001720245936504425
0.9999993152029265,7.780167845194557e-32,6.847970734753988e-07
0.9999151657405836,4.0995740433123787e-26,8.4834259416399e-05
4.193379844489705e-09,0.003220018967163081,0.9967799768394571
0.9999293698364724,1.7333388698920196e-25,7.063016352766667e-05
3.867920267770672e-05,7.497364171717273e-09,0.9999613132999582
2.6096419927277377e-19,0.99999915946274,8.405372599853462e-07
8.936632867233652e-10,0.8362590005629795,0.16374099854335733
0.9999999999992875,2.1816847021917117e-46,7.124716915958499e-13
3.3046634256982022e-22,0.9999999919321895,8.067810623931946e-09
9.444587534276446e-08,3.972772184929043e-06,0.9999959327819397
3.6663550041246205e-09,0.0012767637615285212,0.9987232325721165
0.9999655290797833,5.628347381258793e-27,3.447092021662501e-05
0.00021221960118411902,5.874240400081193e-10,0.9997877798113919
1.6868954136792367e-05,7.400989462666379e-09,0.9999831236448737
3.66622780281327e-06,7.38114177216386e-08,0.9999962599607795
8.150300541109367e-08,2.0070097905589786e-05,0.9999798483990889
2.5640416813625134e-06,1.84293921937766e-07,0.9999972516643968
1.5936707121962812e-07,7.92938510870574e-06,0.99999191124782
0.9999682728926255,5.184911672621742e-27,3.172710737461555e-05
0.9999999998946918,2.1221235008263312e-39,1.0530821142259707e-10
2.1798829511995029e-07,2.5827048279786954e-06,0.999997199306877
3.005949370126794e-09,0.0006588632480739878,0.9993411337459767
0.9999943429828407,4.2381159497639455e-28,5.657017159202602e-06
0.9999999999999922,5.972484912690302e-51,7.7849180975824e-15
0.999999998933427,4.782610005751845e-38,1.066573070428665e-09
1.0377431684897898e-08,0.00020336772991913537,0.9997966218926493
0.005817393497228557,4.5141875361475605e-12,0.9941826064982574
0.9990035892316728,1.2662043439308435e-23,0.0009964107683273695
5.284287994537658e-37,1.0,2.414764836297842e-17
9.964732115897324e-21,0.9999979303542232,2.069645776771129e-06
2.586770823472808e-10,0.020101159339950506,0.9798988404013725
1.565886394249834e-36,1.0,3.1544440663889566e-17
1.5404847979982412e-19,0.9999995541888822,4.458111177873291e-07
0.9999229751987331,7.593999631360719e-27,7.702480126689248e-05
5.236319071649145e-18,0.9999552640379664,4.473596203355382e-05
0.1828016338411123,3.71932238693387e-14,0.8171983661588504
2.8833337031418277e-07,7.114879456734256e-06,0.999992596787173
0.9999999999837088,1.343154374095841e-41,1.629118923778118e-11
2.2666105980475356e-06,0.004071637093219233,0.9959260962961827
7.580528514423719e-10,0.007428786496133025,0.9925712127458142
5.01776920084771e-28,0.9999999999172331,8.276692598765068e-11
4.322308984519647e-05,5.403330957713427e-10,0.9999567763698217
8.682432412980327e-36,0.9999999999999998,1.4920194523151715e-16
0.9999999979592564,2.1903945280219488e-36,2.0407435186575447e-09
4.4060087337314356e-20,0.9999998421450906,1.5785490937262583e-07
4.289791776062053e-08,9.525217839883898e-05,0.9999047049236834
2.0545970230643396e-31,0.9999999999999567,4.3332389295668326e-14
3.453923914557166e-05,2.659814692128387e-09,0.9999654581010398
3.7013741854608255e-29,0.9999999999599642,4.003566335033323e-11
9.016323069786282e-09,0.0008454391217112804,0.9991545518619657
2.4138152842527268e-08,0.30304769693519296,0.6969522789266541
0.0015687200413715759,1.1267057533717725e-11,0.9984312799473615
0.9999999999953222,1.9273628001638407e-44,4.677910584789305e-12
0.9999999993846231,1.8461827573219026e-38,6.153767853362212e-10
1.0668593219218074e-05,9.64360930392854e-09,0.9999893217631716
0.9999986576295105,3.5380825016709635e-31,1.3423704895136919e-06
1.197911933584502e-20,0.9999998663196222,1.3368037773995658e-07
0.9999999999925857,1.2741381876679783e-42,7.414334424756189e-12
0.02086314109499297,1.7332335625994478e-12,0.9791368589032738
9.307692484881293e-23,0.9999999925016109,7.498389205981638e-09
1.6942307089414195e-17,0.999990437005237,9.562994762924937e-06
2.235798255944674e-07,5.0665599806038015e-06,0.9999947098601939
0.9999999964898425,2.8476617065842676e-36,3.5101574526366306e-09
8.844919511888237e-05,8.102665977749445e-09,0.9999115427022153
0.9880271764893013,3.721718829416171e-21,0.01197282351069877
1.9006700583057965e-25,0.9999999998734215,1.2657859104265684e-10
6.450307941349657e-26,0.9999999999142284,8.577171688202337e-11
2.511327616443267e-14,0.9997841976669953,0.00021580233297951543
0.999999945092766,1.2770853754604942e-33,5.4907233939327114e-08
1.7669492589256028e-08,0.0010522578629028664,0.9989477244676045
1.9172797716139342e-22,0.9999999892005408,1.0799459150437355e-08
0.0003905294293558315,2.67617110186235e-10,0.999609470303027
1.7208260007099675e-10,0.904884708489039,0.09511529133887846
0.9999873229091863,7.3927174495172e-29,1.2677090813628582e-05
2.3009005062721376e-08,9.330268010491895e-05,0.99990667431089
9.488117351251508e-27,0.9999999999821423,1.785776324742006e-11
4.2500738107953136e-29,0.9999999999990494,9.504867122043668e-13
2.219684442768151e-24,0.9999999994783126,5.216873569819918e-10
0.9955521212135714,1.469670154250671e-20,0.004447878786428516
0.9999999999925753,1.2652938269246584e-42,7.424746302085177e-12
0.999998880112696,1.2119409855348813e-30,1.1198873040616792e-06
0.0007637641345538476,1.785685589649437e-07,0.9992360572968871
4.3731568102553455e-17,0.9999856226866163,1.4377313383655499e-05
0.999999997620965,1.2644373967708586e-36,2.3790349725465853e-09
2.8192471039531003e-12,0.99265716594798,0.0073428340492005546
1.0151017344969184e-09,0.7781863140592475,0.22181368492565065
0.9999997724793634,6.677933669718452e-32,2.275206364937862e-07
0.999999999999895,3.0141813695108574e-48,1.0492068790185008e-13
0.9999671824868339,2.3560717852713774e-27,3.281751316593304e-05
7.79363130411667e-17,0.9997744238694188,0.00022557613058109388
9.528718138186536e-24,0.9999999984291839,1.5708162023172875e-09
3.4210538686652305e-23,0.9999999972082843,2.7917157770580608e-09
0.9999923835636789,4.8185523274029115e-29,7.616436321154855e-06
5.067996036631709e-05,2.9724085650593055e-05,0.999919595953983
1.1585974917097009e-36,1.0,4.0862464755097824e-17
1.917915330166862e-20,0.99999990797774,9.202225995580486e-08
0.9989360179732518,7.550121551970686e-23,0.0010639820267480903
7.24474086682979e-21,0.999999943757961,5.624203895760435e-08
1.4974078004626065e-19,0.9999877795402901,1.2220459709828603e-05
2.5972577134125005e-08,0.0001684960496037076,0.9998314779778192
4.963649575218266e-10,0.8618850891369786,0.13811491036665643
0.9999999954651808,6.722718242453837e-36,4.534819213164559e-09
0.9988298653247255,6.595150432419008e-23,0.001170134675274491
1.838593571980193e-06,8.761827942172233e-07,0.9999972852236337
0.0033785558034603856,1.2730950069731263e-11,0.9966214441838086
2.925421066517265e-23,0.9999999971305575,2.869442414794544e-09
9.115330232113041e-05,2.236265031371174e-09,0.9999088444614139
2.1544588098277206e-37,1.0,1.7533787502898864e-17
0.9999920974201747,1.5342472374835822e-27,7.902579825276915e-06
2.22704242798648e-24,0.9999999918776633,8.122336714508344e-09
0.00022788521216798752,3.7120090825264753e-10,0.999772114416631
2.5064944761737913e-05,5.7108059883808115e-09,0.9999749293444323
4.0585199685837615e-18,0.9999968496970589,3.1503029411162368e-06
8.467871873097326e-07,3.099784248836369e-07,0.9999988432343879
3.0043795929005838e-15,0.9998791105200633,0.00012088947993358188
4.189643581912397e-20,0.9999998889748499,1.1102514996959695e-07
0.9999999925883896,2.265986389761757e-35,7.411610341404842e-09
5.616668436674636e-37,1.0,2.985423730560376e-17
9.725990206846279e-08,1.139003903590994e-05,0.9999885127010619
0.9980763559029285,1.3085089258381114e-22,0.0019236440970714936
0.9999679763434115,5.160860449796045e-28,3.202365658850742e-05
5.576664155993812e-16,0.9999432918300338,5.670816996555726e-05
0.008387424455632017,1.9809107231285886e-12,0.9916125755423871
0.9999999999877711,1.435421632516771e-42,1.2228817083245583e-11
0.9996271388473081,3.730888070326853e-25,0.00037286115269184256
1.374416719770842e-15,0.9999477936290266,5.22063709720112e-05
0.9999999999486171,7.751012673855182e-42,5.138293174396571e-11
2.6156190309648194e-06,0.00036999939083094636,0.999627384990138
1.1598515493672801e-35,0.9999999999999998,1.3510995304816152e-16
1.1017823723453784e-05,2.8116342447458986e-08,0.999988954059934
0.9999903326143167,1.3308514061520082e-27,9.667385683204431e-06
0.9690939400592872,1.7291640855185497e-19,0.03090605994071283
7.479922309886484e-10,0.014383213214542768,0.985616786037465
3.2762315249260633e-25,0.9999999909990124,9.00098764738777e-09
0.0013077762952748604,2.6573997621220183e-07,0.998691957964749
7.926867880853901e-08,0.07923859173605131,0.9207613289952699
4.754772183892591e-19,0.9999994759825676,5.240174323157477e-07
0.9999844413913755,1.458858843853801e-28,1.555860862431517e-05
0.9999999999981026,7.296053018226831e-44,1.8974205594557404e-12
0.9998188560270183,1.3304782805911009e-24,0.00018114397298177342
0.0009500661266037071,2.76999323118628e-07,0.9990496568740731
1.7851583557331976e-12,0.9955906098312837,0.004409390166931177
0.0003498911635477712,8.003612199280375e-11,0.9996501087564161
2.2811311522020577e-26,0.9999999999490372,5.0962864410074404e-11
1.9164076690505842e-05,1.0550199502613342e-08,0.9999808253731101
0.9999999999999953,4.081541477020862e-51,4.600301314335067e-15
0.9999881593012658,1.100064358311012e-27,1.1840698734182978e-05
1.9846948860487533e-07,0.05263885168197023,0.9473609498485411
0.0032100989599460703,5.2599431547357206e-12,0.996789901034794
0.999999997421017,1.385605584150803e-36,2.578982964180271e-09
0.9999999968070798,9.604088679805368e-37,3.1929200421243863e-09
1.1908114995149772e-08,0.0002944105047076501,0.9997055775871774
7.117217388272301e-07,0.008941589005853113,0.991057699272408
0.00031665433436658025,1.4965670557316315e-10,0.9996833455159768
1.1596138316996411e-18,0.999998454399471,1.5456005289675237e-06
1.2740355560463674e-06,2.96726101667951e-07,0.9999984292383423
0.9999999999952354,1.3033691485403738e-42,4.7646890613748545e-12
1.293784081366725e-09,0.0031355878228290735,0.9968644108833868
4.312870581447756e-10,0.06284924114273961,0.9371507584259734
6.330056415855374e-06,0.002135208582050482,0.9978584613615336
3.88533748227626e-14,0.9996697826829913,0.00033021731696978793
0.9999999999999034,2.3061574378482963e-48,9.66998735675516e-14
1.602742965536531e-13,0.9991440887328598,0.000855911266980097
0.9999799270030136,2.4544956152344326e-28,2.0072996986236278e-05
8.949442664077854e-18,0.9997828743120689,0.0002171256879310739
7.054852076271521e-20,0.9999996172178809,3.8278211912940477e-07
9.543491468813737e-34,0.9999999999999976,2.4641321475110666e-15
0.9999999999933431,8.604587876690119e-43,6.656975960068589e-12
0.9999286945056431,1.0379256288787376e-26,7.130549435676282e-05
1.2461859334685626e-13,0.9743783923367465,0.02562160766312894
1.4014488153088082e-13,0.9543861825282987,0.0456138174715613
0.9999930205125879,1.2893796488303003e-28,6.979487412231528e-06
0.004354213173867979,2.880323729942594e-12,0.9956457868232517
1.2937753749035207e-24,0.999999999523755,4.76245071918419e-10
0.9999093261651794,1.065077890771861e-25,9.067383482065282e-05
1.54542002674133e-35,0.9999999999999998,1.6398282764163782e-16
3.744405105186296e-33,0.9999999999999953,4.694187596593686e-15
1.8273043434946134e-07,3.5283820104803784e-06,0.9999962888875552
9.376219189321148e-26,0.9999999999353617,6.463821474195045e-11
3.879817797156985e-25,0.999999999830999,1.6900104415149169e-10
0.9999999999888429,3.557447986384653e-42,1.1157030299182855e-11
5.487906978023095e-36,1.0,7.47108515478108e-17
1.3942594853892196e-05,5.2090894419395346e-08,0.9999860053142517
0.014264290859480945,6.871389720602131e-12,0.9857357091336476
1.6982692947204308e-05,0.00025727721676877994,0.9997257400902839
2.9265218408204624e-17,0.9999940961694749,5.903830525203915e-06
4.471676040080496e-16,0.9993078162016429,0.0006921837983567138
0.9999999363994643,3.666297464369688e-33,6.360053559465187e-08
0.9999999788437544,3.3704923270875165e-34,2.115624567278632e-08
0.9939625731756453,4.559062546571369e-21,0.0060374268243547895
5.796394735266301e-06,4.22785935347558e-08,0.9999941613266712
0.9998027989339578,9.071613609962965e-26,0.00019720106604218305
3.725559970841523e-21,0.9999999385574188,6.144258122283877e-08
3.542977819506516e-08,4.4091658038772576e-05,0.999955872912183
5.4239828300387274e-36,0.9999999999999998,1.419866804289325e-16
0.9999987031070223,3.5363497168780575e-30,1.2968929776420402e-06
1.3626214038028802e-09,0.7882893889374027,0.2117106096999758
1.6541290595418934e-24,0.9999999995345179,4.6548219088230937e-10
1.214780876412918e-10,0.9608923945072252,0.03910760537129667
1.640209323134912e-17,0.9999958195010532,4.180498946777191e-06
0.9999999999999825,4.603181204782943e-50,1.7526331419190717e-14
0.9999996732829747,5.134436702061114e-31,3.267170252097632e-07
0.5988465598242854,7.05760877984637e-12,0.40115344016865706
0.9999999465876253,3.6194746859934797e-34,5.341237473906578e-08
4.276970654872041e-26,0.9999999999556821,4.431782493110219e-11
0.9999999999631632,7.165874375433262e-41,3.68367945069545e-11
0.003519926050406678,1.8815795823413346e-11,0.9964800739307774
0.9999999999979856,6.509563015971684e-44,2.0143193963142236e-12
2.174854565141413e-25,0.999999999835802,1.641978945884603e-10
2.668756865287501e-30,0.9999999999997764,2.2358359875680532e-13
6.652061405896891e-25,0.9999999998198768,1.8012334157224836e-10
0.9999999999996072,1.1372638947269581e-46,3.92724714044375e-13
0.999999999999978,3.737319951408183e-50,2.1926465306230635e-14
1.366346744716519e-06,7.157174355985471e-07,0.9999979179358196
0.44806333845552054,3.243071921073347e-15,0.5519366615444762
1.3581925423364663e-06,3.9567133543775517e-07,0.9999982461361222
2.50100395471477e-14,0.9995892969317657,0.0004107030682091893
0.00012697820903236472,4.398025524616584e-10,0.9998730213511651
0.999828330089446,3.6099869753132427e-25,0.00017166991055389108
5.989188700942217e-07,6.966847771363781e-07,0.9999987043963526
3.006459991929539e-08,0.00019636159488885813,0.9998036083405112
0.9999999999816815,1.3316135500009524e-42,1.831838670368999e-11
4.682982782521816e-06,7.834608182190694e-08,0.9999952386711357
0.9999885621789258,4.157927308027823e-28,1.1437821074240042e-05
0.9999748069060684,7.78649702105387e-28,2.5193093931559502e-05
0.0006497834750801773,1.5723122569241217e-10,0.9993502163676885
1.7049365865375257e-08,3.250262546088699e-05,0.9999674803251732
1.4728111291440419e-18,0.9999576416378199,4.235836218014785e-05
0.9971274672916971,5.774709640398847e-22,0.002872532708302851
2.476200378231176e-07,0.03190748190135879,0.9680922704786035
1.2242781803660979e-15,0.9999377821907371,6.221780926158453e-05
4.711839613513987e-16,0.9999728018967287,2.7198103270827233e-05
2.5836958905268904e-25,0.9999999969587203,3.0412795549515796e-09
1.7318991232491104e-10,0.9077609981754587,0.09223900165135133
0.9999993685576877,1.5291997492671872e-30,6.31442312193778e-07
0.9999999999743494,1.7800001016534673e-41,2.565053480197431e-11
8.667056907379967e-11,0.29463068338264736,0.705369316530682
2.3389043902485762e-09,0.7389140787680514,0.26108591889304417
0.9999869654630141,1.1734289379404877e-27,1.3034536985894982e-05
0.9999996348439727,1.1116832842979456e-31,3.651560273875176e-07
3.222545831861315e-17,0.999610221489351,0.00038977851064902396
1.727772332316134e-09,0.007469760614614413,0.9925302376576132
9.667429047131729e-32,0.9999999999995899,4.1020483841176107e-13
4.962895247215387e-24,0.999999998918311,1.081688919706232e-09
0.9999999999845763,2.324037154040158e-42,1.5423551410727513e-11
0.9999831893382434,5.034933832098151e-27,1.681066175660147e-05
1.8377583304904513e-19,0.9999992311339917,7.688660082841693e-07
0.004020141029960172,4.330261810404996e-12,0.9959798589657096
0.9994182907135589,1.2693457853694758e-24,0.0005817092864410646
0.9999999999995692,4.854157251901056e-47,4.3081269741829343e-13
2.411652833137184e-05,6.418896072436289e-09,0.9999758770527726
1.153756725375745e-11,0.679921760563321,0.3200782394251415
0.9999999999716012,8.268388108170705e-41,2.839891194039458e-11
2.418090694881307e-07,6.074473826408665e-06,0.999993683717104
0.9999999701431144,6.3795526369310405e-34,2.98568856013498e-08
1.7586048467730621e-19,0.9999995863034037,4.1369659644535605e-07
0.9897722113530479,1.0505525734073729e-20,0.010227788646952049
1.855637932007851e-05,2.1106201081607143e-08,0.9999814225144789
2.5716294770591036e-09,0.0007155809086664661,0.9992844165197039
0.9999999999955158,2.5319135884044183e-43,4.484168775057912e-12
3.1280763232530516e-27,0.9999999999874603,1.2539742766610542e-11
0.9999384495558982,1.3048285416244567e-26,6.155044410173722e-05
0.9999998645500426,3.275483578195826e-32,1.354499574116625e-07
0.9857593478433787,1.8195287052461755e-20,0.014240652156621172
0.9999805341558412,3.0220117553192507e-28,1.9465844158707804e-05
2.467661755501463e-06,0.0005767102602919936,0.9994208220779526
0.9999999999958864,4.928910087903694e-43,4.1135577256650035e-12
0.9999925859221162,4.81989217218245e-28,7.414077883913922e-06
0.9999616132684734,3.840049398521881e-27,3.8386731526624454e-05
0.9999059376331219,1.2358652986359908e-26,9.406236687824782e-05
3.0390455151343e-08,0.00018260930017059977,0.9998173603093743
5.464763552628087e-06,5.060640598981544e-08,0.9999944846300413
4.706384604241003e-05,9.614811635344944e-09,0.9999529265391459
3.4457219451817455e-08,4.979706926814697e-05,0.9999501684735125
6.198685419830569e-16,0.9999616909920258,3.830900797345933e-05
2.3187156981851993e-30,0.9999999999998659,1.3405050569660197e-13
2.8819296078341206e-14,0.9993261281743284,0.0006738718256426421
1.277237717698685e-05,2.6757039159715628e-08,0.9999872008657839
0.9999994585602682,2.2345554327077885e-32,5.414397319020603e-07
0.019745070923004454,3.0471688681219994e-09,0.9802549260298268
9.353308843209824e-08,0.12288943073104418,0.8771104757358673
3.8314374502109104e-19,0.9999995727613429,4.2723865709523737e-07
4.989194790710785e-36,0.9999999999999998,1.1280995881888966e-16
1.9451271752970637e-08,6.208445538534414e-05,0.9999378960933428
1.746281326178544e-24,0.9999999995973812,4.026188131603283e-10
8.951070949879401e-20,0.9999995940047458,4.059952543157958e-07
2.3020995805891255e-22,0.9999999938578596,6.142140401993287e-09
0.00041184088276049704,2.286577394332678e-10,0.9995881588885818
1.539511288194332e-26,0.9999999999727456,2.7254481756377753e-11
3.282780048261887e-18,0.9999981107314415,1.8892685585953065e-06
0.9999527352583522,2.3603969640589128e-26,4.726474164789629e-05
1.0865818312542333e-16,0.9999888400064638,1.11599935361086e-05
0.9999990157955626,2.5136392120306673e-30,9.842044373892558e-07
1.69243451728924e-18,0.9999982760121245,1.723987875492937e-06
0.9999862817346777,1.3665393351406545e-27,1.3718265322301696e-05
1.182517225024056e-32,0.9999999999999918,8.159866161558242e-15
6.246828784624645e-35,0.9999999999999993,5.842083841026422e-16
0.9999999999956664,3.456030110388974e-43,4.333643125593874e-12
1.6776331294485681e-09,0.012639678227889011,0.9873603200944777
1.7996660381934665e-09,0.6492872248823323,0.35071277331800177
6.126539860315344e-10,0.007810240780673124,0.9921897586066729
0.9999999894260739,2.4204788732860856e-34,1.0573926095207596e-08
8.66891489437073e-28,0.9999999999933407,6.6593556068340886e-12
1.2024869373860205e-06,1.372395341477068e-06,0.999997425117721
5.5497660489955176e-05,4.264013103438061e-05,0.9999018622084755
0.0058372917612884755,1.1547141479848427e-11,0.9941627082271642
1.6208275773996145e-08,0.00030072719520106883,0.9996992565965231
1.5522298312288846e-15,0.9976551053804346,0.0023448946195637793
5.440479784325992e-22,0.9999992117727925,7.882272075150458e-07
0.9954016362319678,7.952057442190981e-22,0.004598363768032266
0.002515545761815846,1.099602901730502e-11,0.9974844542271881
9.375842128344523e-13,0.9967175905195925,0.0032824094794699737
1.816443030396229e-26,0.9999999999691838,3.0816221812484915e-11
0.9999999999977374,1.8520987639632038e-45,2.2626393762384333e-12
2.754536483389509e-17,0.999983579785602,1.6420214398008938e-05
3.377027925034786e-21,0.9999999666956161,3.330438399904618e-08
6.327374477613907e-07,0.020559195812047928,0.9794401714505042
0.9997910003195694,4.739031924948906e-25,0.00020899968043069806
3.277719523007802e-07,9.82667619014204e-06,0.9999898455518575
0.9999999995691813,1.7530806390190473e-39,4.308186180405053e-10
0.000693069541215608,1.1338447182851368e-10,0.9993069303453999
0.9999985394577307,7.136189339512764e-30,1.460542269445979e-06
0.9999990233472962,6.836051292766246e-29,9.766527037747454e-07
0.9999998986774881,2.8594955223627764e-32,1.0132251186809657e-07
8.201956926599616e-06,6.37482035769445e-08,0.9999917342948699
0.9999999999678071,2.3156624659974535e-41,3.2192952749059736e-11
0.9949297037780417,2.2752817057168445e-16,0.005070296221958051
1.4964447564980727e-30,0.9999999999955795,4.420461811180034e-12
0.999999966572128,2.1344204245463216e-34,3.342787191998722e-08
1.2389970628996323e-22,0.9999999934962598,6.503740248607256e-09
2.713069521309505e-05,3.484844855164731e-08,0.9999728344563383
0.9999999999845093,2.1605956972770929e-41,1.5490720185550145e-11
1.4917491661503345e-08,0.0004274422584299335,0.9995725428240784
0.9988551630296092,2.6465658176146437e-22,0.0011448369703907586
1.6295876342505871e-06,6.47917658663628e-08,0.9999983056206
6.535352004184987e-19,0.999999366864407,6.331355930519002e-07
0.9999989642840497,1.736723435820119e-30,1.035715950315258e-06
1.797462679205748e-09,0.6966926470084175,0.30330735119411983
0.9999999999322033,4.023580764545884e-40,6.779672753927268e-11
0.9999826734021505,4.745881341648114e-28,1.732659784952829e-05
4.6904000795107347e-07,1.3388931717041718e-06,0.9999981920668203
5.898786316038707e-07,0.005750915187109463,0.9942484949342589
1.4963021999644173e-23,0.999999998927527,1.0724729227284252e-09
0.9999613004225638,1.4203505203307424e-26,3.869957743617739e-05
3.65740495368724e-20,0.9999998944864992,1.0551350082767159e-07
0.9999999999953313,4.657560880516046e-43,4.668663350793149e-12
0.9999999998811435,5.932885448689822e-40,1.1885641611227637e-10
6.11688270147741e-05,8.833755350020697e-10,0.9999388302896098
5.9242829780432545e-15,0.9998597705106527,0.0001402294893412459
1.4705999246288418e-06,4.2556987211902743e-07,0.9999981038302032
5.8336083465303776e-15,0.999893258335412,0.0001067416645823115
2.868964974717154e-09,0.0049829781659700935,0.995017018965065
3.3061936491374606e-15,0.9999128745423544,8.712545764220539e-05
3.9792110489410236e-08,7.646312489150145e-05,0.9999234970829981
0.005123075863592297,2.6866556470675358e-11,0.9948769241095411
4.662673838340966e-27,0.9999999999818316,1.816838418278105e-11
5.217219210157151e-25,0.9999999996198548,3.8014528170751786e-10
0.0014189386538171335,7.332966481397292e-11,0.9985810612728532
7.277700185936264e-18,0.9999965276670463,3.472332953697034e-06
0.9999998666571848,3.3914906502724416e-33,1.3334281531512746e-07
0.999992275315095,3.4120389576883476e-29,7.724684904955537e-06
0.9999999999583564,4.8125256408138685e-42,4.16434867387403e-11
0.9999178165615966,1.2385223275368855e-26,8.218343840338604e-05
0.996881298618738,2.0312648602546573e-22,0.0031187013812620863
2.9671265289958806e-30,0.999999999999853,1.469916605368037e-13
4.446774761122797e-12,0.9885686518500606,0.011431348145492687
8.118295251113093e-09,0.41520726284160103,0.5847927290401038
4.156824530425787e-06,0.0003419838515202021,0.9996538593239495
1.0573038144279144e-06,0.006329099057895394,0.9936698436382903
8.845019134210604e-37,1.0,3.3033858104180573e-17
1.680194349109582e-08,0.3338319866501606,0.6661679965478959
8.624228450493235e-05,1.746463770566725e-09,0.9999137559690313
1.3157799321606641e-30,0.9999999999998928,1.0728819383372888e-13
1.3433827020856455e-21,0.9999988315182771,1.168481723012596e-06
9.429745166803603e-26,0.9999999999471443,5.2855656986942165e-11
9.203304978745339e-09,0.00011284605048812201,0.9998871447462069
1.4457308950457903e-33,0.9999999999999971,2.909538060909496e-15
2.0166269385162476e-17,0.9999899827918406,1.0017208159356767e-05
0.9999999999916218,5.049137062327313e-44,8.37821005023949e-12
3.157783540991312e-17,0.9999891033131135,1.0896686886447603e-05
0.9999998043765334,3.6574911392204486e-33,1.9562346672266728e-07
0.9999999999952665,5.294814786756457e-43,4.733575662477238e-12
2.0066284962112234e-23,0.9999999987012407,1.2987592328163112e-09
4.14649285313599e-12,0.9919236864360121,0.008076313559841399
0.9999999999813329,2.2014351131787243e-41,1.866699148567269e-11
0.0290266458938125,4.395675544284528e-09,0.9709733497105119
1.230642681935814e-31,0.9999999999999656,3.4412189363217157e-14
8.405291267747678e-05,2.3619453410447965e-09,0.9999159447253773
2.7571880148864026e-34,0.9999999999999991,8.759896378947836e-16
3.614860430692424e-06,6.386716441050227e-08,0.9999963212724049
0.9928582557816755,5.027867283015475e-21,0.007141744218324458
2.91155547215729e-36,1.0,1.0892969491475469e-16
0.9999999999999918,6.6315137815715e-51,8.283905718857273e-15
2.5888077188309892e-06,9.725221737338684e-07,0.9999964386701073
5.948595319397081e-06,3.7772905991910134e-08,0.9999940136317745
3.5594456049018555e-27,0.999999999988118,1.1882033258352262e-11
3.114769546336626e-22,0.9999999937245676,6.275432375292101e-09
0.9999985170345508,7.79108776642929e-31,1.4829654492263841e-06
0.9999999999998508,4.1805614311547777e-48,1.4922456277676015e-13
1.242291125047448e-06,2.5269241064832106e-06,0.9999962307847685
1.809134331242049e-18,0.99999856695655,1.4330434500176716e-06
6.869440153411165e-19,0.9999990962398974,9.037601026496002e-07
0.9999577698342272,2.1097686609557866e-26,4.2230165772790115e-05
0.9999999999971121,7.1834127290508e-45,2.8880109824172426e-12
8.187441341240541e-08,0.13830665328624184,0.8616932648393448
0.9999762506391162,3.833979504693058e-28,2.374936088387782e-05
0.9999999999999747,8.968552043545271e-50,2.537841232074811e-14
0.9999999999911924,1.1793496987101003e-43,8.807643916335727e-12
0.0003348019971274883,3.2166670835441455e-10,0.9996651976812059
0.0005331541765735656,2.131233178347219e-10,0.9994668456103031
6.302960189887438e-24,0.9999999991950701,8.049299286187695e-10
0.00010495512186992923,1.7148809729934e-09,0.9998950431632492
4.447168319281038e-21,0.9999976846298199,2.315370180214408e-06
0.9999992129698404,1.593031993623951e-30,7.870301596080796e-07
0.0007622418030976332,8.763267793120133e-11,0.9992377581092697
0.9999700299227204,8.957803731443454e-27,2.997007727955713e-05
0.9999999996903599,3.96028783043452e-39,3.096399926615602e-10
1.1403580885576354e-07,9.111866645842817e-06,0.9999907740975452
5.756801450076355e-10,0.0042552950220164166,0.9957447044023034
8.751668868882798e-06,0.00027001135170091146,0.9997212369794302
3.5695347600881e-30,0.9999999999997942,2.057354874439283e-13
0.9999959791216033,1.360881908673746e-28,4.020878396766733e-06
2.364337287707279e-07,0.03703904721698821,0.962960716349283
0.9989365685909173,5.333240995608326e-23,0.0010634314090828198
0.9999816432217451,3.431422069047418e-27,1.8356778254777678e-05
2.0233999189353853e-18,0.9999985086881173,1.4913118827338316e-06
7.691410845711486e-25,0.9999999996654951,3.3450494656557154e-10
0.9999999999990563,8.656101362529997e-46,9.437703051448177e-13
0.9999999996590847,1.0434567449869082e-38,3.409152548274829e-10
9.666100099926205e-24,0.9999999979513772,2.0486229272813757e-09
0.9999999861724447,4.159598411244333e-35,1.3827555319044909e-08
3.518152996930793e-08,6.621209025840326e-05,0.9999337527282116
0.00019273818627503522,1.748418957348996e-10,0.9998072616388831
3.3066241141258147e-07,6.0973885141916724e-06,0.9999935719490745
0.9999999999952716,3.831718127426906e-43,4.728540672750865e-12
2.84272602944677e-13,0.9988364684839167,0.001163531515799071
0.9999992005604242,4.551485993171291e-31,7.99439575865342e-07
5.917358987131737e-09,0.0003605625368709647,0.99963943154577
0.9999988808663697,2.4997044430473494e-30,1.1191336302227646e-06
5.86307261871705e-07,1.310533691882873e-06,0.9999981031590461
0.9999999999885991,2.4217053136904353e-43,1.140085887369046e-11
1.3102310199179103e-19,0.9999941003569827,5.8996430174593586e-06
1.0691320147276678e-33,0.9999999999999978,2.3244921940061023e-15
0.999999999998652,2.250692807992772e-45,1.3479301158455907e-12
7.172530270423971e-08,0.1368703435260769,0.8631295847486203
1.6092002977866464e-08,5.002988468368123e-05,0.9999499540233132
0.0018724658827940725,1.1979729076737844e-07,0.998127414319915
1.3982588862248143e-07,0.030275847659680118,0.9697240125144313
0.0018447204747199994,4.785360556938504e-11,0.9981552794774263
4.4194888527881616e-17,0.99999072656573,9.273434270040764e-06
2.1527099192716418e-12,0.9961750922553553,0.0038249077424920173
3.586519243702716e-21,0.9999999698367712,3.01632288251679e-08
3.040596692908394e-07,0.02717128398833507,0.9728284119519957
6.908003197148833e-21,0.9999999407621099,5.923789015259587e-08
2.7183396990944537e-11,0.9828057752623894,0.01719422471042703
5.26294853527243e-07,1.1296666368650712e-06,0.9999983440385096
3.5253278499933793e-17,0.9997789399872246,0.0002210600127754614
0.9999999999898914,1.825857523264932e-42,1.0108574573317229e-11
1.3682003213505254e-13,0.9982459841104722,0.0017540158893910845
0.9999999999091433,2.726947785236676e-39,9.085657211506667e-11
8.433856716282191e-14,0.9994938880566985,0.0005061119432171861
0.999999999696382,4.704886599684361e-40,3.0361804928412665e-10
8.43044833317096e-11,0.9598804557871079,0.04011954412858754
0.9999415117839178,4.3478941707161304e-26,5.848821608236059e-05
0.9998144243739762,8.498811483136256e-26,0.00018557562602395175
1.8240318898564935e-36,1.0,5.498730546737215e-17
3.0131007331268064e-21,0.9999984108156939,1.5891843061318805e-06
5.242079104986314e-26,0.9999999998994606,1.0053943221952499e-10
3.9964774979423305e-20,0.9999998925819567,1.0741804338912162e-07
1.3047832643458197e-05,6.80828068294014e-05,0.9999188693605271
0.000528171447890911,1.573816672044279e-10,0.9994718283947274
3.017529278688889e-06,2.2657650731950481e-07,0.999996755894214
0.9999111136349045,6.116887477907956e-27,8.888636509546051e-05
0.00010959318306795406,1.4377171826243458e-09,0.9998904053792148
4.034781792040737e-22,0.9999999868915019,1.3108498014741732e-08
1.9138193606122123e-32,0.9999999999999913,8.703843363197196e-15
0.9999999999999871,1.8821634933552516e-50,1.2981662926826721e-14
0.9999989627252913,1.160210250306797e-31,1.0372747087593404e-06
0.9999981745998848,3.926364802272378e-30,1.8254001151395256e-06
3.7734975103026827e-07,4.368939534001997e-07,0.9999991857562955
0.9999999999784446,4.047124345461988e-41,2.1555499035113087e-11
1.1316171376935043e-06,0.005019988826816838,0.9949788795560455
4.389091635769759e-14,0.9991847143504546,0.0008152856495015368
0.002841308262959313,5.2288550856985026e-11,0.9971586916847522
1.406907217535923e-08,0.00013492128266806002,0.9998650646482597
1.5313399720492555e-09,0.002109152360240448,0.9978908461084196
0.9999999981189276,1.3425505364866962e-36,1.881072457664166e-09
4.429085210753107e-23,0.9999999976208509,2.3791489866616403e-09
0.9999999999883789,1.6874057657308537e-43,1.1621128025902842e-11
4.109113018233371e-05,5.3268741066050246e-05,0.9999056401287517
0.999999989048627,2.8407153401893995e-35,1.095137300852893e-08
0.9847699058145049,5.176881853379881e-21,0.01523009418549502
5.696740814552211e-26,0.9999999998935913,1.0640876292058114e-10
3.6841899588319274e-31,0.9999999999999094,9.057912017004653e-14
3.383982926760478e-22,0.9999999917141552,8.285844800405541e-09
5.365290459744691e-12,0.9930124366745733,0.0069875633200613685
1.1044655930271975e-36,1.0,3.5640834154395093e-17
0.9999999120507272,3.9778329893059644e-33,8.794927280820851e-08
5.6613099976458054e-08,0.11813847618883874,0.8818614671980614
0.9999999999860747,9.69689222847074e-42,1.3925209011604285e-11
0.9999999316798391,3.350812835115935e-33,6.832016091307505e-08
0.9999899099189731,1.7057125285044945e-28,1.0090081026835513e-05
6.362179882849172e-10,0.886649369348404,0.11335063001537794
9.454403116542932e-08,5.555348622960394e-06,0.9999943501073459
2.0358876707647535e-09,0.002753575079421709,0.9972464228846906
0.9999999820620812,1.5351338136682207e-34,1.7937918777602274e-08
6.3126283734711265e-09,0.6236183097232023,0.3763816839641694
3.023098527379816e-13,0.9990842422143394,0.00091575778535811
0.9999998184196189,6.509237381589513e-33,1.81580381020358e-07
2.2429907256727923e-35,0.9999999999999998,1.5187502871909265e-16
0.9999999999999742,5.9187898302470955e-50,2.5699665594621903e-14
1.3122813690897627e-12,0.8654719954362657,0.13452800456242187
0.9999485981374847,3.357026647446574e-26,5.140186251522584e-05
0.9993931859121402,9.70930412832934e-24,0.0006068140878597865
0.9999999999699061,1.2031358782967407e-41,3.009389480738636e-11
0.9998730544107857,3.774443332223707e-25,0.00012694558921430218
1.7994968375443275e-07,0.06019620583562619,0.9398036142146902
4.0502218582158365e-18,0.9999981616954482,1.8383045518862797e-06
0.9999745510499026,2.7859919214157816e-27,2.544895009740074e-05
0.9999992810406337,2.4900301788858427e-31,7.189593661851977e-07
8.341558936298183e-20,0.9999997068800937,2.931199064377243e-07
2.908057026763351e-18,0.9999575095264701,4.249047352994331e-05
0.9999999999997462,4.264315022912826e-47,2.5371142300047353e-13
0.9999999999999798,7.271066800082475e-50,2.016449574190647e-14
3.291073454554175e-28,0.9999999999955784,4.421478667660695e-12
0.9999995868298448,7.288876904475743e-31,4.131701553286578e-07
4.0077692202720184e-23,0.9999999936720276,6.327972218626025e-09
1.170782314421368e-08,0.46406922287198243,0.5359307654201945
9.732228781903659e-23,0.9999999969695972,3.0304027120354653e-09
0.9999999999934674,7.557173420784425e-44,6.53257217039803e-12
0.9999017816455142,3.1310329092909554e-26,9.821835448574561e-05
9.603097467497212e-08,2.5260930720583765e-05,0.9999746430383046
4.0011989075139425e-24,0.9999999801206279,1.9879372284783374e-08
9.340781460312477e-09,0.447955845621217,0.5520441450380016
0.0003654557567312702,6.5452998063076e-10,0.9996345435887388
2.7245607542544267e-19,0.9999990765309287,9.234690712899546e-07
0.9999999999995126,1.931990741681877e-46,4.873947026088564e-13
0.9997460738596531,5.942040213692706e-25,0.0002539261403469775
3.999968549848232e-07,0.005769668518517806,0.9942299314846271
9.67969364596961e-16,0.9977134139179081,0.002286586082090892
8.766428731254105e-22,0.9999999906583575,9.341642561215311e-09
0.9999999999961979,4.103097340178062e-43,3.802023430790219e-12
2.425949832634957e-21,0.9999999482912632,5.170873679177407e-08
4.1547254036913345e-05,2.685222967143993e-09,0.9999584500607401
2.8120426728195305e-07,1.1275387761937148e-06,0.9999985912569566
0.9999999837687297,1.3374163763132285e-35,1.623127018350668e-08
1.4083879946331884e-26,0.9999999999776237,2.237625593970251e-11
0.003118512566447478,1.049016497754693e-07,0.9968813825319028
0.9999999445542898,8.30467984364213e-35,5.544571033409387e-08
3.621192336749758e-10,0.8795584910903479,0.1204415085475328
0.9999979270033817,5.556618177141598e-29,2.0729966183370066e-06
1.3919614689251261e-05,1.5873948921245197e-08,0.9999860645113617
0.9987466161317763,4.2602270035694365e-23,0.00125338386822381
0.9999667858750617,1.4892115312984076e-27,3.3214124938399596e-05
8.675377808778863e-06,1.9657132002870414e-08,0.9999913049650592
0.999994244152405,3.7799825007272914e-30,5.755847594940987e-06
1.3749111652180372e-06,0.002627434954362395,0.9973711901344723
7.418419033252638e-05,2.024592467355825e-09,0.9999258137850751
0.9999119563918843,1.0294986070343696e-26,8.80436081154919e-05
0.9999999999999811,4.804120915853805e-50,1.8965998540564135e-14
0.999999999995903,4.0198760470890275e-43,4.096881535292342e-12
0.9999998476810698,3.430247213350424e-33,1.523189301922488e-07
0.16973369391843618,6.529915194657046e-14,0.8302663060814985
9.03424416504908e-09,0.4824937765803122,0.5175062143854436
0.029101058349833134,1.4620213513410332e-13,0.9708989416500206
1.4292836143057628e-25,0.9999999998521445,1.478554977386545e-10
0.9999998763921389,1.1139068143680892e-33,1.2360786116015535e-07
0.0002584369678953009,8.395615096271856e-10,0.9997415621925432
1.685409514246832e-10,0.9481010798963052,0.05189891993515377
0.9999999999951983,1.0653812157498576e-42,4.801630339504336e-12
0.9999999999948528,9.20644892138847e-43,5.147112511478626e-12
1.8987033734559653e-18,0.9999991926307118,8.073692882253272e-07
0.9999994444310734,4.239391395926633e-32,5.555689266450995e-07
2.924486971526553e-07,4.347641198672305e-06,0.9999953599101041
0.00012868416829390868,7.748316412289066e-11,0.999871315754223
0.9999999998610531,8.492875170233583e-40,1.3894675294855542e-10
0.9999999993087478,6.999890444290819e-38,6.912521091178761e-10
0.9999999730241816,3.5369922184277914e-35,2.6975818465775077e-08
1.5718017335705602e-35,0.9999999999999998,2.212612810897602e-16
0.9999999678912909,5.080148009347967e-35,3.2108708994084444e-08
1.2247192865520116e-14,0.9921199734570992,0.007880026542888453
3.712854001918668e-06,2.8183411597187633e-08,0.9999962589625865
0.9999999999999758,1.2349550901266537e-49,2.4190251252365415e-14
4.012381726075181e-33,0.9999999999999973,2.7372363337298986e-15
4.566232271853145e-09,0.0004895631617409946,0.9995104322720268
0.0022418786069895334,3.175956723974537e-11,0.997758121361251
5.765450048665792e-29,0.9999999999989422,1.0577212097690821e-12
0.9994370609569952,5.252194877772014e-25,0.000562939043004626
1.5610373646392094e-05,7.641523040570543e-05,0.9999079743959479
2.157091468922886e-13,0.999132530258957,0.0008674697408272705
1.2480296071245997e-06,0.006767798689072246,0.9932309532813205
0.9999999999999436,1.1377653822898369e-48,5.63262933180599e-14
0.00010145500454139433,6.054935631803051e-10,0.9998985443899651
3.607561048262559e-07,4.795683684834007e-06,0.9999948435602102
0.9999999999967133,1.309465029697024e-44,3.2866976870616637e-12
3.882090215144951e-18,0.9999958977519274,4.102248072554776e-06
1.5959284906125743e-15,0.9999172105628564,8.278943714205015e-05
1.1295737897291074e-07,8.983591444310599e-06,0.9999909034511766
1.758355790698073e-06,0.0023573919262320866,0.9976408497179773
0.99999999287346,3.083839945118881e-35,7.126540009698862e-09
2.849225649230135e-08,8.540976992615425e-05,0.9999145617378173
2.204769098603721e-08,0.0004401848404513012,0.9995597931118577
0.9999999999999016,4.879718306898317e-48,9.842174696237402e-14
0.0023676600033678916,1.3705306217018454e-11,0.9976323399829268
0.00043547842656562456,6.717338206623342e-10,0.9995645209017006
9.433268896570001e-10,0.7795505709327616,0.22044942812391147
0.9999995659060535,4.166859017400939e-31,4.340939465078953e-07
0.9999999978373377,1.0292893767965848e-37,2.1626623338431306e-09
1.9227911781510226e-06,2.6118780745694475e-07,0.9999978160210143
6.794977175388547e-34,0.9999999999999964,3.6032043737376465e-15
5.112200932387614e-07,3.843369597312298e-06,0.9999956454103095
3.9325589113150536e-17,0.9999925763079839,7.423692016164058e-06
6.9629815303663116e-12,0.986460609117055,0.01353939087598185
1.0317584104354738e-07,0.18971412522708242,0.8102857715970766
1.538702701206546e-05,6.312129503810113e-09,0.9999846066608585
0.9999999999935576,3.49089008545602e-43,6.442513183452802e-12
0.9999993344888368,6.496235874901714e-31,6.65511163159029e-07
5.9033549904727296e-36,1.0,8.240714354370283e-17
7.229025718685213e-20,0.9999973344227483,2.6655772516742616e-06
1.4225635519160428e-05,1.9490143442522828e-08,0.9999857548743373
0.9999998906683487,7.636537571898305e-33,1.0933165134074725e-07
0.9999999876280569,1.008990293903222e-34,1.2371943107914064e-08
0.9999997654326334,2.088013081942866e-32,2.345673667356296e-07
0.9999812061582051,4.765248287568733e-28,1.87938417949102e-05
0.999983225873422,9.394524371160331e-28,1.6774126577974748e-05
5.855555553543059e-07,3.1703663208196666e-06,0.9999962440781239
4.851129466465964e-06,2.2405936197879725e-07,0.9999949248111715
3.828171023785468e-06,4.27651728088133e-08,0.9999961290638035
7.51002468806074e-07,4.446335288372305e-07,0.9999988043640022
1.901871605790422e-07,7.605162838993585e-06,0.9999922046500004
0.9999998965797952,3.042009396210841e-33,1.034202047574747e-07
0.9999999999936415,1.3466029122476067e-42,6.3585705216745796e-12
0.9999999938446562,1.432256386497446e-35,6.1553437878563094e-09
6.531399911729934e-06,1.829872821805025e-08,0.9999934503013601
2.2260004347861554e-07,4.4597967743026944e-06,0.9999953176031822
4.5947351400919445e-09,0.0005025342236946656,0.9994974611815702
4.047020546031704e-06,1.5819348520754817e-07,0.9999957947859688
9.627986065252848e-21,0.999999891753498,1.0824650212188649e-07
2.60310540117086e-25,0.9999999945139586,5.486041378662824e-09
0.9999999888588637,5.709152972037385e-35,1.114113644186072e-08
0.9999999999996028,4.467192998242656e-47,3.971566811947196e-13
0.9984313855224003,1.5406522980941179e-22,0.0015686144775996624
0.9958069408425709,1.579148255537744e-22,0.004193059157429145
0.0008284392420351228,2.4829339577623653e-11,0.9991715607331356
6.070643640932996e-15,0.9999008047877065,9.919521228753304e-05
2.7145895771500626e-22,0.9999998357031322,1.6429686778023183e-07
1.8615958554861747e-34,0.9999999999999996,5.063265862557975e-16
6.348752036445005e-07,1.1159762035267058e-06,0.9999982491485927
2.0126975003817675e-20,0.9999965497684141,3.450231585815216e-06
2.4770351402800806e-31,0.9999999999999178,8.226284344801632e-14
2.586562755666191e-26,0.9999999999650513,3.494877148364922e-11
1.1875302777900174e-16,0.9999808904298894,1.910957011052906e-05
1.2168387728248623e-35,0.9999999999999998,1.9540588715745377e-16
0.998646488190513,5.865923744398963e-24,0.001353511809487088
6.3159684593657895e-24,0.9999999992608322,7.391678015529472e-10
3.5141206217723574e-06,0.0020495190904999115,0.9979469667888783
0.999995938463043,8.617576828256925e-30,4.061536957039924e-06
0.9999996713919651,1.4067921135660163e-32,3.2860803496250926e-07
1.0772480182767774e-20,0.999999949658544,5.034145612114473e-08
1.0676385587960051e-07,1.2617789315901596e-05,0.9999872754468283
1.922290865943146e-08,0.38497242550840194,0.6150275552686894
0.990890694847781,2.201167042512048e-21,0.009109305152218894
4.586138215798299e-24,0.9999999993151742,6.848257909931932e-10
0.00025009840976949506,1.761606678162793e-10,0.9997499014140698
4.980056994868956e-16,0.9999656153072374,3.438469276220184e-05
1.301907342104745e-28,0.9999999999982832,1.7169010118832642e-12
0.999869746167443,9.757130748670107e-26,0.00013025383255710566
4.406418215588177e-14,0.9995569468623902,0.0004430531375656633
1.4286478420635307e-07,1.990887658664541e-05,0.9999799482586291
1.1057228108049871e-34,0.9999999999999996,3.4496520498763346e-16
0.0014629933312525012,2.2933274254298708e-07,0.998536777336005
0.9994264815964627,1.1678299724219802e-23,0.0005735184035372811
5.913178074813443e-18,0.9999956293370144,4.370662985599623e-06
0.9992591487711298,1.7612549986325842e-23,0.0007408512288702975
4.368665915965265e-22,0.9999999916421863,8.357813611615233e-09
0.9959747055508582,1.4396597239029137e-22,0.004025294449141788
0.999995791898935,9.247641044419976e-29,4.208101064968875e-06
0.9972466014353959,6.1062536025093036e-21,0.0027533985646042273
1.596327678026083e-08,4.3742035135120964e-05,0.9999562420015881
9.868546416328534e-18,0.9999199124000395,8.008759996037077e-05
0.9999999999941458,3.1322524115857795e-44,5.854145605619169e-12
2.059717360286465e-36,1.0,7.357545805907821e-17
0.999999999894712,5.859015828386879e-40,1.052879670421494e-10
3.479531891017189e-05,3.152633062747891e-05,0.9999336783504623
7.8706799350848085e-28,0.999999999880701,1.1929901480742028e-10
0.9997967187223427,9.194435148118257e-26,0.0002032812776574443
7.718738947573499e-13,0.9979321930517894,0.0020678069474387574
3.0367119135298664e-25,0.9999999997769735,2.2302642048803832e-10
0.999999999986819,3.633701199936044e-42,1.3180973863084217e-11
6.844243720214446e-39,1.0,8.945065825253133e-17
1.1628420430369375e-17,0.9998814284674216,0.00011857153257846436
1.8285388255472946e-16,0.9999748769677882,2.5123032211567184e-05
0.9980868075688145,3.056620259138078e-23,0.0019131924311854608
2.260046885015531e-15,0.9998899474555698,0.00011005254442788762
0.0002523248767677023,7.124319983115565e-10,0.9997476744108004
7.686254018905455e-24,0.9999999986968662,1.3031338236236606e-09
3.3936828469171926e-08,0.00024797724692936316,0.9997519888162423
0.0005154915820894561,4.3714563831845007e-10,0.9994845079807649
3.0488024798780265e-36,0.9999999999999967,3.4377152190904645e-15
1.775887501907702e-08,0.2718398428517139,0.728160139389411
2.81688571233024e-07,1.8002626458743467e-06,0.9999979180487828
4.2282860445180277e-07,2.248365683279713e-06,0.9999973288057123
0.9999999999272768,1.873629271043331e-41,7.272310129202874e-11
2.7293916154266084e-14,0.9916081234682724,0.008391876531700284
8.61922866427184e-20,0.999999774888505,2.2511149484958562e-07
4.6219610667220695e-05,2.448394274254887e-09,0.9999537779409385
2.783317547831938e-09,0.004812196783182989,0.9951878004334995
1.2481129523766308e-07,8.17713673051076e-06,0.9999916980519743
0.9999999999944043,2.9695401846451814e-43,5.595845786108208e-12
1.6687347949671318e-08,4.83679257281832e-05,0.9999516153869238
0.9999092066195185,5.6462442389825e-26,9.079338048146527e-05
1.921516562878136e-11,0.9727486683539439,0.02725133162684085
1.75431421456911e-08,0.00017998856479893338,0.999819993892059
1.613664953427136e-05,0.00014798040749800908,0.9998358829429678
6.398291802348836e-06,5.2558756352119024e-08,0.9999935491494413
0.00014844353727064752,1.296790978749307e-10,0.9998515563330502
0.9999993116874722,4.5127735897461265e-30,6.883125277165981e-07
0.0005811240384022663,1.0018012062095678e-10,0.9994188758614176
0.9999999999365359,3.8627360080998e-40,6.34640245906127e-11
0.9999996942533955,1.6227400330699617e-31,3.05746604408991e-07
0.9954415388976948,8.820808122946696e-23,0.004558461102305197
0.9999999857140323,6.295154637425666e-35,1.4285967656517493e-08
0.0022838078182590427,2.7870550178542105e-11,0.9977161921538703
5.993396104992677e-08,3.8937474992642946e-05,0.9999610025910464
4.884309653744922e-10,0.008649436418758956,0.9913505630928101
7.509119537843286e-14,0.9991762300686164,0.0008237699313085126
5.484520763893786e-09,0.7020669850273279,0.2979330094881514
0.9993666089480748,5.854386801294854e-24,0.000633391051925096
4.836797429722528e-35,0.9999999999999925,7.58683510101509e-15
1.8001561390764915e-07,3.0885001637313253e-06,0.9999967314842224
2.258157990074136e-23,0.9999999985498518,1.4501482613199399e-09
0.9999999999941107,2.228370954779669e-42,5.8893938877812435e-12
0.0004216194637588369,3.0123329121525816e-10,0.999578380235008
1.890195486034855e-06,6.139128630046031e-08,0.9999980484132276
3.31771248554034e-20,0.9999999034869309,9.651306918606226e-08
2.2388481955012645e-24,0.9999999996820768,3.1792324832046496e-10
0.9999999999999947,5.052304969661176e-51,5.3659723460280896e-15
0.9999970408309232,1.5931944829026612e-29,2.959169076750241e-06
1.0436461394923004e-05,1.226264488202354e-07,0.9999894409121561
0.9999999999143563,6.411909332024946e-40,8.564376623885554e-11
3.7221160487139125e-07,0.03357859270898458,0.9664210350794106
0.02055791009764772,7.903528321612082e-13,0.9794420899015619
0.00028653826363818526,1.443004767899044e-10,0.9997134615920614
1.631713814277213e-30,0.9999999999997506,2.4936921662946053e-13
3.59711641008015e-16,0.9994600344021823,0.0005399655978172868
5.0846169282949136e-17,0.999988193274744,1.1806725256102504e-05
7.199776187706088e-22,0.9999999821063389,1.789366102417809e-08
3.910933175146142e-06,2.439288583640367e-07,0.9999958451379666
0.9999999121524044,9.396466841509594e-34,8.784759573219057e-08
0.999999945390898,1.0151212452574213e-33,5.460910205863706e-08
0.9999999999999913,8.689076556335579e-51,8.573206455801083e-15
7.350571750641985e-08,4.119209733915807e-05,0.9999587343969434
3.3852943995077276e-23,0.9999999984722989,1.5277010564284192e-09
0.9999999999975497,6.388658340611827e-45,2.4503105589232034e-12
2.616288981966729e-13,0.9991384820824623,0.0008615179172762475
8.176883077710313e-27,0.9999999999768554,2.3144510922196044e-11
2.7418256714646285e-11,0.9568882599734456,0.04311173999913612
0.9977362729138366,3.2880332069027015e-22,0.002263727086163338
0.9982813213422752,2.2866111201882767e-23,0.0017186786577248973
0.9999995682020483,7.721403733634694e-32,4.31797951780624e-07
0.997571983909213,7.194691836124311e-22,0.0024280160907869538
1.525095529713432e-11,0.9884246558230432,0.011575344161705723
6.802980441610407e-15,0.9999015504989076,9.844950108550945e-05
0.9999999999904752,2.8655916284821224e-43,9.524838322543938e-12
2.7037164697722984e-05,5.707709559733911e-05,0.999915885739705
1.4503969407242784e-30,0.999999999999859,1.4095833439632526e-13
5.617297344564234e-10,0.8572498920208558,0.14275010741741428
0.00021856917838515352,1.5991687456532069e-10,0.9997814306616979
5.423103461994603e-07,0.006141712570253651,0.9938577451194002
0.9999997252388846,5.597168750620928e-32,2.7476111534392484e-07
7.3753367650373375e-09,0.6263521729430428,0.37364781968162036
0.9974649060596201,4.960058005236242e-22,0.0025350939403798924
0.9998811486531732,2.6393116895235767e-25,0.00011885134682666192
4.506299277544412e-31,0.9999999999999221,7.790701277402622e-14
1.496699554324381e-17,0.9999950506180281,4.9493819718711526e-06
0.13193065690929204,1.9770703222459243e-14,0.8680693430906882
3.4915583808060876e-36,1.0,5.680609023939618e-17
2.0373475436608925e-05,1.6361661567592386e-05,0.9999632648629957
6.348514142136303e-33,0.9999999999999942,5.738074958004172e-15
0.9993060378764053,1.9889435052379612e-23,0.0006939621235947605
0.9999999248746297,4.836629015904935e-34,7.512537031097987e-08
1.8177194174008694e-24,0.999999999501862,4.981380698779674e-10
0.9999999999999527,6.608334246704458e-49,4.733661359443294e-14
1.0292919815738093e-08,0.47560067675525636,0.5243993129518238
0.00021706042828217696,6.614412473969249e-10,0.9997829389102767
0.9999998809176163,7.971893201179476e-34,1.1908238366836255e-07
1.4009398329743615e-33,0.9999999999999973,2.7645825001160584e-15
1.1055582129289957e-08,0.0005273603692227704,0.999472628575195
3.613918468890475e-08,1.8379989624425198e-05,0.999981583871191
1.4864876512740921e-12,0.9936111079052328,0.006388892093280633
0.9533612711171484,2.4230057702372156e-19,0.04663872888285147
7.045227524109219e-21,0.999999925057279,7.494272114224398e-08
7.187039733177608e-06,9.288844355228943e-09,0.9999928036714225
1.3238967481451972e-35,0.9999999999999998,2.3297707643370054e-16
3.61542930744205e-10,0.029625821093717548,0.9703741785447396
0.0004548392329047552,9.567696293535305e-11,0.9995451606714182
0.000545223079777318,1.2981426181081305e-10,0.9994547767904084
0.986591857743101,2.0791639952195587e-20,0.013408142256898993
4.238998243582944e-05,1.3146994889530991e-09,0.9999576087028648
7.958345703484942e-12,0.5909784975988723,0.4090215023931694
0.9999999997513624,5.012990879248091e-39,2.486375300700213e-10
4.765049866825488e-26,0.9999999999521576,4.784240424826694e-11
1.5691336703839294e-12,0.8138074145132913,0.18619258548513953
3.6151107557028473e-14,0.9998283916756444,0.00017160832431940528
2.8287150744985357e-17,0.9999854367909908,1.4563209009087984e-05
7.199842713090823e-08,2.8706850629956473e-05,0.999971221150943
0.9999999981172663,3.7981631249577625e-37,1.882733811247897e-09
0.9999999998841345,1.6260974722061177e-39,1.1586556812110741e-10
0.9997577566316138,8.084254568032594e-25,0.00024224336838614928
0.9999999999461704,5.672839376287235e-41,5.382971393412129e-11
0.9999999999845737,2.2224616733128027e-43,1.5426295609230844e-11
1.5411053939518452e-23,0.9999999984608434,1.5391564784189436e-09
2.0982682741204082e-14,0.9998636280683756,0.0001363719316033615
0.00045336862403940967,3.143823283104306e-11,0.9995466313445223
0.9999999999999962,6.667456185770686e-51,3.6977128454510984e-15
4.39924183555805e-11,0.9667028940536107,0.033297105902397026
3.1463766756473676e-06,0.0010638307029388868,0.9989330229203854
1.4150171792403974e-19,0.9999997879015906,2.1209840944138273e-07
0.9999999999991789,5.541249693730623e-46,8.210210196254666e-13
0.003387772808535402,6.773969718926813e-12,0.9966122271846907
0.9999999955086749,2.3856264866543318e-36,4.491325024611759e-09
0.999991519981251,2.088129506381628e-28,8.480018749070083e-06
2.1409100287116103e-12,0.9945133844027501,0.005486615595109038
0.9999999999999629,3.2887430136729357e-49,3.705437535416858e-14
8.388167824482802e-17,0.9996478409979144,0.0003521590020855441
0.9999999999893598,6.08226038498246e-42,1.0640150149981935e-11
4.4335641530482364e-14,0.999635592439287,0.0003644075606686102
0.9999999999999829,7.934922181663222e-50,1.7067489751580738e-14
0.9999867606674113,9.978444911747206e-28,1.3239332588709956e-05
0.999595035837143,1.8335060425624745e-24,0.0004049641628568547
0.9999999999659441,3.0124950847573443e-42,3.4055968221854986e-11
4.987922419517503e-18,0.9999974012462773,2.5987537225652874e-06
0.9999999999975662,6.362836323365547e-45,2.4338572583309495e-12
3.8993812784356475e-22,0.999999992287241,7.712759062109892e-09
2.198931232174164e-07,1.910014336862097e-05,0.999980679963508
1.1318079180505665e-17,0.9999958214015144,4.178598485683589e-06
0.00031503761311741654,1.002513921048902e-10,0.9996849622866311
1.584677731389231e-07,3.6308004099367373e-06,0.9999962107318169
4.860365918834552e-05,1.8462854604955584e-09,0.9999513944945263
0.9999999496907438,3.1259633237714483e-34,5.030925626394595e-08
0.00017227574483658534,1.839186284242867e-09,0.9998277224159772
3.2916795274201463e-10,0.9602935200452254,0.03970647962560675
1.6792774279716974e-32,0.99999999999999,9.992255035219023e-15
0.9999999509282469,4.402938985125416e-34,4.9071753120007656e-08
3.0477893983136864e-16,0.9999668517247202,3.314827527952201e-05
0.9999999974735603,5.328875200771845e-37,2.526439794428008e-09
0.9999999076234479,1.8926074581862845e-32,9.237655218981365e-08
7.520437056585012e-08,2.730697966640554e-05,0.999972617815963
1.6263523841217025e-27,0.9999999999931273,6.872800348687854e-12
1.740683981996363e-10,0.09823058483730844,0.9017694149886232
0.9999999999999609,1.2044720072206455e-49,3.899237647292849e-14
2.9889101240850386e-12,0.7730906666762393,0.22690933332077168
4.403064107370148e-22,0.9999997940318823,2.0596811770457173e-07
1.2442758535660088e-09,0.8225935568072691,0.17740644194845495
0.9999225499241087,4.798925527525145e-26,7.745007589126465e-05
2.5377684291269337e-05,1.6576825963852893e-08,0.9999746057388829
2.133161955364942e-18,0.9999975592288605,2.440771139448967e-06
1.6080897894659698e-09,0.02379784226049865,0.9762021561314116
0.9994888671664732,3.600999080567694e-24,0.0005111328335267262
0.00015122470727106508,7.562030362254436e-10,0.999848774536526
0.9966942505429225,3.0874902211446878e-22,0.003305749457077501
0.9999999999799758,7.40375779797503e-43,2.0024281684580057e-11
0.9999920488024259,1.8043942279215535e-28,7.951197574171962e-06
1.3828961761320415e-17,0.9998764529899835,0.00012354701001656513
2.824719442422627e-19,0.9999989941836624,1.0058163375612117e-06
5.845607239537122e-26,0.9999999999240305,7.596955773787113e-11
3.614458977191131e-34,0.9999999999999991,8.39306679789663e-16
1.9513411421943521e-28,0.9999999999970537,2.946273184990641e-12
0.9999990834691959,1.4170001278461542e-30,9.165308041399974e-07
5.09130194334888e-05,7.377381228473487e-06,0.999941709599338
0.9999993485344828,1.8384436693485487e-31,6.514655172518002e-07
5.028650455467742e-09,0.5814158418689092,0.41858415310244035
0.010182795853732612,7.867676721795027e-13,0.9898172041454807
9.18049421030105e-09,0.00027707969165198726,0.9997229111278538
0.999999999132968,2.1312157443157378e-37,8.670319163357674e-10
0.00027918974498193595,8.849904173333131e-11,0.9997208101665191
1.4998924624839494e-09,0.8142862124929484,0.18571378600715904
0.999862087337039,8.464775907278568e-25,0.0001379126629610364
0.9999999999776901,1.425829568017678e-41,2.230999209311735e-11
1.1189771726705607e-08,0.5083855807789321,0.49161440803129614
1.22248303933776e-06,0.002190218032770538,0.9978085594841902
1.4929181381405974e-05,8.370647839447768e-09,0.9999850624479708
1.647248298714851e-08,0.4946479445356783,0.5053520389918387
1.1555663806334706e-32,0.9999999999999922,7.706993914634034e-15
0.0035983355861337408,5.351589233820947e-12,0.9964016644085146
8.52431376296699e-08,0.10143151980616162,0.8985683949507007
9.244763899166908e-13,0.995248366986169,0.004751633012906558
1.4609695132795664e-13,0.9988431553776432,0.0011568446222106402
0.12825408420373227,9.56890950147074e-10,0.8717459148393767
0.00015075568909872296,7.962250490562507e-10,0.9998492435146762
0.9999988379794749,1.664579580502366e-30,1.1620205251190772e-06
0.9999998006219537,4.230361374233918e-32,1.9937804618832918e-07
0.9999397340085295,7.129811529700378e-27,6.026599147055327e-05
0.9989495193399042,1.7156929914759398e-23,0.0010504806600957878
0.9999999999941738,4.060227530062858e-44,5.826236589465379e-12
0.9999999999875011,9.267532307092958e-42,1.249885942386191e-11
0.9999962199296857,5.050311843746367e-29,3.780070314378237e-06
3.6506026391454096e-07,1.400403843615683e-06,0.9999982345358924
4.0343324922416795e-09,0.0007435401043618194,0.9992564558613056
6.6539415975869404e-21,0.9999999438480678,5.6151932281362074e-08
8.818284120516998e-17,0.999983646218908,1.6353781092045736e-05
0.9999942225820236,9.983493231853291e-30,5.77741797639115e-06
9.965396805867387e-08,4.6265885805345265e-06,0.9999952737574513
4.796228627152568e-07,9.605114531169515e-06,0.999989915262606
1.6468775395874456e-16,0.9999763230625103,2.3676937489526047e-05
8.176948003188496e-11,0.9672962253343921,0.032703774583838385
0.9999968910111579,2.0328899466824975e-29,3.108988842161532e-06
2.4487110527294475e-07,3.1933971932596042e-06,0.9999965617317016
1.9021028027143287e-18,0.999973288741965,2.671125803491542e-05
9.777822926577804e-28,0.999999999992786,7.214059237243307e-12
6.844764044276908e-08,0.28666562313006594,0.7133343084222936
0.9999975188906962,4.064426771390019e-30,2.48110930373385e-06
0.9658837560553374,4.1408037039114144e-20,0.034116243944662526
2.891292268558001e-10,0.049309177305962994,0.9506908224049078
1.5181898847089193e-07,0.033709713849392815,0.9662901343316188
0.9999995250867224,7.85085886406818e-31,4.749132776338459e-07
2.98574174565168e-14,0.9994755342293117,0.0005244657706584343
1.2230616048620052e-28,0.9999999999983451,1.6548510532546101e-12
7.10038228541333e-05,2.314260990457538e-09,0.9999289938628848
0.9999999999999927,1.469276550912028e-50,7.279196284094688e-15
7.2633615194077765e-06,8.3051186945381e-08,0.9999926535872936
3.3882751683522944e-19,0.99998804362661,1.1956373390048978e-05
0.9999984114065293,6.361585705423446e-30,1.5885934706689205e-06
0.9999999999999896,4.615781607481273e-50,1.0400594262618907e-14
1.9788204220570933e-05,0.00012121906582295687,0.9998589927299566
5.288091274707099e-05,1.7948493839698814e-05,0.9999291705934132
4.652352711496566e-26,0.9999999999401215,5.987850028782023e-11
0.9999999971742759,1.42017337357289e-36,2.8257240374165684e-09
0.9999972257502401,2.6731603214857997e-29,2.774249759859388e-06
6.850292720542602e-05,3.2022739454894424e-09,0.9999314938705207
0.9999999999824016,1.1076951336080239e-42,1.759842755671664e-11
0.000382880185503578,3.474230407738605e-07,0.9996167723914556
4.063741658470944e-06,1.7414029752764746e-07,0.9999957621180441
0.959277275174153,1.5247784203134342e-19,0.040722724825847025
1.8190057437070796e-07,1.5996651062544785e-06,0.9999982184343194
0.9999830678143933,1.4952771026531188e-27,1.6932185606624105e-05
0.0011308571386078982,3.491859210886267e-11,0.9988691428264734
2.6440956217320404e-32,0.9999999999999916,8.357757188910517e-15
5.50305007108536e-07,9.170461510669242e-07,0.9999985326488419
0.9999999995870508,4.0596742670375696e-38,4.1294921605118637e-10
0.002601004445727928,1.6282829231518107e-11,0.9973989955379892
1.2763763813784142e-19,0.9999997751025171,2.248974830091539e-07
3.582629163866811e-06,3.0270030216205724e-08,0.999996387100806
0.999999997987703,4.037220367354663e-37,2.012297056692345e-09
4.26596223525269e-36,1.0,8.634000809281586e-17
6.481282315159756e-06,2.420025788653785e-08,0.999993494517427
2.1701414057012605e-25,0.9999999997629738,2.3702611674888193e-10
1.4660570135435485e-25,0.9999999997750015,2.249985039756532e-10
0.9993985531076194,9.465712856095304e-24,0.0006014468923805118
1.1246231515323944e-13,0.9988712844502006,0.001128715549687119
1.1352949889533041e-07,3.4357669025163714e-06,0.9999964507035987
9.770935254995494e-05,2.518567765409672e-09,0.9999022881288823
3.3639235102711463e-09,0.002960613043266041,0.9970393835928103
5.1503924301222e-20,0.9999943529720117,5.647027988276225e-06
0.0003485639085676791,1.1473605760996023e-10,0.9996514359766963
0.9999911021612589,1.9743665233522615e-28,8.897838741120693e-06
0.9999999999828586,6.027994663483036e-42,1.7141407711635326e-11
8.00157848550366e-14,0.9690492735731544,0.030950726426765548
0.999689746729332,3.075296090779894e-25,0.0003102532706680178
9.151340941235923e-09,0.6824609873497097,0.31753900349894926
0.9999999760620314,8.283740089265584e-35,2.393796855288703e-08
0.9999999999999833,4.0939458884548875e-50,1.6750281699580207e-14
1.4347284464377306e-22,0.9999999948172633,5.182736723305353e-09
0.9999922538924875,5.618879390670582e-28,7.746107512457817e-06
0.9999999999997817,4.716608253320662e-47,2.1820166477696968e-13
1.5267947566950785e-05,6.500144939854522e-09,0.9999847255522881
3.597416851902645e-24,0.9999999993797675,6.202326391278081e-10
6.600786602707668e-05,3.759894382212038e-10,0.9999339917579836
0.9999999978180791,9.011611292628161e-38,2.1819208664976836e-09
4.4504896045887093e-20,0.9999997578994548,2.4210054523585526e-07
0.999534821220884,1.1338359247068501e-24,0.00046517877911597357
1.4206003007502116e-28,0.9999999999972797,2.720157833835813e-12
8.030200180582591e-10,0.007968541038367865,0.992031458158612
6.223681638703055e-19,0.9999726146372353,2.7385362764639643e-05
1.3899447080264058e-07,0.05267666251701677,0.9473231984885124
1.660375259319965e-08,0.30861515736087414,0.6913848260353733
1.0782243061686708e-09,0.8735328044392611,0.12646719448251462
2.7684607540118775e-06,0.0009355608489414483,0.9990616706903046
3.9771047827745224e-10,0.014998096164383993,0.9850019034379056
1.322946961570543e-15,0.9999500551303978,4.994486960095573e-05
9.369787070323137e-35,0.9999999999999993,5.60377916013782e-16
5.309512106079525e-24,0.9999999591863568,4.081364328097264e-08
2.475651930793936e-25,0.9999999998988005,1.0119947162814331e-10
0.999999999930274,1.2212386341117483e-41,6.972590394827774e-11
2.3729545119593676e-06,0.0038044941635614255,0.9961931328819267
4.269169002928287e-27,0.9999999999825315,1.746848922618143e-11
0.0005448060361097642,2.2225964412306215e-11,0.9994551939416644
2.658809601199304e-34,0.9999999999999989,1.0090281547183225e-15
9.822568159426837e-17,0.999989178776931,1.0821223068946968e-05
0.9999999999489124,1.8407725167477065e-40,5.108767302416197e-11
0.9999999999963609,5.799405163671175e-43,3.639071463934545e-12
6.952311202942617e-08,2.9112459681191554e-05,0.9999708180172069
1.0797388671096178e-12,0.887058242899965,0.11294175709895511
7.734461941439677e-23,0.999999995838192,4.161808049531111e-09
0.9999999968492179,6.281924463263232e-36,3.1507819782270834e-09
5.924881331040908e-19,0.9999988752788926,1.1247211072597012e-06
3.1715835249783824e-28,0.9999999999977722,2.22782951862781e-12
0.999996098145002,8.100834137095123e-29,3.9018549980381956e-06
2.4937441073882407e-19,0.9999992762621768,7.237378232315414e-07
0.9999958032547143,9.460326694528569e-30,4.1967452856993e-06
0.0006380297279542957,6.908091316737439e-11,0.9993619702029648
0.9999975862541501,3.295828968298169e-30,2.4137458498406756e-06
1.145832087296339e-16,0.9999886551609456,1.1344839054194537e-05
1.6497323138165943e-05,6.3722304510265565e-09,0.9999834963046313
1.3023991019996438e-06,0.0027035156212687904,0.9972951819796291
0.022598971114292616,2.8347460516984155e-13,0.9774010288854238
0.9999999999457547,7.26017204551161e-41,5.424535078301247e-11
4.394716966696497e-19,0.999998801963369,1.1980366310703368e-06
0.999999999927849,1.628628782843855e-41,7.215102310714659e-11
2.975939415729573e-19,0.9999990653820836,9.346179163414489e-07
1.826917710067511e-33,0.9999999999999969,3.1429907203280917e-15
8.243641801523862e-15,0.9998961075325618,0.00010389246743007955
6.966463516218407e-06,4.197020516206079e-09,0.9999930293394632
2.0120986172826488e-33,0.9999999999999971,2.8744238182453832e-15
2.4860926867336924e-13,0.9530058841427714,0.046994115856979976
0.9999999999999749,9.31076465373838e-50,2.498205561817988e-14
2.817896426154668e-13,0.9983621634434161,0.0016378365563021976
7.208322996907523e-06,2.641623691455851e-07,0.999992527514634
6.897398177927178e-20,0.9999998176753672,1.8232463277368667e-07
1.5040028969155958e-13,0.962891261303999,0.037108738695850636
1.5708714927310251e-24,0.9999999991766424,8.23357595872518e-10
0.9999997200111621,6.403774188211756e-32,2.7998883790872545e-07
2.2073885311996122e-08,0.23728176890677286,0.7627182090193418
0.0012842990110915737,5.568335274517672e-12,0.9987157009833401
0.9999999999996088,3.8300728615493597e-47,3.912573582999234e-13
4.887956067546298e-05,4.244993711428284e-05,0.9999086705022102
7.104272004516384e-28,0.9999999999944671,5.5328705250397704e-12
0.999978082149725,4.38222913705616e-27,2.1917850274984773e-05
9.234270626354194e-05,2.552829627035635e-09,0.9999076547409067
7.120981920033368e-17,0.9995312358040271,0.0004687641959727286
0.001347950670684372,3.5662050653514673e-11,0.9986520492936536
0.9835342456868317,2.8791698834179305e-20,0.016465754313168345
2.5149581823920305e-18,0.9999987138991335,1.2861008663739447e-06
1.058445211435655e-12,0.9939898422698387,0.006010157729102889
0.9999999998408449,2.70522299540502e-40,1.591551367029667e-10
0.0002106211540326749,1.3129729786963254e-06,0.9997880658729887
0.9999644443272578,4.540019926332561e-28,3.555567274226434e-05
1.9632848753467258e-09,0.0005187360336371291,0.999481262003078
0.9995713749802236,2.632094492615236e-24,0.0004286250197763037
7.374225897614751e-33,0.999999999999996,4.107514064615829e-15
2.9282891968561016e-18,0.9999971353620748,2.864637925187282e-06
5.082019198811503e-09,0.0006552573293139161,0.9993447375886669
1.1004811924968541e-13,0.9994484774939031,0.0005515225059869245
2.523039231579411e-17,0.999781739994472,0.00021826000552813206
0.9999990209255789,2.990201415930308e-30,9.790744211477778e-07
0.002610694718713903,5.095556139798017e-12,0.9973893052761905
0.9999993999591027,2.2021747303201115e-30,6.000408972004834e-07
0.9999999999964992,3.105715081250951e-43,3.500720143231338e-12
0.9979918105349501,5.785792686108089e-23,0.0020081894650498403
1.3679936469058293e-10,0.9526904259346911,0.04730957392850963
0.000285593432662311,3.0766046242436155e-11,0.9997144065365715
7.159960982189628e-08,9.211114897632355e-05,0.9999078172514139
1.9686096912536477e-18,0.999998257226426,1.7427735739795212e-06
3.771990173941324e-29,0.9999999999989984,1.0016312851740434e-12
9.098737079358917e-12,0.9830718108711225,0.01692818911977863
0.9991474722532717,1.1898575116806105e-22,0.0008525277467283691
6.79108636539899e-06,1.2496783136106948e-08,0.9999931964168515
8.484307870590217e-05,2.0650892066923276e-09,0.999915154856205
0.9999999943990587,2.1642615634592283e-35,5.600941298879613e-09
2.050354152293706e-06,3.1278825848080424e-07,0.9999976368575891
3.202707233051192e-08,0.22738433050598222,0.7726156374669454
0.999819163057482,5.86161087995005e-25,0.00018083694251812485
0.9981909616382384,3.376518854480245e-22,0.0018090383617614793
9.310604524996123e-07,4.156212803941196e-07,0.9999986533182671
6.96530628299709e-06,8.677364042915492e-09,0.9999930260163529
1.6825397643265502e-18,0.9999973443945028,2.6556054971517006e-06
0.9804598931800605,7.446984032358461e-21,0.019540106819939403
2.43631713659533e-10,0.9458496410612791,0.05415035869508909
0.9999644357224372,2.19660316219007e-26,3.556427756276388e-05
4.2854495535361366e-29,0.9999999999991149,8.849966826335911e-13
1.153107309491689e-09,0.8701016953904068,0.12989830345648604
0.9999999999979718,5.852058986269737e-45,2.028172160667628e-12
1.4424077139474028e-06,1.8462992694458515e-07,0.9999983729623592
3.492124368634962e-30,0.9999999999997258,2.7416773034211736e-13
3.5517363438535263e-07,1.7192733466526258e-06,0.999997925553019
2.831914555059605e-06,0.0005616049703391793,0.9994355631151057
1.285205481553777e-05,1.2331119817900685e-08,0.9999871356140646
4.497730474525865e-12,0.5944569930152434,0.40554300698025897
0.9934220380609586,1.3414503679257973e-21,0.006577961939041458
1.0808310392392182e-21,0.9999999754663947,2.4533605299044227e-08
0.9999958418020737,6.558128117552546e-29,4.158197926414491e-06
5.084377501939404e-07,0.02107828062632043,0.9789212109359294
1.5993547233037398e-24,0.9999999960903365,3.9096634584520994e-09
5.961811946734446e-19,0.9999990065718721,9.93428127743986e-07
2.3496187031003018e-08,0.21353017488003745,0.7864698016237754
2.4985080545024277e-08,5.589629999701916e-05,0.9999440787149225
6.012565474568518e-17,0.9998307791963429,0.00016922080365704812
0.9999999993784066,1.175389902087638e-39,6.21593520290555e-10
3.026715172940644e-29,0.9999999999993812,6.189037423615062e-13
2.079524230396049e-05,3.4297460493292356e-09,0.99997920132795
6.084491154945086e-22,0.999999985535557,1.4464443073467128e-08
1.7533237394031608e-24,0.9999999994875974,5.124026362536281e-10
0.9817422285771186,3.1930903768265795e-20,0.0182577714228814
0.9999991969358731,1.594029380071557e-31,8.030641268665154e-07
3.7555274560579155e-30,0.9999999999995719,4.280203626488567e-13
0.00020512074576490243,9.220887381021711e-10,0.9997948783321464
0.007488158462612098,9.650411667082836e-12,0.9925118415277375
3.5737263770855787e-10,0.8267661583059002,0.17323384133672706
0.9999998897035263,7.837614384907065e-34,1.1029647381211079e-07
2.00617282941155e-28,0.9999999999948508,5.149155665057896e-12
0.9999999999855043,7.285911388799056e-42,1.4495726860810721e-11
0.00043934513916893766,1.2697527374836823e-11,0.9995606548481336
8.631166067008337e-05,9.698918932393281e-06,0.9999039894203976
4.9527992442829594e-14,0.999305190207951,0.0006948097919995638
1.978617080529363e-07,0.04157681802394089,0.9584229841143511
0.9999962979674529,1.7259336981715283e-29,3.7020325470596547e-06
4.7464572802699286e-24,0.999999999207311,7.926890204677741e-10
0.9999999950835332,1.168281066975068e-35,4.9164666952883146e-09
1.3142926537236649e-05,1.8117220320114973e-08,0.9999868389562424
3.5711198484899903e-06,0.0005322450076941264,0.9994641838724573
4.7315525359597197e-29,0.9999999999988176,1.1823729688187859e-12
2.8686670883078088e-05,7.683377768595093e-09,0.9999713056457391
0.09637358256939148,5.659445553302409e-10,0.9036264168646639
2.1383091754821056e-13,0.976646481450692,0.02335351854909411
0.9999891746322942,2.3297972990899363e-28,1.0825367705659936e-05
7.620874289334885e-08,0.07085205847221038,0.9291478653190467
0.0008081916915465967,4.367409491427156e-11,0.9991918082647794
1.4908379414575556e-08,4.972487131303225e-05,0.9999502602203075
0.9999984014878569,1.5765615693688649e-30,1.5985121431701362e-06
1.0140833961644459e-07,5.4222270795948094e-05,0.9999456763208644
8.943009118742732e-37,1.0,2.749336713323185e-17
5.166635638188968e-28,0.999999999993592,6.407940750879542e-12
6.282463491184115e-20,0.9999998350647091,1.6493529093863245e-07
0.0007485591296072158,2.503749145853247e-11,0.9992514408453552
0.9999823070333055,1.642369056878995e-27,1.7692966694528543e-05
3.860114302559286e-11,0.9516411144255614,0.048358885535837406
0.9999999994224107,1.7193619794293835e-38,5.775893297125486e-10
1.2165686103955618e-05,2.429920413059092e-08,0.999987810014692
0.00019222191616615343,8.080380440133839e-10,0.9998077772757957
0.9897672080642528,1.5168713183031157e-20,0.010232791935747108
0.0011816491699681304,3.2479496341991255e-07,0.9988180260350683
9.909248999567644e-26,0.9999999998863063,1.1369377815135652e-10
1.6430610788733343e-07,1.0130691824232562e-05,0.9999897050020679
2.3486700906026457e-16,0.9999777833317341,2.221666826554004e-05
4.060888889187059e-05,6.66525691432883e-09,0.9999593844458513
0.99990176724254,1.5015355303118398e-25,9.82327574600996e-05
0.9999999999521367,1.2685447033165632e-40,4.786337899965461e-11
3.2015672723125097e-07,0.015225442066902394,0.9847742377763704
1.1034520577061453e-36,1.0,7.09562139872827e-17
1.2341612781082966e-15,0.9978532861197659,0.0021467138802327844
0.9999999999999307,6.734471046833375e-49,6.927007630467011e-14
2.135650728867595e-06,3.2505448434979663e-07,0.9999975392947867
7.104771401549102e-13,0.99714340165096,0.0028565983483294925
0.9999999999999953,3.186971583586756e-51,4.643462962029125e-15
4.2003142320764286e-14,0.9993799716620845,0.0006200283378735492
0.9999999998710987,7.050696004713352e-39,1.2890133371385692e-10
6.941982491968657e-30,0.9999999999996836,3.1647075661135807e-13
0.9999999995021542,1.509983665497757e-38,4.978457629304182e-10
0.1769779952007503,1.6809891783032502e-10,0.8230220046311508
0.9999977396159859,1.4251854004316015e-29,2.2603840141799647e-06
3.311528384671428e-08,0.22815176582877117,0.771848201055945
0.9999669755791419,4.5983550581970775e-28,3.3024420858050884e-05
0.9999999731996536,8.362493443979041e-35,2.680034624131088e-08
0.9999965322354328,2.0116777466241005e-29,3.4677645671192296e-06
1.2739365200476651e-15,0.9999452857710712,5.47142289275323e-05
7.374373873809227e-16,0.9999611756385838,3.8824361415437515e-05
3.2829923897951743e-19,0.9999788294632791,2.117053672098078e-05
0.9999999999993399,3.0109042003546144e-46,6.6002985523107e-13
0.9999509830176848,1.9043043400220892e-26,4.901698231507721e-05
3.577959578778379e-08,2.303362687094658e-05,0.9999769305935333
0.9999999998713869,1.7339899403787798e-39,1.2861303145565638e-10
0.00013483686962939467,1.118372976186433e-06,0.9998640447573945
3.656737486371169e-07,0.00670260929022726,0.9932970250360241
8.489886336852553e-22,0.9999999883114931,1.168850683558835e-08
3.6826265916941865e-32,0.9999999999999831,1.6845691879340388e-14
4.933054077008384e-08,2.899207942701864e-05,0.9999709585900323
3.5992490578653854e-06,3.841231133593873e-08,0.9999963623386309
5.52305448090086e-18,0.9999978651838013,2.1348161987876707e-06
1.0389278916972387e-13,0.999456188417347,0.0005438115825493235
4.186261746320024e-09,0.0007012227245537392,0.9992987730891845
8.772097641457304e-19,0.9999988577629759,1.1422370241157904e-06
0.9999999422488033,1.9635673261944543e-34,5.775119676854626e-08
1.1652869481364953e-10,0.9653996042221099,0.03460039566136138
0.9999991438481568,3.817999140392443e-31,8.561518432613294e-07
2.3474127891829914e-24,0.9999999997380158,2.619842641356162e-10
0.999999999993779,7.91479899307613e-43,6.220984675302948e-12
0.9999920860117211,1.838642787269896e-28,7.913988278973833e-06
1.307145243657029e-05,6.692843833620396e-05,0.9999200001092272
0.9999999860776161,2.3776254402727803e-35,1.392238402486438e-08
8.215390943798294e-16,0.999943612488583,5.638751141599131e-05
4.8215379644845695e-09,0.00038112268386781103,0.9996188724945944
2.5817130128388398e-09,0.003155966001806328,0.9968440314164806
6.97608201174121e-05,7.5012256112074774e-06,0.9999227379542713
0.9906974026570392,3.495776879129862e-21,0.009302597342960916
3.1313725013332006e-06,0.00042026589655022134,0.9995766027309484
0.9988271258564099,3.730348656472641e-23,0.001172874143590198
4.323998025484976e-05,7.986364917221922e-10,0.9999567592211087
5.1837920968661425e-05,1.7694469477850177e-09,0.9999481603095844
0.00014293565053070134,8.778211991522222e-10,0.999857063471648
2.9575712147999704e-06,6.466306317715463e-08,0.9999969777657219
0.999999993856503,1.2162197739315358e-35,6.143496898253968e-09
4.509732684358389e-08,0.2442496818847924,0.7557502730178808
6.023713800475277e-12,0.984015616114514,0.015984383879462317
0.9993772157022806,5.4831088318205635e-24,0.0006227842977194164
2.7342494307235834e-25,0.9999999997868305,2.131694836203207e-10
0.9999999979173655,3.4761482929370523e-37,2.082634604275064e-09
1.1458191949919822e-07,5.216079686556187e-06,0.9999946693383941
0.9999888583212427,3.0175597376140315e-28,1.114167875721864e-05
9.89720006173506e-21,0.9999998727721386,1.2722786145138519e-07
0.9999999812298633,1.3761130325514358e-35,1.8770136670049197e-08
3.158032464602682e-05,1.3664686522676715e-09,0.9999684183088854
0.9999999999574547,1.687630936434447e-41,4.2545251076827336e-11
0.9999999999990608,4.896770190633062e-46,9.391531998025223e-13
1.1588957273727255e-09,0.8331681009954036,0.16683189784570068
1.3548909983908466e-18,0.999973964523088,2.6035476912083017e-05
0.9999999352497142,8.718071612911635e-33,6.475028578674057e-08
8.496060926514933e-15,0.9930633454508707,0.006936654549120698
4.137434258422704e-09,0.0015044453299325356,0.9984955505326333
0.0004892816256139687,1.4266155346723205e-10,0.9995107182317244
1.8441013791016224e-32,0.9999999999999896,1.049737571862827e-14
1.1283746476022859e-17,0.9998114687647985,0.0001885312352013185
1.3229684625419299e-20,0.9999979263326229,2.073667377244425e-06
4.33848412065109e-17,0.9998846407337756,0.00011535926622449958
0.9999999999998452,1.0409843810459709e-47,1.5478347254463306e-13
0.9414755731500117,1.7551322971329946e-19,0.058524426849988286
2.4933987090820324e-33,0.9999999999999933,6.661618430189299e-15
2.460665410636363e-23,0.9999999518496682,4.815033179311249e-08
0.00181437429369505,1.8280767076773806e-11,0.998185625688024
7.237863902722581e-07,1.9695982039075503e-07,0.9999990792537894
1.3611303304346475e-09,0.0010390659870856969,0.9989609326517839
5.1055100703400115e-20,0.9999998405621991,1.5943780076517207e-07
1.7209688930572953e-35,0.9999999999999998,1.5957667962624786e-16
2.8131743585670905e-23,0.9999999952684471,4.73155284674563e-09
6.409645691842546e-05,1.8571449912640335e-05,0.9999173320931689
7.172676728175976e-06,1.6536980075813123e-08,0.9999928107862918
2.5100625394129018e-12,0.9935761676919818,0.006423832305508279
0.9999778770927252,2.626860984421395e-27,2.2122907274729177e-05
8.841219760577213e-22,0.9999999758831545,2.4116845540320666e-08
0.0011968353194160475,9.889887510340799e-12,0.9988031646706941
5.089456321071151e-20,0.9999999025892311,9.741076887791465e-08
0.999999999823588,2.198467480026994e-40,1.764118989813183e-10
6.394865257703276e-07,0.0075243519556978744,0.9924750085577764
3.93082438167654e-10,0.836996980051604,0.16300301955531357
0.9999999939768738,3.299611825076081e-36,6.023126128212094e-09
0.9999999166129055,3.101886273705356e-33,8.338709445435784e-08
1.285298578074698e-07,0.14207860975782066,0.8579212617123216
1.222858861125573e-07,1.9546231378337128e-06,0.999997923090976
2.1650413844386333e-05,1.0579942083055515e-08,0.9999783390062135
0.0002107054521819192,8.33692018160527e-10,0.999789293714126
5.5638182111985826e-30,0.9999999999997009,2.9911331424863207e-13
1.980131407711097e-09,0.7887739174881118,0.2112260805317567
1.9802594748879735e-09,0.5756010785030506,0.42439891951668984
0.003363098743597452,2.3972603421778085e-11,0.9966369012324299
1.0309444347140183e-06,4.064530314213897e-07,0.9999985626025338
3.588280099179054e-25,0.9999999888793997,1.1120600213207312e-08
0.9998384156765914,2.131907353866534e-25,0.00016158432340877515
1.1353328756382966e-08,0.0008373254399640655,0.9991626632067073
4.2740137636798095e-16,0.9989058962117362,0.0010941037882634505
1.907961751345681e-32,0.9999999999999922,7.791594128908689e-15
1.2335066467243935e-06,1.240590895440447e-06,0.9999975259024579
1.0256659678481648e-28,0.9999999999987619,1.2381134653842563e-12
0.9999996346698379,1.4040065250707274e-31,3.6533016213109726e-07
0.9999819283025849,3.9107289466260026e-28,1.8071697415087947e-05
2.1773473252677736e-22,0.9999998625559052,1.3744409484048953e-07
0.0001558147262424586,8.582950284584801e-10,0.9998441844154626
1.1065849993284302e-24,0.9999999933679242,6.632075797023167e-09
0.9999982327630742,3.408317866046627e-30,1.7672369259385784e-06
0.9994089166755219,5.475815839913888e-24,0.000591083324478165
1.3603612039396378e-25,0.9999999998113038,1.8869610306276578e-10
2.0980393066286833e-18,0.9999980710636001,1.928936400003393e-06
3.043931189765922e-08,0.00012221886360700584,0.9998777506970812
7.149183388397803e-05,1.390714487121259e-09,0.9999285067754016
1.4264942016950252e-18,0.9999985079851316,1.4920148685130968e-06
0.000549090259283534,9.278472239280637e-07,0.9994499818934927
0.9999999999707581,8.868236701357153e-43,2.9241870188647916e-11
3.229031944005786e-05,1.519353633345208e-08,0.9999676944870236
0.003015791555116159,1.8049402687661615e-11,0.9969842084268344
0.999999999999992,7.510125667525781e-51,7.919147072889293e-15
1.0961294340186274e-19,0.9999932027408855,6.797259114411627e-06
3.6964428727259594e-19,0.999999448606945,5.513930548490373e-07
1.4822531419594522e-09,0.0015953794896304246,0.9984046190281165
0.999999986714911,5.066541336028717e-36,1.328508897911511e-08
0.9994336152303773,4.267258742454893e-24,0.0005663847696227363
3.6524720567731176e-17,0.9999940775368511,5.922463148893834e-06
3.056064299268999e-32,0.9999999999993958,6.042737422862499e-13
0.9999999999999962,1.7010318153300616e-51,3.7495185395917445e-15
1.5065761271100932e-30,0.9999999999999076,9.228085861379044e-14
0.9999795596899251,2.98266293087507e-26,2.0440310074865155e-05
0.9750366478984422,6.859164908132333e-20,0.02496335210155787
2.580125580641494e-06,1.0766018148000613e-07,0.9999973122142378
7.991873139202803e-09,0.0011531082473132251,0.9988468837608137
4.131556161166954e-06,0.0011697144434758698,0.998826154000363
1.0931458928321581e-13,0.9890988230392627,0.01090117696062796
7.327405328220752e-23,0.9999998707656959,1.292343041458442e-07
0.9999993789297805,7.329753069902648e-31,6.210702193281395e-07
4.347153030228644e-33,0.9999999999999953,4.688366290393745e-15
7.626855915834235e-09,0.0013950056647138035,0.9986049867084303
1.7049011649917677e-16,0.9999650591528099,3.494084719004038e-05
1.9874017300330738e-30,0.9999999999997617,2.382154403624293e-13
0.9999999997949074,8.612455883694427e-40,2.0509262555521122e-10
0.0031553371570518193,1.303824087716343e-07,0.9968445324605394
2.4475442173519574e-12,0.9953047529854495,0.004695247012103021
8.454788609456617e-30,0.9999999999994833,5.166556566880283e-13
2.0845929215734638e-20,0.9999963148096223,3.685190377760865e-06
1.2894226927035003e-09,0.0060730419407823396,0.993926956769795
3.4567928918372645e-07,5.463370995693808e-06,0.9999941909497152
5.9509836935082506e-09,0.0016368005366763226,0.99836319351234
2.980676630252824e-19,0.9999996055212834,3.9447871653360055e-07
0.9999994738584345,4.996886999303642e-31,5.261415654127942e-07
0.9997731346598737,7.109622499234409e-26,0.00022686534012633907
0.9999999999999865,3.620181413543225e-50,1.3456741341381993e-14
0.9999999998620286,1.1273377787623701e-40,1.379713295671385e-10
1.8557677086474422e-14,0.9950980314265688,0.004901968573412551
0.9999937370406388,3.393206676188312e-29,6.262959361186399e-06
2.3150002874570204e-36,1.0,5.651193598719215e-17
4.1221874228564905e-30,0.9999999999997149,2.8507449999507936e-13
0.9998658372971634,2.7959459641023337e-25,0.0001341627028367647
1.9311807738841832e-07,1.8701922553010242e-05,0.9999811049593696
7.84882406583996e-05,1.926649192157021e-09,0.9999215098326923
1.3797558906470596e-25,0.9999999998675613,1.3243878337066107e-10
0.00034486650481052686,5.489087559361447e-10,0.9996551329462806
0.9999999999959344,2.9639994532728066e-43,4.065686406158356e-12
0.9999999941298805,7.071964588195864e-36,5.870119486249578e-09
0.9999722526105623,4.677303822964757e-27,2.774738943774259e-05
2.6818000303209386e-32,0.9999999999999887,1.1415442884925436e-14
0.999999610009469,8.162762976755053e-32,3.899905309387823e-07
0.9999996283137633,3.3532443818601514e-31,3.7168623663735705e-07
8.378849007746733e-09,0.0003243107723546064,0.9996756808487963
1.588808353093646e-21,0.9999999598841895,4.011581030743768e-08
0.00045096150170084346,2.81007631031664e-10,0.9995490382172916
3.053349948167143e-05,4.467274043285211e-05,0.9999247937600854
8.200575009250106e-09,0.00042772093935970756,0.9995722708600653
2.377492342881481e-06,7.567035199595528e-08,0.9999975468373052
5.448042186139049e-21,0.9999984511278619,1.5488721381342755e-06
0.9795126489597665,2.3067037799313118e-20,0.020487351040233415
5.785736742537045e-31,0.9999999999953209,4.679069108915837e-12
9.950598380031789e-31,0.9999999999999247,7.517111666848662e-14
1.0943661382664915e-16,0.9999812315163349,1.8768483664967723e-05
2.4120961088182604e-14,0.9997364821058672,0.00026351789410849347
6.933062877906135e-08,4.0075039711972715e-05,0.9999598556296593
0.9999999999590754,3.5561618579269536e-41,4.092464190127265e-11
4.2103516728993165e-06,1.8274078788526005e-07,0.9999956069075392
0.9999999981084637,7.790521960081789e-37,1.891536333761048e-09
2.597809364046676e-23,0.9999999975027736,2.497226342075911e-09
7.800692396477965e-08,2.027479184107834e-05,0.999979647201235
2.9337909032741903e-22,0.9999999871675705,1.2832429506289033e-08
1.828494854311258e-06,1.0492835847797308e-07,0.9999980665767871
0.9999298007462097,5.665198313090452e-26,7.01992537902264e-05
0.0009152118627893904,2.4684273947682914e-11,0.9990847881125263
0.9999999999982898,9.526487505322769e-45,1.7102319921761233e-12
0.9966247302366743,3.9902445471610755e-22,0.0033752697633255813
6.365301254749956e-37,1.0,3.402893074826395e-17
1.783556752210704e-18,0.9999984529888988,1.54701110119665e-06
0.9999999993947868,1.5695562098053727e-38,6.052132207922806e-10
1.7260312642426473e-07,1.534309532019106e-06,0.9999982930873416
0.9999990621019484,5.333824197722441e-31,9.378980514912534e-07
0.00011878913414400904,1.8554707224590193e-09,0.9998812090103852
0.00013067241157040872,1.9113571449103521e-10,0.9998693273972938
1.0953140090792086e-24,0.9999999993789945,6.210054597677811e-10
4.0712605953002245e-09,0.0009997480745257794,0.9990002478542135
0.9999999495593258,2.63285164915886e-33,5.044067430257992e-08
0.0007497010810432452,2.6958665449385385e-11,0.999250298891998
4.874664298232498e-26,0.9999999999437552,5.6244825944288e-11
0.010813614566219796,6.380053297475437e-13,0.9891863854331422
2.9644948709290436e-14,0.9996930032320335,0.00030699676793673376
0.00288348616503622,1.7460527599304196e-12,0.9971165138332178
1.53072415351422e-07,1.2480180336638032e-05,0.999987366747248
0.00031877662553366664,5.080644382164691e-06,0.9996761427300842
0.9991096964840274,6.599913183621635e-23,0.0008903035159726517
0.9999995865816343,6.294370694052182e-32,4.1341836561569073e-07
0.9758173856709639,3.731266755030693e-20,0.024182614329036158
4.206974906113166e-06,1.2415184609986453e-07,0.9999956688732479
2.760961810264844e-06,8.655772566943058e-08,0.9999971524804641
0.9999921847941066,2.3923731887322634e-29,7.815205893369913e-06
0.9999999999980738,8.992508170981688e-44,1.9261886019023416e-12
1.0729527690579292e-14,0.9997886300057901,0.00021136999419930924
7.986759678239993e-23,0.9999999979104457,2.089554234354796e-09
1.9499160680903335e-27,0.9999999999803655,1.9634485584212223e-11
6.18464030431694e-08,6.137364484940087e-05,0.9999385645087476
4.600627792984817e-07,7.332743110578208e-07,0.9999988066629096
0.9999837142591775,3.422498450609958e-27,1.628574082248008e-05
0.9999999999998261,6.437127617243989e-48,1.7392359149492317e-13
0.0005279326454667566,1.0455845527543894e-10,0.9994720672499748
0.9999906240051413,6.079575457534941e-28,9.375994858799368e-06
2.519836048544362e-09,0.7365981751574541,0.26340182232270987
0.9911538172996297,1.849990594046678e-21,0.008846182700370256
0.999999999991565,1.1616964347596366e-43,8.435013286630901e-12
1.5643906585094814e-23,0.9999999982087215,1.791278497201869e-09
1.0382880483641734e-21,0.9999999716743148,2.8325685192772656e-08
4.028484193928851e-34,0.9999999999999982,1.7142530166682886e-15
0.00014381854224423,1.2012907995326626e-05,0.9998441685497603
0.9999999999997562,4.1699021197427677e-47,2.4379044045518116e-13
0.9999798243169611,2.0212143721264e-28,2.0175683038827103e-05
2.7721942237453084e-23,0.9999999986375685,1.362431567125548e-09
0.999999999999801,3.6906138705751333e-47,1.988661346177994e-13
3.0788373992274677e-07,2.3344851449344334e-06,0.9999973576311151
0.999999990461287,9.535550640751002e-36,9.538712963733361e-09
2.2635998190200938e-20,0.9999998884356782,1.1156432178841164e-07
0.9994898196055293,8.455328967720322e-24,0.0005101803944707143
0.9999999987635892,5.162561095030119e-38,1.2364106673314539e-09
2.5452068321842993e-08,0.1667204816876136,0.833279492860318
2.240023168103914e-07,2.2106092262907053e-05,0.9999776699054204
1.7098574911646286e-05,6.094771927171689e-09,0.9999828953303164
1.7716958434544223e-08,0.0004276214659100194,0.9995723608171314
5.982475223455119e-23,0.9999999973077889,2.692211029149608e-09
0.0002389291603657299,3.5670251969030893e-10,0.9997610704829317
0.9997765481310078,8.955650091043725e-25,0.00022345186899231184
0.9999999999826414,8.667261936338611e-43,1.7358651105523452e-11
0.0005747496432876372,2.4992045287700535e-10,0.999425250106792
6.359652269909321e-12,0.984202499094669,0.015797500898971358
5.1054100721634625e-30,0.9999999999998377,1.622868666664839e-13
0.0002316144667396865,2.0496998334387613e-10,0.9997683853282903
0.0010041361474446323,1.161164130434893e-11,0.9989958638409437
0.9994946587293684,9.695111864750526e-24,0.0005053412706316554
2.2635229210571444e-24,0.9999999990935833,9.064167555197455e-10
0.9999999999999851,4.2734994050704695e-50,1.4957795952447997e-14
0.9997121721903415,3.4747063794621226e-25,0.0002878278096584765
0.9999919607405366,4.016574241404277e-28,8.039259463391106e-06
0.0062665334126673555,3.2135587524209726e-12,0.993733466584119
3.329441545851655e-05,5.445160627473641e-09,0.9999667001393808
0.001721860242270702,3.778010434578371e-11,0.998278139719949
2.235498444413632e-16,0.9999768517598332,2.3148240166572654e-05
1.5157798791152605e-07,4.876397183452966e-06,0.9999949720248287
0.999999999843141,1.2549942927599306e-39,1.568589956822183e-10
6.286452458940154e-06,1.7493166249353125e-07,0.9999935386158785
7.373945906320304e-20,0.9999995793784413,4.2062155881140214e-07
0.9998524033166911,7.153115002302944e-25,0.0001475966833089319
0.9999777448572232,7.139720095929023e-27,2.225514277666343e-05
4.368347183314276e-09,0.4853307985927965,0.5146691970388563
0.9999883382228473,7.766028277666424e-29,1.166177715271926e-05
0.9999698861939348,7.763849320511131e-27,3.0113806065252487e-05
8.856118172240615e-18,0.9999970231077958,2.9768922042637783e-06
1.0318758568754902e-06,0.010067415478583804,0.9899315526455593
0.0009912607265970947,6.524045860982438e-10,0.9990087386209984
2.387072203499931e-07,0.03012586349022588,0.9698738978025538
2.9100423688632854e-19,0.9999993524628222,6.475371778233806e-07
1.1291671652718693e-08,0.00013632321619439929,0.9998636654921339
0.9998336023900795,4.04619348066396e-25,0.00016639760992066677
0.9999999991829116,6.619120563353196e-38,8.170884357258984e-10
0.9999999999329352,1.27602981406501e-41,6.706472204529327e-11
6.511202752792366e-17,0.9999847242908757,1.527570912434601e-05
6.513393709552977e-08,1.7095519178715086e-05,0.9999828393468841
3.4659629988117474e-12,0.9889056674002327,0.011094332596301493
4.898772358383228e-16,0.9999607720153677,3.922798463187482e-05
5.0138593349669966e-20,0.9999998425009701,1.5749902995246134e-07
0.9999999991608368,1.0131646134023063e-37,8.39163157451922e-10
0.00021065706657099925,2.7758075397163697e-06,0.9997865671258892
0.9999999587232141,1.0617362202733975e-34,4.127678578060911e-08
2.2083714332295164e-05,2.5000611364782883e-09,0.9999779137856065
1.0170119781633742e-22,0.9999998214830205,1.78516979569928e-07
0.9980442579495503,1.130646145060943e-22,0.001955742050449738
6.123687386811445e-05,3.588321100588693e-09,0.9999387595378108
1.975521775921772e-08,0.0005855073573355123,0.9994144728874467
2.767081470086185e-06,1.2017188440647126e-07,0.9999971127466454
5.949116132442744e-17,0.9998220474132827,0.00017795258671733131
0.9999999892312302,3.715788846211197e-35,1.0768769771439202e-08
0.9999999208434496,7.375535024173131e-33,7.915655036812516e-08
0.9999999975631413,2.5524415969522068e-36,2.436858725063897e-09
0.9999999999999911,1.1341586013760212e-50,8.819843476863232e-15
1.359790975049433e-24,0.9999999918998247,8.100175274417187e-09
2.2533096082438925e-22,0.9999999866531926,1.334680749585448e-08
2.0934973770274856e-21,0.9999987284116032,1.2715883968824492e-06
0.9999999999940914,9.826544536261822e-43,5.908627825941629e-12
0.9999981520565292,1.4701170884501783e-30,1.8479434708005e-06
0.9995226954468963,7.138002854936436e-25,0.00047730455310372613
8.474931499340286e-16,0.9999178890254522,8.211097454693504e-05
1.0027792893718499e-05,6.503763649628073e-09,0.9999899657033426
9.662394033850262e-11,0.9648111830964833,0.03518881680689271
1.0979825296613735e-35,0.9999999999999998,2.128686609173648e-16
7.335298843849563e-11,0.9675955481839389,0.032404451742708104
0.9999968912823932,2.65778073898136e-30,3.1087176068179887e-06
5.8730740655087585e-06,6.547608290793037e-09,0.9999941203783262
0.9999999999915847,5.96194149096764e-42,8.415310574215589e-12
0.2339732586182351,1.4778433422358595e-10,0.7660267412339805
0.9999999999979423,5.813063315259748e-45,2.057646650746781e-12
0.0003354249054726033,2.212164077432765e-10,0.999664574873311
0.0015288766854800093,5.930768592853152e-07,0.9984705302376606
0.9999995783422359,2.304820317648753e-31,4.2165776419441764e-07
0.9999999999864562,1.341863905961488e-42,1.3543855000463313e-11
1.8468828977247852e-16,0.9996675326362144,0.0003324673637852646
4.429441992648721e-06,1.611273912528996e-07,0.9999954094306162
4.01796440268255e-18,0.9999972299450288,2.7700549710458492e-06
0.9999999999975728,1.4910727806845652e-44,2.4272247830047207e-12
1.2360787300212235e-24,0.9999999781360716,2.1863928323251364e-08
0.9999999999999813,5.039167706473181e-50,1.874842947440413e-14
0.9999999999919409,1.460542198779955e-42,8.05916355937908e-12
8.30746634650282e-34,0.9999999999999991,9.38273913087724e-16
2.614259271119959e-24,0.9999999996249904,3.7500953569006253e-10
0.9999999999954681,5.801724756231976e-43,4.531870326397997e-12
5.407079743225624e-09,0.6386452265402726,0.3613547680526477
3.82363942281826e-09,0.0008387312533210897,0.9991612649230395
1.3236544274203258e-10,0.9475509105170902,0.052449089350544285
9.265849558199856e-22,0.9999999724281049,2.757189513928723e-08
1.8662003097372746e-06,1.1539913814639264e-07,0.999998018400552
0.9999999999987415,1.876683075330427e-45,1.2585915458921277e-12
9.293517180590546e-10,0.8580685541444277,0.14193144492622042
7.954895547549323e-07,2.00376358720283e-06,0.9999972007468579
8.006962333172626e-06,7.230370831984267e-08,0.9999919207339585
1.2086634728308575e-15,0.9988423552157777,0.0011576447842211388
1.1154247960137945e-05,3.518790953722361e-08,0.9999888105641302
8.298913197350271e-37,1.0,5.895211110836437e-17
5.10589761299555e-05,1.2491028363196212e-09,0.9999489397747672
4.2106533216506924e-19,0.9999856635156291,1.4336484370800255e-05
0.9999998203023494,9.736186178006718e-33,1.7969765067565677e-07
0.9999999999995461,8.193998871438041e-47,4.538426910988849e-13
5.641021702099479e-07,1.2408293311162498e-06,0.9999981950684986
0.9958637554015115,4.69650484214731e-17,0.004136244598488549
0.0037756676465362225,1.4166239261935807e-11,0.9962243323392975
1.5899018431564614e-06,2.1951398547009917e-07,0.9999981905841714
1.8350525752891792e-13,0.9797797480909353,0.02022025190888127
1.2437274378269533e-05,1.483469141007447e-08,0.9999875478909303
0.9995636120629231,7.7951645255472e-24,0.0004363879370769286
2.9333882642986534e-07,1.8405917428154104e-06,0.9999978660694309
4.617136311639116e-20,0.9999998359031758,1.6409682430975194e-07
0.9926982611732672,2.3017892869162777e-21,0.007301738826732735
0.9990338991739522,4.6565690999680745e-24,0.0009661008260478289
0.9999999999904516,1.685562700776038e-42,9.548296577632014e-12
0.0004180689465460382,1.3120572101454185e-10,0.9995819309222481
5.698874505966798e-23,0.9999999974262401,2.5737599469960096e-09
0.9999994435960498,1.1122790846452937e-30,5.564039502646596e-07
0.9999999999998932,1.1592134592050336e-47,1.0681293993756985e-13
3.7481602488471696e-07,5.631125157193872e-06,0.9999939940588181
1.814775697971469e-22,0.9999999920993204,7.900679702201114e-09
7.60117569018843e-27,0.999999999974774,2.5226098971713796e-11
1.3933417581481707e-26,0.9999999999579405,4.20594985050815e-11
4.313674569276534e-05,1.5277671230590702e-09,0.9999568617265402
0.00011432694820526828,7.917249165818086e-10,0.9998856722600699
3.089258647284026e-20,0.999995255931252,4.744068747897232e-06
0.9996820881853297,3.1157615231053865e-25,0.0003179118146701831
1.4170807861061738e-13,0.9993725664028058,0.0006274335970524301
2.17083656074334e-16,0.9999587247230398,4.127527695996636e-05
0.9999999759470056,3.8053276190046647e-34,2.4052994381871786e-08
6.556919802896432e-07,1.0449965646962151e-06,0.9999982993114551
4.468574010251923e-05,1.5720461951599687e-09,0.9999553126878512
0.9960803402348809,6.798793021952416e-22,0.003919659765119045
9.285198226136777e-14,0.9633883374641604,0.03661166253574664
4.221212172351087e-21,0.9999999639971664,3.600283358126559e-08
5.523510554445334e-19,0.9999992375782052,7.62421794908891e-07
0.9999944306375234,7.482416691883847e-29,5.569362476711279e-06
2.8299944404966745e-07,3.491160644383551e-06,0.9999962258399115
0.9999999999904534,1.12382298539031e-42,9.546695797830831e-12
0.9999999999999676,2.2471766583616993e-49,3.234529520838649e-14
0.0006174278883420164,8.035963060573419e-11,0.9993825720312983
0.9999999999999862,4.880163958312806e-50,1.3774026472719639e-14
0.9998640046860777,4.972544338510681e-25,0.00013599531392218545
0.999999999645798,8.054103817977114e-39,3.542019914615175e-10
1.4324552304330378e-28,0.9999999999982476,1.7523659524504073e-12
0.0002840547437479124,2.944936905491852e-10,0.9997159449617584
0.00472117561939,2.199640442681046e-12,0.9952788243784104
2.865882057769488e-32,0.9999999999999847,1.5401882913001887e-14
0.0009663679757327371,1.3777604901276245e-11,0.9990336320104897
0.9993999163756118,4.3500451716778275e-25,0.0006000836243882262
2.1223778550419033e-08,0.39919221280495465,0.6008077659712668
1.4918441216551657e-19,0.9999996933563599,3.0664364020496357e-07
2.4799758825369993e-17,0.9997386084282361,0.0002613915717638463
5.166353594555968e-16,0.999973461299218,2.6538700781510826e-05
1.3844572856308544e-07,2.672634695582759e-05,0.9999731352073156
0.0004206231487780152,1.004972157239964e-10,0.9995793767507247
0.0005822529664695485,6.31252722073804e-11,0.9994177469704053
9.424983066311234e-07,2.0224139467315634e-07,0.9999988552602986
0.9999999999998472,9.456456139315791e-48,1.5284955500822408e-13
3.710962397441827e-14,0.9997056321674261,0.00029436783253681154
8.663855234126241e-07,6.736047928431361e-07,0.9999984600096837
0.00030350029013464375,2.121020352200615e-10,0.9996964994977634
0.9999999999832714,1.3133572799133188e-41,1.6728692119983573e-11
2.439293282965636e-07,0.06212904038732193,0.9378707156833497
1.376171566359824e-15,0.9999049847166364,9.50152833622624e-05
2.6054154217346703e-23,0.9999999354137592,6.458624094173593e-08
0.9999999999999676,2.763466772745056e-49,3.23138631461151e-14
0.00011994429034785214,3.3965545030611906e-10,0.9998800553699968
0.9999999999926816,1.4345938801337898e-43,7.318409919141472e-12
9.309492012086335e-22,0.9999999689953406,3.100465945929775e-08
7.443694378326835e-19,0.99995203176609,4.796823391004086e-05
1.6972102376410123e-08,0.00012131344285708429,0.9998786695850405
0.999999999996456,6.981105192496563e-43,3.544054095699263e-12
1.4987619257445484e-17,0.9998631189630436,0.00013688103695632642
0.017729026516259346,4.940285100987579e-13,0.9822709734832467
0.9999999990595778,2.08285960260187e-37,9.404221377298036e-10
1.8955883114592116e-13,0.958840793632436,0.04115920636737452
0.9999999999789921,4.4586802681543434e-42,2.100782826111174e-11
1.0455639798522112e-18,0.9999990549517201,9.450482797797424e-07
1.0473039288231087e-08,0.00037714693012782044,0.9996228425968329
1.238213594599264e-25,0.9999999949469871,5.053012863622649e-09
0.9999999997685469,4.257684991218738e-39,2.3145313230706318e-10
0.9999536678987896,1.4952575414952586e-26,4.63321012103347e-05
1.2220503744516078e-05,6.321686677254166e-08,0.9999877162793888
0.9999999999970257,4.682972745153887e-45,2.9742252333008197e-12
2.513583724970841e-05,3.253859394530796e-05,0.999942325568805
0.9999912349714511,3.8645786552032697e-28,8.765028548858457e-06
0.0011205905091473693,1.9841447491139598e-11,0.9988794094710112
1.1441166275236113e-16,0.9999903710463858,9.628953614015663e-06
6.7662536689379e-13,0.9979466724016214,0.002053327597701879
6.517321822078744e-30,0.9999999999997802,2.1980993704734254e-13
2.128806770419104e-26,0.999999999968183,3.1816992379297e-11
0.9999999999999869,2.475871874596982e-50,1.310552364658631e-14
0.9999999999956999,3.8863425001884705e-43,4.300035923938926e-12
1.0333049677815003e-10,0.09253090736333625,0.9074690925333332
6.464196425860895e-18,0.9999949676996789,5.032300321114266e-06
0.0011346192783157779,5.429787993198606e-11,0.9988653806673864
7.45996051418504e-23,0.9999999968181208,3.1818792724076387e-09
0.9994696112298246,2.7338119533312058e-24,0.0005303887701753998
3.174983988900466e-15,0.997757022769049,0.0022429772309478548
3.467720897551495e-08,3.0316391063633647e-05,0.9999696489317274
0.9936590510165743,7.854535509254537e-22,0.006340948983425692
1.290849547518365e-29,0.9999999999993863,6.137054450807614e-13
2.020773839370444e-06,3.6228649994194797e-07,0.9999976169396607
3.4705708358631944e-16,0.9999617768024064,3.822319759309404e-05
1.1397311485980803e-37,1.0,9.502755323786038e-18
0.9999998150173595,5.827331421984419e-33,1.8498264052846166e-07
0.9999996093183973,2.51772077682606e-32,3.9068160273692315e-07
1.3068003715740676e-05,2.8556591481452906e-08,0.9999869034396929
0.9999999995018491,1.300068132262667e-35,4.981508595756168e-10
1.2282853027943224e-05,3.6319927595854555e-08,0.9999876808270445
0.017286296290933836,5.841120215466427e-14,0.9827137037090078
1.3237731909016016e-07,0.07954900686959358,0.9204508607530872
0.9999999999988389,9.206589904346294e-46,1.1610405999416066e-12
0.9993887854109524,2.1684779099347975e-23,0.0006112145890476751
1.6038528661570015e-20,0.9999962303753814,3.7696246184427026e-06
0.9999999351664508,4.8319319746242e-34,6.483354914051046e-08
3.3770442663536637e-09,0.6701022597205104,0.3298977369024453
7.255131996869378e-26,0.9999999999204441,7.955588288711965e-11
5.481895204228893e-10,0.8469796435431509,0.15302035590865964
0.9999999998083664,6.635733955638472e-40,1.9163362179463116e-10
0.9999999986397645,2.7387467229407056e-37,1.3602354716573196e-09
2.491831698946473e-06,1.2571079499355882e-07,0.999997382457506
0.9999999999936531,7.282845024363111e-43,6.34685392772066e-12
9.31871864034665e-25,0.9999999997456379,2.5436214387896247e-10
5.307340701468276e-14,0.9992588066378368,0.0007411933621102115
1.6103744184555008e-37,1.0,1.903057890920247e-17
0.999999999999982,9.366494245932505e-50,1.7940162906914602e-14
0.9999999987423911,5.978584246125037e-37,1.2576088026516203e-09
8.615045620748821e-10,0.015939990413644925,0.9840600087248506
0.9999999999966156,4.852710791674634e-43,3.384307674348695e-12
0.9999999999987277,2.35568105952269e-45,1.2722502912262056e-12
0.999986661562763,3.481331453439256e-28,1.333843723690195e-05
0.9986784177079552,5.163681453531074e-23,0.0013215822920446987
5.439189894807726e-24,0.9999999987092743,1.2907258419093684e-09
0.9999868391843475,2.336577980420097e-27,1.3160815652507518e-05
1.727228116892428e-09,0.00689371736971351,0.9931062809030583
0.9997493349521571,1.6433107742413007e-25,0.00025066504784290413
0.0009001777984140267,2.745035874760513e-10,0.9990998219270825
0.9999999999901927,2.9314502379565745e-42,9.807262324058772e-12
0.9999593395425329,4.1441298294349945e-27,4.066045746715271e-05
4.334212926067548e-22,0.9999997283885955,2.7161140450039566e-07
0.9999999736076095,3.0812156582877795e-34,2.6392390390635767e-08
0.9999999999929581,7.32644516530121e-43,7.0419743597081195e-12
2.487441896021666e-10,0.022461243921917576,0.9775387558293382
1.3732313846449815e-05,1.51387578910923e-08,0.9999862525473957
0.9999999987207511,8.867972833543228e-37,1.279248824011816e-09
2.0811195497486308e-10,0.9520024496044834,0.04799755018740457
0.9999999999879885,3.1284722266934136e-42,1.2011416759733523e-11
0.0007936574408586817,1.0893889143882972e-10,0.9992063424502023
1.1146505191854493e-06,0.001769747632082679,0.9982291377173981
0.9999990832875835,3.0187391121552958e-31,9.167124164121837e-07
0.00042055316968669395,1.1163597713345117e-10,0.9995794467186775
0.9999999999851585,9.285965998616858e-42,1.48415699187965e-11
2.3822476663459996e-06,9.316214087767744e-08,0.9999975245901928
0.999927685683429,1.4155096539809288e-26,7.23143165709042e-05
1.472735447916793e-07,7.35511502939574e-06,0.9999924976114258
9.100474477530806e-20,0.9999997878332932,2.1216670667680954e-07
0.9993084847342256,1.2302949191166632e-23,0.0006915152657743341
5.4867969305560545e-06,4.44125083639363e-08,0.9999944687905611
0.9999590767437094,1.6703049591515676e-26,4.092325629055716e-05
1.9806105126244036e-17,0.99999528678547,4.713214529959633e-06
1.2164254191976375e-12,0.9277216547874098,0.07227834521137386
0.9999999999961442,4.954826599676456e-43,3.8557226506842e-12
3.7200776817754605e-11,0.9697175499881187,0.030282449974680593
0.9999982427723692,5.276337854733025e-30,1.7572276307912962e-06
5.608560346425653e-07,9.802710174600079e-07,0.9999984588729479
1.5258041072348643e-07,2.290387577911606e-05,0.9999769435438101
0.00010717861723505865,7.860630343365216e-10,0.9998928205967019
2.1018599732442345e-05,1.0841177572111261e-08,0.99997897055909
0.9999988672634131,2.957809823480908e-29,1.1327365867823047e-06
1.8595577661011393e-10,0.9536452241670417,0.04635477564700266
1.017564709401269e-19,0.9999997588854999,2.411145002022602e-07
0.005428977872574211,1.3386822133294434e-11,0.9945710221140389
4.159955952939752e-06,0.0012404076633835406,0.9987554323806636
3.0813758474499913e-06,4.479246378042668e-08,0.9999968738316888
8.123106581338244e-21,0.9999988421547453,1.1578452547187778e-06
0.999999999999976,7.082812492483698e-50,2.4043409016112127e-14
5.458580612370721e-07,0.03177652268148848,0.9682229314604504
7.970263209194288e-06,0.00012513361253025553,0.9998668961242606
8.694806037708448e-07,9.93210398680931e-08,0.9999990311983564
8.350350979082899e-05,5.500078035145864e-10,0.9999164959402013
8.890465953052267e-14,0.9993924401678083,0.0006075598321026019
9.810408320640803e-05,2.2900627184388474e-10,0.9999018956877873
6.137256849084533e-08,2.9810570601171944e-05,0.9999701280568304
3.27148574673686e-08,8.142638092040591e-05,0.999918540904222
8.850627270435456e-13,0.9483634977967511,0.051636502202363925
5.688519121649086e-23,0.9999999953655263,4.634473601758972e-09
0.9999999999993527,1.2386872767635886e-46,6.473187030451601e-13
2.352894707824176e-16,0.9999730791131473,2.6920886852554708e-05
8.690443082308757e-15,0.9957909132653733,0.004209086734618084
1.2893731402131616e-06,2.1883206671884114e-06,0.9999965223061927
3.558747888786919e-07,9.016281149468351e-07,0.9999987424970961
0.00011416859877582499,9.403699912771225e-10,0.9998858304608541
0.9819715428781562,1.3924305458057124e-20,0.018028457121843613
3.395826059765522e-14,0.99969801923176,0.00030198076820606574
0.9999516304855969,1.9806437009135127e-25,4.836951440300966e-05
0.9996363885050817,1.4697649544782095e-24,0.00036361149491831023
0.999999998030312,1.8399394243494776e-36,1.969688017833159e-09
2.2978179842099396e-21,0.9999987901953081,1.2098046918879775e-06
6.565251541796667e-07,0.009117069744454129,0.9908822737303917
0.0001651189977710022,7.085100376526098e-06,0.9998277959018526
1.1646222248477575e-22,0.9999999929952388,7.004761248491322e-09
7.933701315975476e-10,0.0084238040855426,0.9915761951210873
1.2147391207299007e-24,0.9999999995848785,4.1512157723793177e-10
0.9999999999981279,1.1947933918911056e-45,1.8720642998226793e-12
1.1697914293476564e-05,6.045554762087292e-05,0.9999278465380858
0.9999999999456026,5.7380878854295255e-42,5.43973828717152e-11
1.0517004787891393e-08,8.815759654669029e-05,0.9999118318864484
0.9997008594241735,1.3657064802096487e-24,0.0002991405758264021
1.117355920019379e-28,0.999999999998459,1.5410092472007337e-12
3.317662265087713e-27,0.9999999999827895,1.7210448575412607e-11
0.9999912256545865,1.0789355313992612e-28,8.774345413573606e-06
1.262359648261613e-10,0.9369185875551225,0.06308141231864153
1.6757378144864577e-18,0.9999728222630687,2.717773693133699e-05
0.0004468276432316038,2.2409630351118655e-10,0.999553172132672
0.0023142054742087566,1.0655649463817756e-11,0.9976857945151357
1.5312885538714413e-26,0.9999999999607252,3.927472083994013e-11
1.705785935648902e-08,0.32949353849888363,0.670506444443257
1.807712284108019e-25,0.9999999999103497,8.96503104746998e-11
9.723008070753581e-31,0.9999999999998601,1.399449234863645e-13
0.9781760460262537,5.753268916747879e-20,0.021823953973746157
0.9999910165227458,6.297766535765705e-29,8.983477254161728e-06
5.382288294969307e-26,0.999999999904464,9.553608209052698e-11
1.4050570938867343e-19,0.9999996634771298,3.365228703084982e-07
2.2469497818959135e-18,0.9999987652375749,1.2347624250643978e-06
1.9177458815274127e-07,1.0355519592801183e-05,0.9999894527058191
0.001572640375256376,6.986440557695443e-11,0.9984273595548792
0.9999897272254116,2.458884601509696e-28,1.0272774588422726e-05
0.9999999999880429,1.5106680931200108e-43,1.1957006084074631e-11
5.036627622891764e-35,0.9999999999999996,4.192457863808433e-16
1.3294459806376354e-19,0.9999997350053028,2.649946971592151e-07
2.991437536655625e-30,0.9999999999955471,4.452784851113206e-12
0.9999925209110317,2.9894740622897935e-29,7.479088968109218e-06
0.00044057214087559485,1.2661631873611015e-10,0.9995594277325082
3.7482454008696234e-13,0.9315916441873029,0.06840835581232224
0.9999989314989278,2.3718961347722792e-30,1.0685010722171643e-06
2.54527931337788e-07,1.1040903973122115e-05,0.9999887045680956
0.999999999578655,3.021233584606756e-39,4.2134501797221123e-10
1.1887812493133237e-25,0.999999999888425,1.1157495587423556e-10
6.278935003790707e-31,0.9999999999999207,7.922944350994916e-14
3.701919532757232e-32,0.999999999999976,2.3979601895645218e-14
0.9998568674282899,1.4130892889481927e-25,0.00014313257170996246
5.701056261126333e-23,0.9999999969077573,3.0922426007451728e-09
0.9999999999972577,4.343409870357209e-43,2.7422441983145293e-12
0.0004524448303040188,2.6271213891096765e-10,0.9995475549069838
2.540229731404104e-05,1.0281292358541913e-08,0.9999745874213936
0.9999999997409883,3.66452017985882e-39,2.5901180083710655e-10
7.582773418342129e-22,0.999999978489198,2.1510801938795437e-08
0.9999999999968456,2.9890183392717928e-43,3.1544605797816967e-12
9.30606378388224e-08,9.730454921707172e-06,0.9999901764844403
6.032999363863616e-13,0.9978264788859764,0.002173521113420229
0.9999999999999365,1.136349219203998e-48,6.355091310675317e-14
4.931626148652737e-07,0.008260842621810505,0.9917386642155747
4.344005134111681e-07,1.4457007095375526e-06,0.9999981198987772
0.996169887544976,7.136284088666226e-22,0.0038301124550238637
0.9898905150977483,3.0400405688557465e-21,0.010109484902251659
0.003844464689964517,2.9651466308884078e-12,0.9961555353070702
7.164096961847105e-17,0.9999872462402056,1.2753759794341856e-05
1.1406316474734246e-07,1.6975786863128924e-05,0.999982910149972
1.794064300364045e-10,0.07727532394726971,0.922724675873324
1.3988019995790903e-23,0.9999999983248071,1.6751929658830984e-09
0.9999999999999347,1.6049027378866253e-48,6.536346490406998e-14
0.987002089886313,6.655408816565427e-21,0.012997910113686966
9.835301397423801e-27,0.9999999999792877,2.0712313727231875e-11
0.9999976539794422,3.0427799393502655e-30,2.346020557871276e-06
2.2771515277141873e-30,0.9999999999998481,1.5179149942624807e-13
0.9999999999997677,1.8225641854975534e-47,2.3228546814332605e-13
9.852936648980287e-05,8.089113963134549e-10,0.9999014698245989
2.9151073577158107e-07,2.7324482332409413e-06,0.9999969760410309
6.5254089158523144e-09,0.0010081460962737749,0.9989918473783174
0.999999999999962,1.6800792451519955e-49,3.793789938676426e-14
1.0668055058256806e-06,0.001359982999417916,0.9986389501950763
7.330798829294333e-27,0.9999999999740883,2.591174568962628e-11
7.172795198336996e-27,0.9999999999867246,1.3275342018496577e-11
0.9999997292296665,3.853670093196678e-32,2.707703334722539e-07
0.995478392643945,4.616775773732919e-22,0.004521607356054916
0.9999415412150376,4.7024817041803414e-26,5.845878496238723e-05
1.1327436774291596e-21,0.9999999848516283,1.514837160644881e-08
0.999452336757223,2.6216416524835216e-24,0.0005476632427771109
3.6455992692653517e-09,0.0006087731027535429,0.9993912232516473
3.5145288481242294e-07,1.8512698280057952e-06,0.9999977972772872
2.069744008867754e-09,0.751795536746254,0.24820446118400197
5.675901254599486e-09,0.0007115279004184172,0.9992884664236803
1.6638142715597737e-10,0.09698337538095683,0.9030166244526618
0.9999999999859426,5.2788222223467654e-42,1.4057325382457606e-11
0.9999594649793186,9.556476230535734e-28,4.0535020681407844e-05
0.9999999999968288,2.791747906042135e-43,3.1711958239098625e-12
2.6300331348485957e-06,0.00035718980898188555,0.9996401801578833
4.644425462457249e-06,2.5674944342823402e-08,0.9999953298995932
0.9998979726621263,1.055305018556244e-25,0.00010202733787357954
1.1872861614646723e-06,0.003416601335270474,0.9965822113785682
0.999999999994073,2.960352564981266e-43,5.927083589591e-12
1.5678769772052503e-32,0.9999999999999847,1.5238803687613004e-14
4.047984604647679e-09,0.005011982558325888,0.9949880133936895
0.9999473313969041,6.912930382310961e-27,5.2668603095978314e-05
0.9999999999671463,1.7261338902572174e-42,3.285373638783238e-11
0.9999999999999707,1.2202677615137975e-49,2.926963938285536e-14
0.9999999991243385,9.99422335402926e-38,8.756614516143608e-10
0.9999999999984637,2.683615402048549e-45,1.5364080822144143e-12
0.98749297881562,1.6030412614953252e-20,0.012507021184379902
0.9999994055853173,6.735343525720558e-31,5.944146827042013e-07
1.1073466784038357e-05,2.4075064726979738e-08,0.9999889024581512
1.4456570051656897e-08,0.0003196871477305945,0.9996802983956993
5.521634388576983e-23,0.9999999193488626,8.065113753629493e-08
0.9999999891039558,3.904209027044418e-36,1.0896044204008433e-08
2.0840659417400305e-31,0.9999999999999643,3.5750896874165075e-14
1.8928712540322304e-05,7.102133682273381e-09,0.999981064185326
9.693906445953632e-05,2.2273415309421234e-05,0.999880787520231
1.4496201215790578e-08,0.00032389819264941805,0.9996760873111494
4.933279935601273e-07,0.011339821230100777,0.9886596854419057
0.999999999990347,2.0743702993480766e-42,9.65289120686949e-12
1.86045025866075e-05,2.99431803784013e-09,0.9999813925030953
5.1308434672979144e-09,0.00037818538171832124,0.9996218094874383
4.382429703047481e-06,0.0010166712113815004,0.9989789463589154
1.4947476812348364e-17,0.999767703409801,0.00023229659019902052
0.9999711223727764,1.546498482857066e-26,2.8877627223727375e-05
0.9999634080376154,3.446905039122441e-27,3.659196238445086e-05
0.9999999994346482,1.713024290657904e-37,5.653516589074266e-10
0.9999980826348372,1.5523027846617625e-30,1.9173651628145985e-06
2.2979649527066047e-13,0.9986210281028968,0.001378971896873603
0.9999999999840037,1.5314133638524288e-43,1.59964088344541e-11
0.00019552677693607137,1.7406822057778044e-10,0.9998044730489957
0.9999999999908809,2.4188350398504856e-42,9.119110890860845e-12
2.6779245763983627e-28,0.999999999997889,2.1109219997748857e-12
0.999840495382288,2.144250618607302e-25,0.0001595046177120974
0.9999991426636329,2.1075033205843402e-30,8.573363672366371e-07
0.9999700273333042,2.5853407998815494e-27,2.9972666695850376e-05
1.3891864996187166e-16,0.9999685902468501,3.140975314973471e-05
1.803640133395088e-26,0.9999999999546261,4.5373978649366465e-11
2.1084188411143648e-30,0.9999999999998208,1.791768967142004e-13
2.091859219082241e-07,0.046969563063955104,0.953030227750123
0.9999999999999767,1.406779071131774e-49,2.3400989719443347e-14
1.5343988577307633e-05,1.9246582060295543e-08,0.9999846367648407
4.774857760946885e-33,0.9999999999999936,6.350444282409649e-15
0.001933041630850048,5.00704098812322e-11,0.9980669583190795
0.9999999999955342,1.2686106721431917e-42,4.465747167000542e-12
1.7313224098903827e-05,5.988355813604407e-09,0.9999826807875452
1.2710073671119469e-23,0.9999999971623832,2.8376168001387692e-09
1.3028335126361308e-28,0.9999999998950102,1.0498978440523785e-10
0.0014274274584900391,2.0612837897568768e-11,0.9985725725208973
1.1112431943142251e-13,0.9990220519434655,0.0009779480564234065
0.9999999999996174,2.2625714387794894e-47,3.8260995461083605e-13
0.9982756602349246,3.8099716339413027e-23,0.0017243397650752472
0.0009320982126387268,3.772477718769307e-07,0.9990675245395895
0.9999999998829341,3.88898819435788e-40,1.1706601106705883e-10
5.133844796103844e-06,6.287133253807482e-08,0.9999948032838712
1.969483094211251e-19,0.9999919793181109,8.020681889090082e-06
1.50818879484963e-11,0.9884109286651682,0.011589071319750014
8.427410744853698e-20,0.99999564609721,4.353902789895565e-06
2.8933504442218624e-26,0.9999999999642131,3.578701904084734e-11
2.544904423509614e-06,0.00020975486525491273,0.9997877002303216
7.538369989559106e-19,0.9999991094634711,8.905365288789878e-07
4.191026676616324e-06,2.426609106850556e-08,0.9999957847072324
8.589558353357564e-14,0.9993973316752573,0.0006026683246567597
2.933097513128527e-17,0.9998651179813445,0.00013488201865558021
0.9999999999673699,4.928407594218194e-41,3.263012075533035e-11
1.9577400950503748e-20,0.9999998571563984,1.428436016558569e-07
1.0477783796842433e-14,0.9998351684576585,0.0001648315423310408
1.6386650047437934e-31,0.999999999999255,7.448629982430816e-13
8.596303894897877e-10,0.008887236539481818,0.9911127626008879
5.795685279219531e-22,0.999999985287652,1.4712348101689285e-08
0.9999998318858795,9.586792743005218e-33,1.6811412055006834e-07
3.7539520713595426e-05,7.977538209621705e-10,0.9999624596815326
4.009166740874183e-26,0.9999999999670308,3.296923061467296e-11
0.9999999993819246,6.097923638068759e-38,6.180753043353439e-10
1.9862291914045184e-35,0.9999999999999998,1.7230585269612183e-16
9.982234512531753e-06,1.3140588914710522e-08,0.9999900046248986
0.000781529363329038,1.2978823702053536e-10,0.9992184705068827
1.7409521978919145e-36,1.0,3.756804934378394e-17
7.44748382177545e-17,0.9998121055807971,0.0001878944192027557
1.0364011976210068e-26,0.999999999954374,4.562600261152348e-11
5.87893290427561e-16,0.9982444383189131,0.0017555616810862834
2.9084376964811027e-07,2.2676582609774943e-06,0.9999974414979694
0.9999999999612257,5.997562768297388e-42,3.877432326644293e-11
3.3410824758845426e-14,0.9996736658126331,0.0003263341873334351
0.9999999999061142,3.3770584696917345e-41,9.388588775959684e-11
0.9994658981571275,1.11875223198104e-23,0.0005341018428725416
0.9999999883585972,3.493605469043935e-36,1.164140282072419e-08
4.824310225017881e-33,0.9999999999999909,9.162593803553363e-15
0.9999999999975291,2.701811722512787e-43,2.4709689322970018e-12
2.9150268620980365e-31,0.9999999999999523,4.777080688081526e-14
0.9999996166184977,1.4144599180502593e-31,3.8338150231918804e-07
3.024607940951998e-23,0.9999999972109628,2.7890373065206727e-09
1.3479029120629738e-05,4.510190978884822e-05,0.9999414190610905
4.217913336522162e-34,0.9999999999999989,1.1050641102129164e-15
1.7349932236241032e-06,1.141107469721193e-07,0.9999981508960293
8.877889406288815e-18,0.9998676002569165,0.0001323997430836252
0.9999999999999438,5.388929106623207e-49,5.607142584148583e-14
3.409549164324024e-25,0.9999999997939459,2.0605395735196825e-10
5.10774298088225e-08,9.077056067355014e-05,0.9999091783618966
9.192991967344982e-17,0.9996866507565212,0.0003133492434788378
2.5797795543459797e-07,1.7561654349328787e-05,0.9999821803676953
3.219143534902456e-06,8.348677824390866e-08,0.9999966973696869
0.9999999999963594,4.75101400705073e-43,3.640638565062641e-12
2.1925545206946904e-10,0.09301789589699178,0.9069821038837528
2.81508788302339e-11,0.977662762332751,0.02233723763909817
0.9998926753485052,4.887551421630794e-25,0.00010732465149475093
0.9999999993016044,4.6501480394932275e-38,6.983954967118291e-10
3.875129365886501e-07,7.716261429234243e-07,0.9999988408609204
0.9731750549002438,4.505343372018027e-20,0.026824945099756255
0.9252053365807188,8.871121983846094e-19,0.07479466341928116
7.673239580672876e-08,0.15763928316127976,0.8423606401063244
3.506395469757229e-09,0.004194350517446914,0.9958056459761577
1.270848683834102e-21,0.9999996607782009,3.392217989528669e-07
8.745514420348733e-20,0.9999950273825239,4.972617476104838e-06
0.00011417366327005538,5.146409411979894e-10,0.999885825822089
0.9103335151460554,1.0102417211555035e-18,0.08966648485394445
0.9999999999228883,1.3299091358830025e-40,7.711166176554843e-11
2.179203267787672e-06,0.0010540101769207398,0.9989438106198114
0.9999999901043214,4.607211767858585e-35,9.895678538064562e-09
0.9999999999999765,1.0223288836452799e-49,2.3523461591547553e-14
3.1792561036454185e-36,1.0,9.655516054694472e-17
1.5859950691714932e-18,0.9999979237439548,2.0762560452472185e-06
3.145380074334205e-20,0.9999999256509038,7.434909614575223e-08
1.383530995793611e-08,0.44347496031414707,0.556525025850543
9.59595722634001e-06,0.0006734432888890118,0.9993169607538847
1.8003275308310738e-09,0.7500006282637887,0.24999936993588373
0.00014077730135020453,2.0608460836425076e-10,0.9998592224925653
6.055820952061236e-11,0.1161600425510565,0.8838399573883853
5.931357183288033e-10,0.004824509394795196,0.9951754900120691
0.00014499316723789394,6.295350719248616e-06,0.9998487114820428
9.213725474773134e-06,3.4068892259033294e-08,0.999990752205633
0.9999999999999882,1.7306963753106525e-50,1.181063052338189e-14
0.9999999558964898,1.944455112524971e-34,4.4103510331234376e-08
0.9999999999969449,3.308734133285028e-45,3.055189854994029e-12
1.609029185588768e-14,0.9995831544003021,0.00041684559968202187
1.8764077892558296e-19,0.9999993221881929,6.778118071479537e-07
9.99606204893907e-05,2.6379805296030976e-06,0.999897401398981
2.335056643257244e-09,0.7805033342242008,0.21949666344074253
7.275457683254372e-31,0.9999999999999094,9.05621640398616e-14
2.5689990594244204e-37,1.0,1.6925504036968628e-17
0.9750612908292979,3.659605018143586e-20,0.024938709170701963
9.847344655481091e-15,0.9998126109159724,0.0001873890840178579
4.441159536601345e-05,5.598254647872612e-09,0.9999555828063793
0.9999826296943749,2.6072828679443484e-28,1.7370305625075938e-05
0.9992783032764307,5.085361154093248e-25,0.0007216967235692144
0.9921778813921349,4.6087185480868996e-21,0.00782211860786511
0.0001963138932751597,8.837335604606325e-10,0.9998036852229913
2.805759375987861e-30,0.999999999999611,3.8910271262312943e-13
2.3394140689501598e-09,0.001965132834793781,0.9980348648257921
1.2820511124789067e-18,0.9999445961900646,5.540380993536591e-05
1.1356936615372971e-07,0.0435821070265344,0.9564177794040994
0.999999892060803,3.754377457700806e-33,1.0793919702022622e-07
2.632689074689802e-22,0.9999999949783454,5.021654520117431e-09
0.9999500021751474,2.4271849595106758e-27,4.9997824852618184e-05
0.9999999999998235,5.935865862496643e-48,1.7644402367028925e-13
1.1242116608939896e-26,0.9999999999792755,2.0724487876752153e-11
0.9822029478655661,1.8981013382729744e-20,0.017797052134434055
0.9997846696294282,2.0816671113856274e-24,0.00021533037057173613
4.873912913085633e-20,0.9999999006406898,9.935931024354414e-08
1.46920159359446e-09,0.006380670268189977,0.9936193282626086
2.459420892002441e-05,6.633908986015934e-09,0.9999753991571709
0.9999917100339717,3.6584666202848326e-29,8.28996602831225e-06
5.947250064698517e-19,0.9999765496124796,2.3450387520441545e-05
7.222997614690649e-06,2.249901914045242e-08,0.9999927545033662
0.9999999707937064,1.0913723416792725e-34,2.920629360293735e-08
0.9996643924906826,2.5818327511781305e-24,0.00033560750931731556
1.7902178037793578e-21,0.9999999663043204,3.3695679567427517e-08
0.9998216375058729,1.079627388914005e-24,0.00017836249412700073
0.003067878095805549,2.998802371708135e-11,0.9969321218742063
3.334368335070516e-20,0.9999974877520801,2.512247919823629e-06
1.4646320443272622e-08,0.00014319257029236397,0.9998567927833872
0.9999624214330279,1.4059572621017278e-26,3.7578566972144924e-05
9.630589125485624e-06,3.7497798706895215e-09,0.9999903656610948
3.0460711164858734e-21,0.9999992849765175,7.150234824677906e-07
0.9999966126580488,3.8591159321731257e-29,3.387341951241166e-06
1.2859807704293579e-09,0.7623408746307969,0.23765912408322237
1.3283952610713186e-06,1.9502062502512395e-07,0.9999984765841139
6.1370684051055584e-18,0.9999976512687768,2.3487312233086206e-06
3.9134136061708353e-07,4.336770986330099e-06,0.9999952718876529
0.9999982503263913,5.0703080790862256e-30,1.7496736085613172e-06
4.469090909872625e-22,0.9999999904839997,9.516000235590567e-09
0.9999999999999889,1.5578927993901037e-50,1.1127320073992145e-14
6.81578706108994e-24,0.9999999990394726,9.605274200412472e-10
2.557082563393375e-19,0.9999833432219768,1.6656778023160072e-05
0.9999999999995219,1.9710243988854713e-46,4.780691084666791e-13
0.9840218988088778,2.964654930976271e-20,0.015978101191122283
8.450245940241073e-09,0.00033118078968513975,0.9996688107600689
0.9995650708192989,2.0558581810265364e-24,0.00043492918070110655
0.0015364541033000064,1.6728113967347243e-11,0.9984635458799718
4.911175531322519e-23,0.9999999962777593,3.72224065822048e-09
2.0268241403855418e-13,0.9992180718723155,0.000781928127481823
9.91495422325274e-31,0.9999999999999223,7.763813311012939e-14
4.269848883462171e-05,9.90665044112649e-06,0.9999473948607243
0.00031587202461674666,6.819763257882808e-11,0.9996841279071855
0.9999862146771712,1.1263176447230855e-28,1.3785322828881502e-05
3.3360652123284166e-19,0.9999996321475336,3.6785246631890727e-07
5.810338272822963e-25,0.9999999997658644,2.3413554342851006e-10
3.789757166331859e-18,0.9998594214300052,0.0001405785699948392
5.487563460711932e-26,0.9999999999505482,4.945186339797126e-11
0.9999999999999869,4.92286135177835e-50,1.3073870256927815e-14
1.1607002300073995e-09,0.002739916008047215,0.9972600828312526
6.993325434527902e-05,1.1555665155163996e-09,0.9999300655900882
3.2873813816363627e-16,0.9999633383178533,3.6661682146391084e-05
1.2487021493580228e-08,0.000158494911046658,0.9998414926019319
7.222461144132725e-07,0.011226813544796438,0.9887724642090892
0.9996108565595728,9.80656449761829e-25,0.00038914344042722035
0.9996394440022857,2.0998310699730108e-24,0.0003605559977143303
1.0012126027265857e-26,0.999999999984239,1.576091656368613e-11
1.1830929960991491e-32,0.9999999999997653,2.348110542358929e-13
0.9999948079833808,1.1554295663487524e-28,5.1920166191227375e-06
0.9997333450552703,2.3857840536341654e-25,0.00026665494472954
0.9999999999999944,6.181133218622175e-51,5.523463360849634e-15
0.9999999999953699,5.070561600243162e-43,4.630162861005602e-12
0.9999999987046408,1.0496978821576264e-38,1.2953591770454689e-09
0.9999986292716314,2.890293540966109e-31,1.3707283686631083e-06
1.537548892366787e-24,0.9999999996774165,3.2258355836535765e-10
0.9999999999999707,1.1686016823900453e-49,2.9350419983146803e-14
2.8083809073324e-11,0.9870681434825902,0.012931856489326087
1.3023718160187574e-06,0.001756082487892478,0.9982426151402916
1.4950853450654968e-06,0.0006212425114424848,0.9993772624032126
0.00015249690279885888,1.3249529018585532e-09,0.9998475017722482
9.931294756216199e-08,0.22947230858769874,0.7705275920993537
0.9999833722718721,3.476615792553391e-27,1.662772812802556e-05
2.286130319215106e-27,0.9999999999900526,9.947379535346663e-12
2.2475092973217296e-20,0.9999999185983939,8.140160615429942e-08
0.999999997150391,1.9350395105761727e-36,2.849608974215919e-09
2.665711864727866e-13,0.9983165120938193,0.0016834879059139016
9.29601700844594e-33,0.9999999999999951,4.906484406615496e-15
2.3113934432985144e-06,5.99919524096456e-07,0.9999970886870325
0.5621978965105454,8.275267224514074e-12,0.43780210348117926
0.0001524148155116502,3.3972198884591514e-10,0.9998475848447663
0.9999999999800662,1.7533550449583968e-42,1.9933940940848236e-11
1.4268169184135888e-11,0.2746777220422023,0.7253222779435295
2.416516653244414e-06,1.5907242330074597e-07,0.9999974244109234
1.6639597247153434e-09,0.002985123762477534,0.9970148745735627
0.9999999949565206,1.127584504371524e-36,5.043479364666987e-09
4.8648175758531376e-36,1.0,6.922800957202567e-17
0.9999523764448186,1.959044639530151e-26,4.76235551814025e-05
1.2174447923596166e-06,0.0029859575338011066,0.9970128250214064
0.9988325653289217,3.5799978541690874e-24,0.0011674346710782758
0.0003096212534565205,4.984189752025118e-10,0.9996903782481245
5.6508461885917244e-05,2.8046701024026297e-09,0.999943488733444
0.9999439541092789,2.0297936696136803e-27,5.604589072102943e-05
7.255460295662957e-24,0.9999999989539521,1.0460479257281064e-09
0.9996937492166165,3.9273581308066015e-24,0.0003062507833836544
0.0015615105143800395,2.4926682507708773e-11,0.9984384894606934
0.0004428728173302323,4.534945359150205e-11,0.9995571271373204
2.5335834630617042e-21,0.9999999765966544,2.340334564003225e-08
3.7802070595285887e-16,0.9999691112059498,3.088879404988289e-05
0.9999999999999909,1.6141677684890915e-50,9.125999358580956e-15
2.74614441763456e-08,5.8967462228859734e-05,0.999941005076327
1.2576979949085502e-07,2.5110102767675717e-06,0.9999973632199237
0.9999999110828152,2.8019934040268924e-33,8.891718484845025e-08
5.614046494103624e-07,5.355055468203494e-07,0.9999989030898038
5.462630682903236e-06,0.00017326475943514198,0.9998212726098821
0.999971580759542,9.949922196654072e-28,2.841924045802457e-05
3.0183969228031298e-05,1.5587258778468e-08,0.9999698004435132
9.68847353712278e-06,1.499247236934032e-08,0.9999902965339905
4.5555575668215824e-07,3.520660737717219e-07,0.9999991923781696
0.9999718856867741,9.440272858242738e-27,2.811431322584709e-05
1.4269082086705866e-20,0.9999959432106708,4.056789329283176e-06
1.179247585618848e-12,0.9979587738892879,0.0020412261095327493
1.3864391836814343e-08,9.885829190945113e-05,0.9999011278436987
0.9999914503713504,3.3539233393573004e-28,8.54962864948619e-06
0.9999999995097553,2.6792994783275397e-38,4.902447917811434e-10
1.5066933569213065e-09,0.8200352559523221,0.17996474254098457
1.1851406270976373e-06,4.2632358594451977e-07,0.999998388535787
4.5414830290016425e-10,0.8151337293839487,0.18486627016190307
0.9999948568568994,2.2824076115672621e-29,5.143143100535932e-06
0.9999999999927063,5.4969512738154784e-43,7.293701260794572e-12
0.9999856496194792,4.8949431837953575e-28,1.4350380520743804e-05
0.0012836115110249097,5.969272324281223e-11,0.9987163884292822
0.9999999997123126,1.9111187178122914e-38,2.876873690224433e-10
2.3645558803534218e-26,0.9999999999651767,3.4823315398281645e-11
0.999999675946136,1.2216074124402771e-31,3.240538639217016e-07
1.0210674749383293e-17,0.9999960176856382,3.982314361770652e-06
1.997853903719613e-37,1.0,1.688719735352809e-17
0.9858785236388155,4.887647415047076e-21,0.014121476361184528
8.992193903047835e-10,0.0044769792633721096,0.9955230198374084
0.9999999999609945,9.356530351069733e-42,3.900536059205668e-11
9.68122626114826e-36,0.9999999999999998,1.177595178046059e-16
2.524900808689004e-05,2.7828055801595914e-05,0.9999469229361114
0.9999999999978129,2.4586984207183053e-45,2.187173855000702e-12
2.5770657858853975e-33,0.9999999999999951,4.8304982990828256e-15
0.9999999999999933,1.3714982697015764e-50,6.762853336668231e-15
0.9999999892250392,3.23456929684219e-35,1.0774960783523687e-08
1.6121476963820384e-07,0.04399303563848727,0.9560068031467431
2.827166519598644e-06,8.253073538501366e-08,0.9999970903027451
0.9999914664451135,5.238956178103829e-29,8.533554886465819e-06
9.520634011164324e-11,0.9702660403834036,0.029733959521390067
7.654445939586324e-10,0.8511167777853852,0.1488832214491703
0.9999999999999931,1.2650203793621493e-50,6.856786712673295e-15
0.9999999999935425,2.1406296489674434e-42,6.457482772345796e-12
2.2117869412643964e-10,0.9186452135826583,0.08135478619616306
0.9999999999999891,2.7518516370466037e-50,1.0965794356860922e-14
3.6036997097580913e-19,0.9999994328048132,5.671951869360819e-07
0.000966668468466587,4.6393740677582784e-11,0.9990333314851397
0.9999999999999949,5.621883063141669e-51,5.1902743957059286e-15
1.476201263918624e-10,0.9421037499750372,0.057896249877342654
2.783704635662277e-05,6.511925102720468e-09,0.9999721564417182
5.140253756797688e-10,0.06906756454192604,0.9309324349440486
2.744962076887493e-09,0.7770087771433514,0.2229912201116865
3.308288026515442e-06,1.200627203539e-07,0.999996571649253
0.9992759913004766,4.579422524457271e-24,0.000724008699523487
8.057917783098061e-07,6.272976135882771e-07,0.9999985669106081
8.990002831834209e-06,0.00012220631149641262,0.9998688036856718
0.999999956339709,1.999973707407355e-33,4.366029113041882e-08
4.342904772421558e-19,0.9999990590681592,9.409318408630025e-07
1.1999730332986351e-08,0.0009403729301129244,0.9990596150701566
2.778337516546719e-19,0.9999995618378771,4.3816212292941015e-07
0.999999999999994,1.1018767269241187e-50,5.9408523724330465e-15
6.535727599584875e-15,0.9950273933059451,0.004972606694048255
4.948683383182986e-08,0.1545087219583688,0.8454912285547973
1.9103529628356115e-08,9.933838046231214e-05,0.9999006425160081
1.3088617383674156e-10,0.08977218554701849,0.9102278143220953
1.0072916200300063e-27,0.9999999999920888,7.911296744297317e-12
0.003018626660324638,1.135797551476975e-11,0.9969813733283174
3.1024476590148256e-08,0.1967399927826652,0.8032599761928582
1.2088586690758279e-14,0.9998318329280339,0.0001681670719541092
6.159313346743382e-10,0.01545394117545818,0.9845460582086104
3.323165912497795e-17,0.9999928644590116,7.135540988448271e-06
2.8483527834752884e-21,0.9999999282225331,7.177746690655034e-08
0.9999999845271201,1.1935010219822663e-34,1.5472879814245457e-08
0.9999999999973253,1.469083684647515e-43,2.674767955167997e-12
0.9999999999990439,3.4497787706100694e-46,9.561960347038735e-13
2.784517410362301e-07,4.198869186630314e-06,0.9999955226790723
1.0566695979148538e-34,0.9999999999999998,3.2131835102369303e-16
0.997395474947907,2.3059075468989777e-22,0.0026045250520930216
4.65676648451508e-14,0.9990046172960426,0.0009953827039109364
4.1975632567026375e-20,0.9999997932372643,2.0676273560709226e-07
0.9999999638354398,8.837028053541854e-35,3.616456031889736e-08
0.999998274517126,5.897351175616834e-31,1.7254828740592946e-06
0.9997605474235738,8.058125039168583e-25,0.00023945257642613488
0.9999990550968971,1.8914278527425864e-30,9.449031028124824e-07
0.0004576160255270749,1.6973458960228432e-10,0.9995423838047384
7.4708090959900335e-06,7.598087588358841e-08,0.9999924532100282
0.9999990498400066,2.38525629596324e-31,9.501599934452015e-07
2.5668089203261266e-06,4.066907497391268e-08,0.9999973925220047
2.860555295872054e-30,0.9999999999998772,1.2275068722396328e-13
1.4555012937730996e-12,0.9939395727339013,0.0060604272646430915
0.9999998939942333,5.352844617007198e-32,1.0600576679334792e-07
0.9999949171110775,1.2497174205269123e-28,5.0828889226178516e-06
1.799242932559832e-23,0.9999999973652687,2.6347313508458138e-09
2.360638971173136e-13,0.998000018030452,0.001999981969311836
1.5356926243448166e-28,0.9999999999982891,1.7109375981760136e-12
6.620983596427402e-23,0.9999999911282674,8.87173264318878e-09
6.785041186950674e-07,0.005906639897400184,0.9940926815984811
0.9999601953846445,5.7737464136921796e-27,3.980461535533534e-05
0.9999999582627361,2.3239681948097903e-34,4.1737263818277555e-08
0.9995753131940482,3.6959194255280013e-25,0.0004246868059518521
0.9292715739515671,1.1861658412932998e-19,0.07072842604843287
4.92823120738958e-10,0.019768678065638222,0.9802313214415388
5.91633769171306e-20,0.9999947612203408,5.23877965919205e-06
0.0008712593791489007,2.100239344405539e-10,0.9991287404108272
0.9997627141732377,4.108453177589773e-24,0.0002372858267622272
9.26527542781114e-12,0.9892522286857871,0.010747771304947763
3.757657059028734e-12,0.7754753195651134,0.224524680431129
1.310201739873176e-07,0.050761665201348186,0.9492382037784778
1.1738135718916049e-19,0.9999838724395766,1.6127560423272184e-05
0.9999999994312343,1.0107686944986483e-37,5.68765790424986e-10
2.282087979986275e-19,0.99998563715307,1.4362846929979369e-05
1.4053334936141257e-06,1.7673579271116848e-07,0.9999984179307136
0.9999999198732092,1.0262797070511323e-32,8.012679067007387e-08
0.9999999999070799,7.590614591763234e-40,9.292004237211676e-11
9.022706390072674e-14,0.9994398460764498,0.0005601539234599607
5.501963890860955e-28,0.9999999999928904,7.1096340813719e-12
0.999959732012197,1.7025608639826078e-26,4.026798780304964e-05
1.209976917473949e-11,0.9820341394227823,0.0179658605651179
0.9999999999262952,3.856936026659083e-40,7.370480639626418e-11
0.00276549201069636,1.2974493578749616e-11,0.9972345079763292
2.787230533238243e-07,2.1063516177501104e-06,0.9999976149253289
0.000825325176814831,2.1917600645143658e-07,0.9991744556471787
1.541045796877311e-08,0.0001835273663229046,0.9998164572232191
3.552551166035817e-09,0.003216029255403065,0.9967839671920458
6.729543074574101e-16,0.9999399158756637,6.0084124335741175e-05
0.9999999999985518,1.506169476630514e-45,1.448229845867789e-12
1.7168549635092815e-08,0.4506786284252686,0.5493213544061818
1.3964953522958086e-07,3.5949118663912455e-06,0.9999962654385984
0.007377892629748581,2.504893580355219e-12,0.9926221073677466
0.9998711728379543,7.253865370743949e-26,0.00012882716204565882
4.700930425286556e-08,4.410765706891008e-05,0.9999558453336268
6.7345808306483254e-09,0.0022573776656113357,0.9977426155998078
3.3733511471771535e-07,0.025346506696913643,0.9746531559679716
1.8430426949186677e-20,0.9999999085035517,9.149644828785009e-08
2.884990264290807e-09,0.0017016407922595795,0.9982983563227501
0.9999999983169112,1.718023230593204e-37,1.6830888191947148e-09
0.9999996682993489,1.4348870343755093e-32,3.317006510651063e-07
1.0200013832498859e-09,0.8302611582000048,0.1697388407799938
4.308061901377909e-19,0.999959680778918,4.0319221082103164e-05
2.740663688583455e-15,0.9999290481012998,7.09518986974749e-05
0.9999999878186218,2.8427278224026067e-34,1.2181378296842766e-08
0.9999999999998683,1.2413722708505903e-47,1.3158254261180113e-13
2.0522835998802916e-19,0.9999915621742572,8.43782574282272e-06
9.9924421379351e-07,5.385820712619192e-07,0.9999984621737149
2.573455788133846e-21,0.9999999559616749,4.403832497825747e-08
0.00033237868427633355,6.710331523973517e-11,0.9996676212486204
0.0001678983357760046,3.48508827035326e-10,0.9998321013157151
0.026366570140719723,2.655800006389547e-09,0.9736334272034803
2.438620640907468e-07,9.562631799668922e-06,0.9999901935061363
1.0640886788430661e-22,0.9999997742729579,2.2572704203888076e-07
4.855943013033358e-23,0.9999999965951301,3.404869975182988e-09
0.0017810540968558391,1.2917302542764038e-11,0.998218945890227
1.4411616252172281e-05,4.488078225784083e-09,0.9999855838956697
4.262165628760671e-22,0.9999999912203804,8.779619536880648e-09
0.0020026388886757876,5.537957952682888e-11,0.9979973610559447
0.9999999999836584,5.5408589009083714e-43,1.6341602334788195e-11
1.5266660625463647e-06,0.003307250348865216,0.9966912229850723
1.9275679329437127e-22,0.9999999944797031,5.520296854090665e-09
2.8517864017165987e-08,9.667624581494577e-05,0.999903295236321
0.9997929900919009,5.085586039057517e-25,0.00020700990809894117
1.811608259073715e-22,0.9999999898489863,1.0151013604527e-08
0.9999999999939551,5.631310956968858e-44,6.045020677902253e-12
0.00032085926168406005,1.6796303636379616e-10,0.999679140570353
8.317764201924212e-14,0.9994018997211463,0.0005981002787705011
8.490611495729395e-17,0.9997537664085293,0.00024623359147073545
4.949671773110915e-27,0.9999999997703914,2.2960858383408748e-10
2.985657730140966e-19,0.9999897691808393,1.0230819160739581e-05
0.008900177889597096,4.95497719963081e-12,0.9910998221054479
1.2248484414784922e-07,2.7582341976227353e-05,0.9999722951731795
0.9952622583041958,4.350710890884891e-22,0.004737741695804233
0.002776111137292639,5.517288429189395e-12,0.9972238888571902
1.2380170063821568e-23,0.9999999975008995,2.4991004438033385e-09
0.9999999999931417,1.4942978459835503e-43,6.85837292431414e-12
2.920560453009787e-30,0.9999999999998335,1.6644836749881216e-13
3.7484174378813217e-06,0.00036838413928894385,0.9996278674432731
7.074171286846574e-13,0.9966790037873011,0.0033209962119914384
2.8428564222950123e-06,0.0029174625868496804,0.9970796945567281
7.350017092569309e-17,0.9999841908830334,1.5809116966560227e-05
0.999543309713053,2.2924970499170773e-24,0.000456690286946891
2.3441238679434562e-06,6.454494119712622e-08,0.9999975913311908
0.0002024606646794127,4.010597980305589e-10,0.9997975389342607
5.133422281656171e-28,0.9999999999948213,5.178719209792246e-12
9.90542191252564e-09,0.5152778503636019,0.48472213973097616
2.6281991244205723e-05,3.0941256822570137e-09,0.99997371491463
7.624513975467314e-05,7.674371328830755e-10,0.9999237540928081
3.0631357430065464e-08,0.0002553325842617266,0.9997446367843807
3.9220350814197416e-14,0.9992680109502565,0.0007319890497041137
0.9999999999968392,6.869734415154783e-44,3.1606995313620466e-12
0.9998404931478327,3.504550392241762e-25,0.00015950685216718636
5.488838879802421e-06,0.00033663610202123523,0.9996578750590989
0.9999999999806153,1.82331576182762e-42,1.938461932478068e-11
1.954555941629309e-06,0.001515494742457408,0.9984825507016011
0.9999999999916824,8.665065607564183e-44,8.317489053654112e-12
0.9999999997772313,9.393332800352726e-39,2.2276861393164255e-10
0.0024572399708858725,2.33829952048269e-11,0.997542760005731
9.406550230961062e-34,0.999999999999998,1.93992936610122e-15
1.17881643132977e-06,1.4368693830785796e-07,0.9999986774966303
4.6279196596718475e-08,4.124895440463257e-05,0.9999587047663987
6.657137572310718e-10,0.004193893075577377,0.9958061062587089
0.9999999645419803,2.124061531338911e-31,3.5458019772921226e-08
0.0008540647855471065,1.6172434604950082e-11,0.9991459351982804
0.0002285679807586344,1.9786101220981562e-10,0.9997714318213803
1.5781656343893059e-13,0.9457392610856246,0.05426073891421764
0.9999989340128731,2.5006969004795976e-30,1.065987126810518e-06
1.156294007169597e-07,1.872503210616214e-05,0.9999811593384931
1.1498851836083727e-05,3.469400428134463e-08,0.9999884664541596
2.5922990492156263e-10,0.9387397882825297,0.06126021145824042
0.999999999988042,4.351591363530646e-42,1.1958043234646301e-11
6.92383434866508e-06,6.469369018669315e-08,0.9999930114719611
0.0014257819696174652,1.3475951469756043e-10,0.998574217895623
0.0001259120447654596,4.1871010363893334e-10,0.9998740875365245
1.0729969253660224e-09,0.007578580585322232,0.9924214183416808
1.0898604920387536e-21,0.9999999623409,3.765910002167476e-08
0.9901351643215062,2.7916263563564595e-21,0.00986483567849389
1.6023120353986674e-25,0.999999999850127,1.498729029110735e-10
4.295627011725278e-25,0.9999999998682711,1.3172892687049363e-10
1.5158943153200754e-09,0.0018305696499235533,0.9981694288341821
1.9864248105676818e-16,0.9993911928402898,0.0006088071597099842
4.026376434086286e-06,2.9474313940584335e-07,0.9999956788804265
0.9999999998516702,1.1464366995794537e-40,1.4832983933867197e-10
5.146866914447409e-09,0.6929250091441139,0.30707498570901914
4.806196665641343e-22,0.9999999899856405,1.0014359536062178e-08
3.6696084098555414e-08,4.522635535389673e-05,0.9999547369485621
0.9999999786233384,5.21584916998835e-35,2.13766615364434e-08
0.999999999999988,1.7682773695338954e-50,1.188911071804434e-14
3.98535231006015e-23,0.9999999979548679,2.045132036365744e-09
0.9999999987711916,5.434268657436176e-39,1.228808389227722e-09
6.896212005144651e-09,0.0002974465551630496,0.9997025465486249
0.00877037374985902,2.2158995972290405e-08,0.991229604091145
1.7428987952768776e-09,0.005019919272208958,0.9949800789848923
0.9999999364812822,6.88767158188985e-34,6.35187179013422e-08
4.7500535187218217e-20,0.9999998003059717,1.996940283116772e-07
0.9999999998079119,1.9077119207103784e-39,1.9208818014031278e-10
0.9997361255295539,2.8937389751970323e-24,0.0002638744704460416
5.6512246785546e-08,1.8961399000524424e-05,0.9999809820887526
0.9999991709994547,1.5096905449851327e-31,8.290005452353212e-07
9.918601710735176e-21,0.9999998546892792,1.4531072065764023e-07
7.598598950153772e-17,0.9999880166777732,1.1983322226891324e-05
0.9999999975078888,2.367951426832201e-36,2.4921110761099473e-09
3.8649404801669744e-07,1.4384409807324949e-06,0.9999981750649714
5.170268036413253e-15,0.991390166731775,0.008609833268220013
0.9998383376147183,2.759745912696572e-25,0.00016166238528164925
0.999830365828619,2.0680003483354556e-25,0.00016963417138111212
2.8792000964087485e-10,0.03722790897726328,0.9627720907348167
0.0002680992616230455,2.991340965189206e-10,0.9997319004392429
3.953769463785841e-07,0.009513217443598242,0.9904863871794555
0.9999752921786679,1.662883767894992e-26,2.4707821332077934e-05
3.8972946552351395e-15,0.9998831216946927,0.00011687830530339002
0.9999880079325376,9.360769464098605e-29,1.1992067462387013e-05
2.704555461330191e-07,2.4466172791213507e-06,0.9999972829271748
0.999999999985349,3.7758521119343717e-42,1.465093211144606e-11
0.020817226875261857,5.0737869204575385e-09,0.9791827680509513
1.0772955344595956e-21,0.9999999756966039,2.430339601185124e-08
0.9999380863463342,5.081083767961134e-26,6.191365366585879e-05
5.4013797818565256e-08,5.511090132332985e-06,0.9999944348960699
0.9999966576819627,3.5872543337939995e-30,3.3423180373294715e-06
6.125479799125523e-05,2.4817526884271535e-09,0.999938742720256
1.6086999337127408e-27,0.9999999999917255,8.274568774877864e-12
5.927661500176089e-07,1.4188692949820672e-06,0.999997988364555
3.2263208354152128e-18,0.9999983737226446,1.626277355420569e-06
0.0001325414654036834,1.7935466504993717e-09,0.9998674567410497
2.4821305077995298e-05,2.3028422987556334e-08,0.9999751556664991
0.9999999999740361,1.326509083182016e-41,2.5963924316795295e-11
0.999835233896113,2.7528197511756606e-25,0.00016476610388700742
1.3622134303629982e-07,7.317256943677656e-06,0.9999925465217133
2.0224213600116754e-34,0.9999999999999993,7.424537001452483e-16
6.665044436433654e-05,2.381228073362277e-09,0.9999333471744075
1.1108230869904226e-32,0.9999999999999953,4.69663859065087e-15
0.9999999999905842,5.068829878741449e-42,9.415760304821864e-12
0.9998432854448044,6.162689734930806e-25,0.00015671455519563775
0.999995975083008,5.12377899177498e-30,4.024916992082517e-06
0.0001997380979027093,1.5383819521740863e-09,0.9998002603637154
2.7613866127828477e-08,0.3579133513414341,0.6420866210446998
0.999999997929031,4.323592250838871e-37,2.0709689441222196e-09
0.9974425945026478,3.5026435991855385e-22,0.002557405497352091
0.9999999999997873,2.459518562930269e-47,2.1264111785710887e-13
0.9999997085958888,4.1849060940820395e-32,2.9140411119399724e-07
3.2128873374724675e-05,6.333185409096881e-09,0.9999678647934399
0.9983430359316907,1.506998488549442e-23,0.0016569640683093915
1.2665090666951481e-08,7.455947537329471e-05,0.999925427859536
0.9999999771501938,2.5526150949189617e-35,2.2849806207608507e-08
6.768085825332082e-12,0.9943637259734992,0.005636274019732722
0.9999994017304177,3.178456784456089e-31,5.982695823243154e-07
0.9999674416911426,8.988921948517538e-27,3.255830885732514e-05
8.286728726673043e-19,0.999982725192123,1.7274807877163012e-05
1.0009057270085543e-05,0.00022508508801763022,0.9997649058547122
0.9999999737267875,2.724093644070441e-34,2.6273212429700504e-08
1.2310756717542035e-06,1.4617647016670686e-06,0.9999973071596265
0.9999789330332017,3.408975330561526e-27,2.1066966798332368e-05
0.9999980441165263,2.769129719250197e-30,1.955883473725194e-06
3.571552757040978e-06,3.173944541695621e-07,0.9999961110527887
0.9999995778951464,4.667995318929142e-32,4.221048535780984e-07
0.9999999981508012,1.1629984143965171e-36,1.8491988175409983e-09
4.9278014964224534e-06,1.2906661160072997e-07,0.999994943131892
1.1819410366356794e-24,0.9999999996183846,3.816154637355121e-10
5.860053444523042e-19,0.9999991145115452,8.854884547931178e-07
5.016985778243812e-34,0.9999999999999984,1.5743248316181328e-15
0.9999999999999847,4.532964052177359e-50,1.5422528034110186e-14
0.9999985540752446,1.072944401080026e-29,1.4459247552299401e-06
0.001291847759389975,1.2104976689591608e-11,0.998708152228505
0.9999999190718253,3.709673711135983e-34,8.092817465071139e-08
0.9999999999960969,7.036999445004496e-43,3.903128894745572e-12
1.4203257599476982e-23,0.9999999986397916,1.3602083854765757e-09
0.9999999999681026,5.732633185637747e-42,3.189747347534093e-11
1.0907909617824587e-30,0.9999999999998639,1.3611970902557512e-13
0.9999999998798825,1.1326996304668195e-39,1.201175668247394e-10
0.0004046085717596277,7.305988885981487e-11,0.9995953913551805
2.5760991095283015e-06,0.002108024915932387,0.997889398984958
1.8170712417488493e-08,6.566644468861322e-05,0.999934315384599
4.670339110110748e-09,0.0010219888044339651,0.9989780065252268
0.9999993725823169,7.071666968372108e-32,6.27417683214212e-07
1.5239515610242682e-07,0.06048751824070444,0.9395123293641394
0.001194162301066577,5.216792697957075e-07,0.9988053160196635
1.2454141672154178e-09,0.0032201339762171393,0.9967798647783688
1.5296445029408625e-27,0.9999999999906957,9.304351980193782e-12
5.482176417836288e-07,5.122418395894668e-07,0.9999989395405185
0.9999999999999853,4.07377384450775e-50,1.4728788136609174e-14
3.292279199562434e-14,0.9906308739643473,0.009369126035619573
0.00039601728065887605,3.4820119527227364e-11,0.999603982684521
0.9985834545498744,1.0406182738837113e-22,0.0014165454501255843
0.00047474758169164594,3.47709276237168e-07,0.9995249047090322
2.027942371278311e-06,7.669482132699721e-07,0.9999972051094154
0.9999999994965494,6.479488126885128e-39,5.034505566275069e-10
0.003749399043691143,9.91524254343485e-12,0.9962506009463935
6.18130258971636e-16,0.9999180487563041,8.195124369525118e-05
3.5281637561072785e-36,1.0,1.0060511573834133e-16
6.579445013858305e-08,0.1937123752999107,0.8062875589056393
0.9999999999999643,1.9370457305365107e-49,3.5762965375059386e-14
0.9999999567643642,1.3163703393752895e-33,4.32356358715183e-08
0.9999999999975737,1.9225316287590923e-43,2.426170834998247e-12
0.9999857015938907,1.3870612798411771e-27,1.4298406109379502e-05
0.9999966416101117,3.9767923035786656e-29,3.3583898883521193e-06
3.390997674827175e-11,0.27156397362983375,0.7284360263362564
1.6036590507933595e-08,0.00021064251525545542,0.9997893414481539
8.387267739840024e-20,0.9999909813880716,9.01861192836052e-06
0.9999999976758007,8.048698980962704e-38,2.324199301994335e-09
4.943933429459659e-11,0.1557478762080739,0.8442521237424867
1.9757556969309648e-20,0.9999957315997822,4.268400217731457e-06
1.0031546308805526e-07,0.061867803354736885,0.9381320963298001
1.6743256884697e-12,0.9965170910174803,0.0034829089808453033
4.397908615199114e-25,0.999999999834758,1.6524214043805447e-10
4.8474662602859885e-30,0.9999999999996485,3.51505082983726e-13
0.002505606306087039,3.625287704503681e-11,0.99749439365766
9.345112655274133e-36,0.9999999999999998,1.346043280241436e-16
4.6252165854191995e-36,1.0,7.565578137278905e-17
1.1683482960971966e-19,0.9999996548773041,3.4512269589859046e-07
2.991396549386991e-22,0.9999999900873114,9.912688672125707e-09
4.1163645478618464e-05,1.3728990979195767e-09,0.9999588349816223
1.158053904840736e-29,0.999999999999591,4.089737520530091e-13
8.54230383716118e-36,0.9999999999999998,1.2477026595569952e-16
0.9921725457376944,3.733766942349268e-21,0.007827454262305512
3.955312090856398e-18,0.9999978843671152,2.1156328846728457e-06
3.346436398213755e-09,0.0034485223130467724,0.9965514743405167
9.102766654566217e-09,0.0007942791127967562,0.9992057117844366
0.9999927620169069,2.2103223454550688e-28,7.23798309299664e-06
5.269879547918888e-08,3.7776155576818794e-05,0.9999621711456277
1.988573090549282e-12,0.99400618908495,0.005993810913061328
5.235042475007718e-20,0.9999998273741071,1.7262589287583337e-07
1.0994864822803684e-30,0.999999999999795,2.0487201972213825e-13
5.101422105287264e-08,3.645607713240039e-05,0.9999634929086466
2.1683434452309098e-05,2.8828110258999417e-09,0.9999783136827366
2.181705516320368e-34,0.9999999999999987,1.2268126055106474e-15
0.9999951484471507,1.5559795164868435e-29,4.851552849411352e-06
0.99999954072604,1.1620629671636263e-31,4.5927396006564185e-07
3.622860342557468e-05,6.9922261529911165e-09,0.9999637644043483
0.9998983196396362,4.4269098769010124e-26,0.00010168036036377074
0.9999999963916826,8.786983246123258e-36,3.608317491585095e-09
3.85020433133796e-12,0.9937341263422015,0.006265873653948206
1.4017976202590065e-36,1.0,5.498563000395746e-17
0.9997641815607426,1.5527509414100371e-24,0.0002358184392572092
7.434564941521088e-06,1.4006627685745927e-08,0.9999925514284307
0.9990267531712725,3.2955264337339275e-24,0.0009732468287273669
5.005633619989529e-16,0.9999517985453311,4.820145466828251e-05
0.9999999999821945,3.375648505608392e-43,1.7805548587579127e-11
1.0508290328145264e-06,9.991094593767954e-07,0.9999979500615078
1.9824741920576826e-06,4.3432942601443186e-08,0.9999979740928653
7.019209665808902e-09,0.0008067628701010878,0.9991932301106892
7.2100273689315945e-06,3.829761003006001e-08,0.9999927516750211
4.375576321954625e-06,0.00020941956591115956,0.9997862048577669
3.1553793286748217e-06,5.646636093756805e-08,0.9999967881543104
3.192036878168004e-08,5.679849177666666e-05,0.9999431695878545
1.6884873909783553e-13,0.9990195058238367,0.000980494175994345
0.0006493986610027324,9.8845820511059e-11,0.9993506012401514
5.252303358010653e-05,4.431849824406533e-06,0.9999430451165954
3.25798234993184e-36,1.0,5.270747171460919e-17
0.9999888162335956,1.5547620169283801e-27,1.1183766404520211e-05
4.527210154696116e-21,0.9999999648690377,3.5130962271779845e-08
1.1960172610976977e-34,0.9999999999999993,6.087249340300795e-16
0.9999237450704438,1.837773260165721e-26,7.625492955627625e-05
5.950005434605315e-09,0.001180168822569696,0.998819825227425
0.9999996839871127,8.952532237966589e-31,3.1601288724403705e-07
1.3790206553295202e-30,0.9999999999998663,1.3365078569637268e-13
0.9841355042475157,2.4466275717800102e-20,0.015864495752484435
0.000652423307467671,1.3855606401190216e-10,0.9993475765539762
1.6026794727858497e-19,0.9999878772004129,1.2122799586919865e-05
0.00010002342558572396,8.104712832605397e-10,0.9998999757639428
4.767882152615149e-06,1.151424311941203e-07,0.9999951169754162
0.0015998996867575303,1.6891815801029033e-11,0.9984001002963506
1.133328976626742e-22,0.9999999926063536,7.393646298588686e-09
0.9962493400234013,1.5141564178811868e-21,0.003750659976598773
4.832578981418028e-24,0.9999999987849839,1.215016139405307e-09
0.9999996030527883,2.5591982487451633e-31,3.9694721153023443e-07
0.9999999999832254,5.4702048974263466e-43,1.6774583387015313e-11
1.9589795432926386e-05,2.6010056706516637e-08,0.9999803841945104
1.7049165872299915e-07,0.028017171899615594,0.9719826576087258
3.675560109072401e-22,0.9999999922827995,7.717200607700772e-09
2.0447503937368006e-07,6.613320303132664e-06,0.9999931822046575
0.9999917413460462,4.8439106558405184e-29,8.258653953794865e-06
0.9999999999996716,2.4751416762884416e-47,3.2835985215340124e-13
0.9999999999858551,2.2666928654078913e-43,1.4144941271072037e-11
0.9998798770196535,7.083713584074046e-25,0.00012012298034640976
0.9999811973082835,1.3307004967423546e-27,1.8802691716439983e-05
6.907241348252476e-37,1.0,3.049532095988025e-17
5.2172882174591304e-27,0.9999999999744511,2.5548903641861202e-11
3.232284163437804e-22,0.9999999908917129,9.10828709380564e-09
0.9999999999898503,2.864857625164996e-43,1.0149664693671e-11
8.747617494162117e-19,0.9999992570218079,7.429781920727919e-07
0.9999877865038653,1.5260930350953527e-27,1.2213496134669023e-05
3.6822558380769955e-34,0.99999999999997,2.9952459874869804e-14
0.9999999863841667,3.132854996296739e-35,1.361583342892365e-08
3.80923536011495e-15,0.9998975703851622,0.00010242961483397757
0.9999238500187053,1.2234102877560295e-25,7.614998129471669e-05
4.673195808676143e-16,0.9999702098613974,2.9790138602110506e-05
0.9999999994279951,6.953080656589607e-38,5.720047780947044e-10
5.025433663873709e-23,0.9999998844001952,1.155998048347353e-07
4.103973971657256e-06,5.274378385303544e-07,0.9999953685881898
0.9999999999999902,1.4321851074800448e-50,9.77076933001962e-15
0.9993689642500595,5.512763863158935e-24,0.00063103574994052
7.145702935403752e-05,1.4504037134882747e-09,0.9999285415202422
0.00013836454797282072,3.605393074182085e-10,0.9998616350914878
2.0407585460505783e-11,0.975481904626989,0.024518095352603398
0.999999999997065,5.2785487282753155e-43,2.93505713226227e-12
5.680223272915686e-27,0.9999999999874702,1.2529861788518435e-11
0.9999999998462274,2.058100141242859e-37,1.537726583592787e-10
5.28804527899313e-23,0.9999999960038268,3.996173249778019e-09
0.9997537753309405,1.5000447760730796e-25,0.00024622466905968517
1.1423113724192806e-18,0.9999990190059171,9.809940827880538e-07
4.289434023329266e-10,0.006488358087644828,0.9935116414834119
0.9999999734044835,2.7131092975527175e-34,2.6595516487045755e-08
5.289035360270095e-09,0.001186617132098593,0.9988133775788659
0.9999672193174984,1.3147635306525777e-26,3.2780682501575195e-05
0.9998754661226544,1.378389683216912e-25,0.00012453387734564952
1.159937615435144e-08,0.00015280498424264058,0.9998471834163812
0.9999999912041412,9.114845912480695e-35,8.79585892124885e-09
1.9821484949506378e-15,0.9981061639392417,0.0018938360607563636
2.5329957807273916e-21,0.9999999439058485,5.609415142699819e-08
0.9999385292565621,7.194100978479357e-26,6.147074343782586e-05
4.421537974447097e-07,2.1899670001799224e-06,0.9999973678792023
0.9999999999999909,2.559377813658813e-50,9.174260434586286e-15
6.942698332313315e-07,5.866321645938858e-07,0.9999987190980022
7.139552441624052e-37,1.0,2.4750896618163656e-17
0.9999999999999754,1.7293407425976812e-49,2.4622731928234197e-14
6.851355025637745e-05,8.828076734604195e-09,0.999931477621667
0.9999999999990186,3.850015249766127e-46,9.814030931242494e-13
2.7011198914340583e-06,1.4430227089625402e-07,0.9999971545778377
1.617628537643487e-14,0.9997872226471832,0.0002127773528004809
3.73720867687028e-27,0.9999999999734892,2.6510881203081557e-11
1.089031578029051e-36,1.0,4.058772314618112e-17
0.9999998656517871,2.543423793901609e-32,1.3434821294789597e-07
4.163902478110328e-18,0.9999986836605067,1.3163394932900487e-06
0.9999975517052594,2.0838349909809825e-30,2.4482947407005592e-06
1.8666194972036531e-06,7.367352301789395e-07,0.9999973966452727
2.3123633196299914e-34,0.9999999999999989,1.1408941084312997e-15
2.142789994177342e-22,0.9999999933131678,6.686832074381637e-09
0.9999999998529892,7.328594673598808e-41,1.4701094030600946e-10
5.046462803963471e-36,0.9999999999999998,1.433130442406545e-16
0.9998607640474557,8.503018457637172e-25,0.00013923595254423796
2.8021865636635415e-13,0.9470617552628652,0.052938244736854524
3.254608316485634e-08,5.121124132245899e-05,0.9999487562125945
0.9999999997793418,3.341972795335166e-40,2.2065823894365924e-10
7.413035489335571e-16,0.9999268976944874,7.310230551194549e-05
6.33226848098306e-24,0.9999999989045154,1.095484598493484e-09
5.143155069373073e-19,0.9999993687886378,6.312113622626181e-07
1.0160345421378388e-07,4.811127031854993e-05,0.9999517871262272
3.954737380987891e-06,0.0011908215468560501,0.9988052237157631
0.9993839345875952,5.513958065105681e-25,0.0006160654124047311
0.999999878924295,2.553043114028872e-32,1.2107570497036029e-07
1.656187754172166e-27,0.9999999999946709,5.32914893307345e-12
4.292733074556576e-06,4.408409913614895e-08,0.9999956631828264
0.9999999999719902,1.917787193833683e-42,2.8009885448361244e-11
4.7843571269237787e-17,0.9999849598009513,1.5040199048702784e-05
0.9999636220922181,8.918889258991994e-27,3.6377907781802366e-05
0.0002695109369527582,1.7855576036402746e-10,0.9997304888844916
9.244350959809104e-19,0.9999809717968836,1.9028203116314622e-05
3.4348224673051867e-08,0.052019743296452745,0.9479802223553225
0.9999854887143822,2.648788631593515e-27,1.4511285617763458e-05
0.9999999999877849,4.557020265008407e-43,1.221517138505375e-11
0.9999999999999736,1.4546997239038618e-49,2.6346782491102136e-14
0.9855563951721406,5.0831193285786766e-20,0.014443604827859422
5.140125625128825e-09,0.6389060746121334,0.36109392024774095
0.9999999685918265,1.7680830121298758e-34,3.1408173565887027e-08
0.9999999999885967,7.827134799968737e-42,1.1403310957883993e-11
5.213040768901372e-10,0.8624217758766383,0.13757822360205774
0.9990687237849281,2.684220346541269e-23,0.0009312762150719134
3.3714203917895315e-14,0.9828877096538692,0.017112290346097184
0.9999999995658047,1.2686440001692992e-39,4.341954046448087e-10
0.9999999999935303,1.698728894373278e-42,6.469813568962855e-12
0.0015509324977891887,1.2246446738001972e-11,0.9984490674899644
7.210668789784877e-05,1.6054882259795217e-09,0.9999278917066139
0.9926804006884324,4.357824370067837e-21,0.0073195993115674545
0.9990476171471268,1.0682141484845412e-23,0.0009523828528732356
8.719932965009651e-07,5.287471329981259e-07,0.9999985992595705
0.9999625334226544,4.1899782673128294e-27,3.7466577345648174e-05
2.520570251390989e-25,0.9999999998174998,1.825002662226517e-10
2.0361780825991967e-08,0.00011212735850997006,0.9998878522797092
1.1438579554699715e-21,0.9999990861385724,9.138614276375891e-07
2.4654202538894093e-10,0.9316056398430741,0.06839435991038381
0.00011819466048251239,2.860408430591706e-10,0.9998818050534767
0.9999999999973881,1.4830647356939795e-43,2.6118941388560544e-12
2.1817462880537783e-23,0.9999999985605774,1.439422591223813e-09
6.916193196837271e-18,0.9999977700302894,2.2299697105697612e-06
6.425583767066596e-11,0.11478353583422653,0.8852164641015176
0.9999999999885234,1.2889306232146055e-42,1.1476574719064454e-11
0.9998103354233308,2.378458480144599e-25,0.00018966457666912896
0.9999933396425112,4.311934265533854e-28,6.660357488699385e-06
1.9462787501146494e-21,0.9999999791484988,2.085150114245009e-08
0.0002983204520209696,2.839901532688515e-10,0.9997016792639888
7.301769393784329e-05,2.819765249990641e-09,0.9999269794862968
1.2387527673714699e-34,0.9999999999999996,5.54578354978039e-16
0.9986148825413538,6.364473988661288e-23,0.0013851174586462427
1.1526319682541292e-19,0.9999917360294197,8.263970580389317e-06
8.855393182147036e-33,0.9999999999999898,1.0210526852382156e-14
0.24361809824408248,3.895871790368911e-15,0.7563819017559137
0.9999995624030368,1.4709945612543619e-31,4.3759696325290355e-07
1.3684279312913258e-07,5.1757920244354735e-06,0.9999946873651825
6.797145085566795e-16,0.9999467345182914,5.326548170801851e-05
0.00016724794243681693,5.988988966789362e-06,0.9998267630685963
0.0001043217272280857,1.6959163489911206e-09,0.9998956765768556
2.1069092057864534e-12,0.9964361679995025,0.0035638319983905048
7.285245377045134e-15,0.994046100764179,0.005953899235813824
0.0004833832109600287,3.299154080252072e-10,0.9995166164591245
0.9999999998674192,5.743320135808443e-41,1.325808969969363e-10
5.857118975730149e-25,0.9999999997934077,2.0659226421666088e-10
0.0023758484444704147,1.4509678375126075e-11,0.9976241515410199
0.9047717853729816,3.0565378506991025e-18,0.09522821462701833
9.512911809207674e-35,0.9999999999999996,4.861395967436872e-16
1.3271264828982466e-20,0.9999985064988629,1.4935011371704497e-06
2.9957871388300414e-06,5.5114064531813044e-08,0.9999969490987967
0.9999999999944169,4.923640579242036e-43,5.583023535859389e-12
9.343061533786588e-05,9.142184264321902e-10,0.9999065684704437
3.4042729195470407e-35,0.9999999999999998,3.281645191869363e-16
1.0378896907349975e-31,0.9999999999999654,3.4544912747067303e-14
2.110257737254527e-09,0.003810983956562776,0.9961890139331795
1.8591852286943503e-36,1.0,4.563027900651455e-17
0.9999999564224132,1.5578459880785215e-33,4.35775868500936e-08
1.3220908559420723e-15,0.9999512181861079,4.878181389076626e-05
7.99550808450599e-05,7.491596024705004e-05,0.9998451289589079
0.9999999675606855,9.433433883152121e-34,3.243931444379703e-08
2.6317180337423556e-14,0.9994281658945213,0.0005718341054523157
2.825909288685675e-15,0.9961207679009554,0.003879232099041801
0.9999999999999833,8.077741568331004e-50,1.664990757482703e-14
1.1405937564243925e-13,0.9990762243453095,0.0009237756545764956
0.9999999999999918,4.5877789422013154e-51,8.133481712399589e-15
0.9999983797756699,9.639551722166692e-31,1.6202243301690158e-06
1.5361039601976668e-08,0.18710418236871917,0.8128958022702413
2.3956689471769304e-16,0.9999808367023536,1.9163297646198452e-05
1.1826641849426036e-28,0.9999999999987839,1.2161712446160526e-12
1.4496702796266126e-31,0.99999999999995,4.995903868053422e-14
7.398436231410601e-15,0.9951821843368774,0.004817815663115195
0.9999999999901645,2.983028894425274e-43,9.835406513851347e-12
2.7569068310553e-35,0.9999999999999998,2.2895107075472695e-16
0.0004898024938261083,2.362495242560136e-10,0.9995101972699243
3.6569731532590185e-11,0.9765962334674672,0.023403766495963083
2.286483743332934e-09,0.756453669176187,0.2435463285373293
0.9999999999955986,6.2745255349695096e-43,4.4012839628776724e-12
1.061348549037274e-06,4.792727236492129e-07,0.9999984593787273
1.5243608141431523e-24,0.9999999994516617,5.483381635924524e-10
3.997904338474063e-20,0.999991770205279,8.229794721032194e-06
0.992442492818722,4.153541319153591e-21,0.007557507181278018
3.0263863749895323e-05,3.910351348841437e-09,0.9999697322258988
5.064644646181729e-09,0.00022474977246403165,0.9997752451628913
8.329799516634775e-17,0.9999837696744867,1.6230325513263454e-05
0.017720999971913377,3.0578795703214394e-12,0.9822790000250288
0.9999999627603746,5.451365249680007e-35,3.723962531286351e-08
0.9996440267891317,2.5359879719904627e-24,0.0003559732108684157
0.9968567759756403,2.4560318820685445e-22,0.0031432240243598176
3.3876337196258386e-36,1.0,7.90963280368314e-17
3.5636300387279433e-35,0.9999999999999998,2.8892948362606185e-16
3.8700571954567914e-17,0.9997432190741149,0.0002567809258850228
3.118569780618421e-06,0.022516361144529713,0.9774805202856897
0.9996164697410029,1.0554351201126676e-24,0.00038353025899706325
1.9611696678834625e-21,0.9999999300010518,6.999894818794086e-08
5.593113958463113e-05,1.1391238978072095e-08,0.9999440574691763
0.999996794339539,7.234719929310855e-29,3.2056604610808884e-06
0.9999999713194264,2.3764037273370437e-35,2.8680573636963704e-08
0.999859856763125,1.16057610072497e-25,0.00014014323687502512
7.586476251265502e-09,0.0002908707652215286,0.9997091216483022
0.99999999999999,1.5964942353456951e-50,1.0052914220966523e-14
0.9999999999986686,3.2765773454574128e-44,1.331295649194866e-12
0.9907779796033015,7.773212154348695e-21,0.009222020396698456
0.9999999051094998,2.828064843151971e-34,9.489050012887221e-08
0.9999999143490836,3.868285831226273e-33,8.565091634727913e-08
0.9999999999999714,1.6584134377511162e-49,2.8700372449166036e-14
2.427475916337759e-16,0.9999761312831251,2.3868716874690858e-05
2.636343661787543e-06,3.2704542319718263e-07,0.9999970366109151
1.2590991283508373e-18,0.9999836075618298,1.639243817019854e-05
0.9999993045551883,1.7428217310100491e-31,6.954448116769873e-07
0.00010714371042030402,4.213025718842103e-06,0.9998886432638607
4.689282304016194e-27,0.9999999999833045,1.669543916401121e-11
0.9999999999250715,1.613735323759104e-41,7.492861874497435e-11
0.999933515348829,5.474690286123776e-26,6.648465117101088e-05
0.9999999946169704,9.190649839461841e-36,5.3830294905897514e-09
0.002582143493221438,6.590427233124009e-12,0.997417856500188
1.01590892751634e-06,4.153230104048328e-07,0.999998568768062
8.271171778142064e-06,1.2730451070123466e-07,0.9999916015237112
0.012571642481133563,3.3478413330327242e-12,0.9874283575155187
2.1407190254067065e-18,0.9999352259970823,6.477400291777285e-05
2.134239622962729e-05,5.673775232585126e-09,0.999978651929995
0.9999999997329372,3.2361970914027565e-40,2.6706281479636864e-10
1.0731221500257922e-18,0.9999793109374503,2.068906254979112e-05
0.9999999999999831,7.095670251627202e-50,1.6817456550648352e-14
3.818285811931353e-06,6.849188498131842e-08,0.9999961132223031
1.3486225952787761e-09,0.0033351768714424816,0.9966648217799349
1.5269964907869754e-27,0.9999999999855576,1.4442553813127726e-11
8.873863195541531e-19,0.9999990261729341,9.738270658672922e-07
2.0343461163977165e-18,0.9999981139769895,1.8860230105819161e-06
2.3412915262378232e-35,0.9999999999999996,3.410801538843661e-16
1.9763820272066043e-07,1.8506542248488992e-05,0.9999812958195488
0.9999999999942415,9.522042823722386e-43,5.7585120340536245e-12
4.679514135705649e-08,9.337433195831844e-05,0.9999065788729004
1.124108187941311e-19,0.9999899715788674,1.0028421132496693e-05
3.1583451545137895e-05,4.9085804740074074e-09,0.9999684116398744
3.263671313970511e-14,0.9879406907341369,0.012059309265830443
3.763042364499589e-22,0.9999999901511275,9.848872575920635e-09
2.0800614574844013e-27,0.999999999991146,8.854024356042778e-12
0.9999999999996905,1.0483062263321718e-46,3.0946048670878716e-13
6.338570093334834e-07,1.190202966853343e-06,0.9999981759400239
0.0001291485237165723,9.57480117801228e-10,0.9998708505188033
0.0009596139642508705,6.848553894181794e-11,0.9990403859672636
0.9890900971955393,3.641075429717833e-21,0.010909902804460586
7.33331194786e-15,0.9997734670192587,0.00022653298073393522
0.00024566130906327925,9.44258741834595e-10,0.999754337746678
0.9999999999718738,6.294835831236606e-42,2.8126096416317068e-11
1.5426876853275195e-22,0.9999999899050981,1.0094901847763088e-08
0.9999873042328703,5.476579354262147e-29,1.2695767129559396e-05
1.7887600706535874e-27,0.999999999993642,6.358087676572508e-12
3.726703142109515e-19,0.9999995923847996,4.0761520031835506e-07
9.039793242786858e-05,1.9887915955586137e-10,0.9999096018686929
3.2011280132593245e-25,0.9999999998869862,1.1301387243045645e-10
0.999558385393479,3.29782104255903e-25,0.0004416146065209125
0.9999999999935214,1.1075029613972406e-42,6.478643111502232e-12
3.9245122619944983e-29,0.9999999999990299,9.70109290050277e-13
0.9999999999936149,2.3265598279132763e-42,6.3851182892683296e-12
0.9999999866763787,1.6823284325754836e-35,1.3323621284412181e-08
0.9999999997930733,1.997813069865338e-39,2.0692674325067938e-10
7.55258526113164e-05,6.438038743057852e-06,0.9999180361086456
0.9999999999999907,1.4371528305693765e-50,9.36219749347986e-15
7.855494051995031e-06,9.955462136228471e-05,0.9998925898845856
3.1134141422548673e-15,0.9981935976896767,0.0018064023103202024
0.9999999998826539,1.0171299538662075e-40,1.173461345564739e-10
0.9999999366149654,4.167385462907989e-34,6.33850345632896e-08
0.9999525776230743,1.5950668430991018e-21,4.742237692557339e-05
0.9999967850742182,3.246123799627347e-30,3.214925781769821e-06
2.8426063614185692e-24,0.9999999748968629,2.5103137260011173e-08
0.9999999999999774,8.518154463955452e-50,2.2685801823975393e-14
0.9999999717517919,7.0893410841825874e-34,2.824820803086163e-08
0.9999981972439546,2.2500280940085804e-30,1.8027560455185904e-06
0.9999999999999838,7.179085850897972e-50,1.6104323289583694e-14
4.542874098573308e-15,0.9949369097095178,0.005063090290477579
0.013370257669851246,2.5069489275010713e-13,0.9866297423298982
2.6206982326015534e-09,0.005259180499493501,0.9947408168798082
0.9999999991464845,4.389538356945078e-39,8.535155068673309e-10
0.9999948649649151,1.2732215920621542e-29,5.135035084942061e-06
0.00011738175458529351,4.41534182571901e-10,0.9998826178038805
5.453967329750871e-11,0.9730434659533009,0.026956533992159408
0.9999515573224023,6.3801304238985384e-27,4.844267759788937e-05
1.068253691024619e-05,1.939970172737415e-08,0.9999892980633881
2.404295235758916e-09,0.003084707881788799,0.996915289713916
0.9999892567726119,4.321569560132598e-28,1.0743227388116002e-05
2.069780101637491e-25,0.9999999999084941,9.150596152464219e-11
0.9995390587451726,3.212194718071775e-24,0.0004609412548273996
5.244280850363902e-18,0.9999577634109905,4.223658900954725e-05
0.9999999999982421,6.216588337484687e-44,1.757862674599783e-12
9.645426281285255e-09,0.5930203707600878,0.4069796195944858
0.9999999980173824,4.355736472099356e-37,1.9826176779158154e-09
1.0301919828481852e-06,2.6378338787472743e-07,0.9999987060246293
3.3321716306751674e-05,6.629981348901458e-05,0.9999003784702043
1.0090852049331313e-05,3.100347099302366e-08,0.9999898781444797
0.9992241225489128,6.4815542805490635e-24,0.0007758774510871051
1.4890568578017365e-15,0.9999324440508504,6.755594914819579e-05
1.0265278934552452e-10,0.9196831785711962,0.08031682132615098
0.9999999999630176,2.5044808712989934e-42,3.698240352269811e-11
2.1543956509736415e-07,0.022280247324132595,0.9777195372363024
2.47400582900636e-10,0.03861330816479608,0.9613866915878034
0.9999996141082795,1.5187017096282943e-31,3.8589172044208234e-07
2.0316134922149546e-15,0.9999027419630986,9.725803689941492e-05
1.5324496548611406e-08,0.4040372185933956,0.595962766082108
0.00035668386590367987,1.8144883555732273e-09,0.999643314319608
8.105122575022239e-09,0.413957926096812,0.5860420657980654
0.0003978055766986151,1.6679945840486483e-06,0.9996005264287172
4.417477598850457e-09,0.0005056031078188611,0.9994943924747036
1.0750615574763347e-10,0.08112443426314889,0.918875565629345
4.1012717272533845e-19,0.9999992215663152,7.784336847972368e-07
1.337848124092588e-13,0.9989638680733479,0.0010361319265183699
7.146674410593511e-18,0.9999958906539909,4.109346009196539e-06
3.830244357790674e-23,0.9999999976294025,2.3705975321338204e-09
3.283898560758532e-20,0.9999972518363742,2.7481636258445582e-06
0.9999999999755369,2.604311114281596e-41,2.446318973764656e-11
0.9999999833688458,1.1920106720519109e-35,1.6631154210899056e-08
5.326499643936952e-09,0.0002754163134503285,0.99972457836005
0.9999998659046425,2.7240671303375117e-33,1.340953575238102e-07
0.991881162130679,3.045635424414828e-21,0.008118837869321065
7.92332688197117e-11,0.9685295769785313,0.031470422942235336
0.9602599807893545,9.98568733491295e-20,0.03974001921064553
0.9675205546923744,2.6246187638928096e-14,0.03247944530759946
0.15202363124287008,2.5028755575432825e-14,0.847976368757105
0.99991149328279,1.1745067944120385e-26,8.850671720996677e-05
0.9999992875147659,1.3673484497536999e-30,7.124852341549742e-07
2.749940921798273e-13,0.9985755358642842,0.0014244641354410085
0.9999999999999765,1.2668799932259088e-49,2.359188578950958e-14
3.867729097204633e-28,0.9999999999962244,3.775629371941779e-12
5.392498025212541e-16,0.9999703087421055,2.969125789404405e-05
1.4757710366873558e-21,0.9999999775423817,2.2457618293665756e-08
5.589722824578193e-07,2.2607530984618128e-07,0.9999992149524076
9.86458669939218e-07,4.5967067033551905e-07,0.9999985538706598
1.3040563548026246e-26,0.9999999993268427,6.731574151979616e-10
2.770188486285828e-07,6.69195655339076e-06,0.9999930310245979
0.002651035345256586,2.5105728985033657e-12,0.997348964652233
2.9236108407231925e-30,0.9999999999998166,1.8348663482635484e-13
0.9998749500138179,3.889813801662862e-25,0.000125049986182138
3.236805859525348e-22,0.9999997058694777,2.9413052213975947e-07
0.9976550427253119,6.313252550534123e-23,0.0023449572746880457
0.996980712908052,2.3624370088362155e-22,0.0030192870919480298
0.9999910210123836,1.2406093479054407e-28,8.978987616349973e-06
1.0653538513913631e-09,0.8503828721543584,0.14961712678028777
1.2546080726216893e-10,0.05229521684843513,0.9477047830261041
2.1322013076203738e-19,0.9999996771622491,3.228377508259927e-07
2.2918331889475458e-07,2.1620868310567425e-06,0.99999760872985
9.400838204498099e-16,0.99995438433743,4.561566256902464e-05
3.569096735732196e-24,0.9999999987417696,1.2582303356834334e-09
3.738353899104638e-15,0.9946692587953471,0.005330741204649226
0.9999975248332706,1.300952579034173e-30,2.475166729355049e-06
4.233837564074807e-14,0.9994664859629985,0.0005335140369590332
2.6834876140890026e-33,0.9999999999999953,4.6520127916082436e-15
0.9949235081423009,3.1658671207947296e-22,0.0050764918576990375
0.9985589054192026,4.349265502401595e-24,0.0014410945807973908
1.6905519054641884e-22,0.9999998434084415,1.565915584312937e-07
1.0586962192314566e-08,0.0005720875199042186,0.9994279018931335
5.33173384306781e-05,1.2644154748529264e-05,0.9999340385068207
1.648878820054996e-06,4.1865244294071693e-07,0.999997932468737
0.999930239653716,1.2497139750776729e-26,6.976034628389163e-05
5.000086301222964e-07,5.0171318260197645e-06,0.9999944828595437
0.9999999999999718,4.9272525861139805e-50,2.830149922053728e-14
0.0012068335243880393,4.0336295032788696e-11,0.9987931664352756
4.706330193793338e-05,1.0725457412511976e-08,0.9999529259726047
0.9999946610525488,1.9543873295270102e-28,5.338947451205348e-06
5.684941943008658e-09,0.0038209147229404552,0.9961790795921175
0.9999999999419591,6.378403842695228e-40,5.8040874475052153e-11
2.10171761822368e-09,0.001668694545149957,0.9983313033531325
0.9999999511848342,4.078703324288846e-31,4.881516570039031e-08
0.9997293090125837,1.1643024580254233e-25,0.00027069098741618785
7.957706001240111e-08,2.5851443309023676e-05,0.999974068979631
1.067000160288385e-36,1.0,4.4697112152136266e-17
0.0009457332938565426,2.1658584298140918e-10,0.9990542664895575
0.9999999676977517,6.748252828469996e-35,3.230224835997357e-08
1.4343217718761425e-14,0.9998592541723489,0.00014074582763668115
1.9883329982984044e-30,0.9999999999951867,4.8133134670797826e-12
2.9674395212771848e-15,0.9999029961985836,9.700380141354708e-05
0.9999908564915518,2.8787455499516156e-28,9.143508448040298e-06
1.0611575069328043e-07,0.029328897077155545,0.9706709968070939
2.122560508860923e-34,0.9999999999999991,8.840265227538154e-16
0.9939062496471979,5.57038544413221e-21,0.006093750352802164
7.197312841115746e-21,0.9999986405130848,1.3594869151268385e-06
0.9726204666918937,3.151385845967778e-20,0.027379533308106253
2.1435626101266466e-11,0.6798599533142426,0.3201400466643217
0.9999999999999856,4.580394965091652e-50,1.4510636034973093e-14
3.1596141024771623e-10,0.935226167800123,0.06477383188391565
1.015189068391218e-08,0.4948555141227557,0.5051444757253536
9.997670679746667e-05,1.456226247499558e-09,0.9999000218369763
1.4107958488897557e-36,1.0,3.184246586871135e-17
2.610661163298905e-14,0.9994257404028127,0.0005742595971609921
0.9999999999999591,4.745507821369686e-49,4.077240690261447e-14
1.8124414495993434e-05,3.982566162740804e-09,0.9999818716029379
5.880701882358425e-20,0.9999970354490576,2.9645509424695757e-06
0.999999999993294,3.356966605368132e-43,6.705862470962429e-12
3.187038547619618e-19,0.9999995869810896,4.1301891035418227e-07
0.9999152197519255,6.454003817991099e-26,8.47802480744091e-05
0.9892896457220003,4.3058069215026906e-21,0.010710354277999752
1.135952565922272e-11,0.9857681934779479,0.01423180651069279
1.5851796414247497e-09,0.0014669745398369724,0.9985330238749834
0.00027006539929305874,3.8219362625917746e-10,0.9997299342185134
0.9994851583939791,1.488110094689334e-23,0.0005148416060209316
0.0006674007704494692,6.233784970325082e-11,0.9993325991672127
0.9999951191473427,7.796745133886369e-30,4.880852657165328e-06
9.90257727472274e-08,8.077269645579193e-06,0.9999918237045817
7.532659055649817e-05,7.158225386694724e-10,0.9999246726936211
1.7067177984237514e-06,0.0016844288591463857,0.9983138644230551
0.9999999999999829,5.005812279679041e-50,1.6989389396636478e-14
6.353674554912809e-12,0.992359837761966,0.007640162231680247
1.2409327092096946e-05,5.4976847146413664e-05,0.9999326138257616
0.9999999999999829,5.632933534162664e-50,1.714832292157378e-14
3.232548025822754e-24,0.99999999936694,6.330600840933e-10
0.9999999998941496,7.488933002494751e-41,1.0585043105447579e-10
3.3668260410285315e-09,0.6498234493175014,0.35017654731567255
9.82423594315655e-06,2.9074963092916826e-08,0.9999901466890938
1.74940533447736e-08,0.0003129302486564932,0.9996870522572902
8.139662194309716e-06,6.818519776701204e-09,0.9999918535192859
0.9999999787575977,1.8221194137586975e-35,2.124240230796771e-08
0.9999955405790417,5.457325958416719e-29,4.459420958272833e-06
0.999999220976272,3.442467078666917e-31,7.790237279704316e-07
2.0140534252134242e-05,1.144631340101464e-08,0.9999798480194344
3.705911060689837e-08,0.1782361396999144,0.821763823240975
5.752984251013431e-07,1.2100300984469574e-06,0.9999982146714765
1.4120594921862013e-18,0.9999820620484513,1.7937951548632526e-05
0.9999999999934921,5.825219748681918e-43,6.507871645985378e-12
1.2594459016538678e-07,2.6434388143994543e-06,0.9999972306165955
1.2005909270708907e-07,0.023692414162575767,0.9763074657783316
0.9999921064417917,1.7862983425749171e-29,7.893558208183707e-06
1.120125837568359e-14,0.9995752767994766,0.00042472320051232685
0.0042370344903709094,2.1833186112810682e-12,0.9957629655074458
9.711791112158122e-06,0.0003839153613389102,0.9996063728475489
2.0541638537829586e-16,0.9999816433140277,1.8356685972050022e-05
6.159154347986164e-06,0.0005456853596058598,0.9994481554860463
5.744773248202376e-14,0.9804881527128092,0.01951184728713321
2.4127740645677314e-05,6.379337235619764e-10,0.9999758716214207
1.4611773888450163e-08,0.5302900619392038,0.4697099234490223
4.5768042493221507e-14,0.9988398507905965,0.001160149209357824
0.00033970280229555236,7.172073655908879e-11,0.9996602971259837
6.968589290937113e-22,0.9999995113372458,4.886627542012507e-07
3.863424207772226e-05,1.9703055811834952e-05,0.9999416627021105
9.010142320646766e-21,0.9999999355329007,6.446709932091331e-08
4.3309608896829035e-07,2.14568748315201e-06,0.9999974212164279
0.9999999999713352,2.9901027915149416e-41,2.8664743102047223e-11
0.9997079105729528,3.164284863401593e-25,0.0002920894270471387
0.9983177541735855,1.629475642378942e-22,0.0016822458264144587
1.2844291262584601e-10,0.9427105703488665,0.05728942952269048
3.6061973096027667e-19,0.9999996356428258,3.643571742625831e-07
5.328562859017282e-09,0.0003228884870906932,0.9996771061843465
0.999999999994283,1.397840233805812e-43,5.717018355690219e-12
2.090421960849861e-23,0.9999999525278633,4.747213662447392e-08
1.6641313098445914e-19,0.9999997201653307,2.7983466928322334e-07
2.7317313544054546e-18,0.9999983694738533,1.630526146737941e-06
0.9999999992354287,1.5003403216783539e-37,7.645713698263003e-10
1.551373654701169e-08,0.00021262424418807773,0.9997873602420753
2.3401425078944713e-10,0.9496649203841243,0.050335079381861283
0.9999999999911762,3.188426274202516e-42,8.823900117261197e-12
0.0004432452686370255,2.3060952253146221e-10,0.9995567545007534
2.59229422797161e-10,0.021265686838994727,0.9787343129017757
0.9963259802869643,1.0715306780834059e-21,0.0036740197130357435
1.0094748490719797e-17,0.9999945931693994,5.406830600491588e-06
1.2929534997565384e-13,0.986506621911308,0.013493378088562777
9.120200878191131e-08,0.09901457744650638,0.9009853313514847
1.5441126289556245e-06,5.504582902042947e-07,0.999997905429081
2.677433926003665e-21,0.999999975788911,2.4211088920499036e-08
7.265048547360202e-05,8.324408934081177e-10,0.9999273486820855
6.888447107407914e-19,0.9999721077609734,2.7892239026428773e-05
2.179964151071619e-06,4.756731828632813e-07,0.9999973443626661
0.9999998486262085,7.016293218375905e-33,1.5137379140519504e-07
2.9736106521116627e-12,0.8405448855678848,0.1594551144291418
6.001186623978975e-19,0.9999993416131081,6.583868918337079e-07
0.9997080740326212,3.2635115686791104e-25,0.0002919259673788845
0.9999999999908558,1.3116286689451745e-42,9.144324056515434e-12
1.8957716643733287e-05,0.000122462227598222,0.9998585800557581
7.346927062183074e-34,0.9999999999999971,2.904388319385777e-15
0.9968342493937746,3.6959589905842305e-22,0.0031657506062254996
7.901929374807572e-09,0.46562951381452816,0.5343704782835424
0.0019157548191257054,1.7723080051105246e-11,0.9980842451631512
0.0018962412315953667,6.897998645719814e-11,0.9981037586994247
6.1376911849754025e-09,0.0012686294186986956,0.9987313644436101
6.3170167857490875e-12,0.9807677181665869,0.019232281827096073
4.784075382413232e-07,0.022804178721432013,0.9771953428710298
0.999555001998081,3.7866519457365044e-24,0.00044499800191903974
1.4523038025359071e-11,0.9880211127045189,0.01197888728095803
0.9994848743209881,3.803640754117353e-25,0.0005151256790118439
9.879723590450105e-34,0.9999999999999991,9.74565286988121e-16
2.3783157447533086e-08,7.85875659584248e-05,0.9999213886508841
0.9856743553058365,8.76247252879807e-16,0.014325644694162573
2.673118246012625e-06,2.1023430666221192e-07,0.9999971166474473
6.544174771789688e-25,0.9999999996421967,3.5780336081303455e-10
0.999465203673004,5.154649598692706e-25,0.0005347963269961119
7.480052889510611e-05,1.7755184677365823e-05,0.9999074442864275
1.7343793451247714e-11,0.974567587868421,0.02543241211423512
1.1142786996707514e-26,0.9999999999705158,2.948423064464393e-11
6.20316601519413e-08,2.3546060659299948e-05,0.9999763919076806
1.0603146160961803e-35,0.9999999999999998,1.3640699423687593e-16
9.77780472569553e-16,0.9999501305143565,4.986948564266011e-05
6.532400859376055e-18,0.9999539199503981,4.6080049602067224e-05
2.0906993650039095e-09,0.00757817448675216,0.9924218234225486
0.9999998609811926,3.2079164334666025e-33,1.3901880730732724e-07
5.950053748490593e-07,8.643547024481066e-06,0.9999907614476006
3.124832037303399e-33,0.9999999999999933,6.609991286251447e-15
8.453289724069535e-05,1.997858679095646e-09,0.9999154651049006
0.9999999999993776,1.2238540450861653e-46,6.224573822334409e-13
0.9999999999860676,3.105465489977005e-42,1.3932521541034045e-11
0.9999996023573416,2.9749005395124154e-32,3.9764265822512014e-07
7.75173045969256e-11,0.9590306659050388,0.040969334017443876
1.986452461002209e-10,0.05546449458631895,0.9445355052150359
1.7386665410258523e-06,0.004331423357304166,0.9956668379761547
0.9999640459563282,2.2350884418390867e-27,3.5954043671769815e-05
0.9999976706161987,1.4266933982686201e-29,2.3293838012264586e-06
8.33740395943423e-34,0.9999999999999982,1.7603367419427117e-15
0.0034896082590484415,6.87390105760686e-12,0.9965103917340776
0.9999999966049049,7.650089501975623e-36,3.3950950388105224e-09
0.9999998985896238,7.85388325594184e-34,1.0141037626239741e-07
3.566995216915205e-19,0.9999995481601253,4.5183987478448525e-07
4.006924679460595e-05,9.841201353130957e-09,0.999959920912004
5.0861901362051505e-09,0.6773982486754841,0.32260174623832566
1.3679304311606744e-05,0.0001969292767605635,0.9997893914189278
5.598647734852792e-27,0.9999999999849642,1.503574583410749e-11
0.9999999984730334,1.1832047675633598e-37,1.5269665322112267e-09
1.9376524861322865e-27,0.9999999999918405,8.159416558420135e-12
2.6079854293484227e-10,0.025595825697551165,0.9744041740416504
1.578412664089071e-05,9.527840723806053e-09,0.9999842063455183
0.0004149892547153177,3.2970715593843996e-10,0.9995850104155775
1.8707301363710442e-10,0.9479675093566562,0.05203249045627071
4.024273068260312e-18,0.9999985831691262,1.4168308738232506e-06
2.435128795507918e-28,0.9999999999974067,2.593271320857047e-12
0.9999999991776574,1.1821743025839656e-37,8.223427360863937e-10
2.4014622137447683e-05,6.174087284050615e-09,0.9999759792037753
0.9999998732768091,4.683518606057908e-33,1.267231910094175e-07
0.9999999993456097,2.2497001339589244e-38,6.543902582272787e-10
2.7266434750281303e-20,0.9999976312093178,2.3687906822158854e-06
0.0002942043819410297,4.740691022343231e-10,0.9997057951439899
9.924151948335403e-06,2.9215548617734564e-08,0.9999900466325031
5.793444813577653e-15,0.9998240574625715,0.00017594253742275268
0.9859628988788947,1.2694775668559588e-20,0.01403710112110543
0.00011839689876560261,6.082980019279227e-10,0.9998816024929363
0.9978311433213836,4.551160741458956e-22,0.00216885667861653
1.885609153322486e-05,2.055252698122479e-08,0.9999811233559398
1.114874831013913e-05,1.3299357464565924e-08,0.9999888379523324
1.0437069468867868e-08,0.4905096198791264,0.5094903696838041
1.396837559617078e-25,0.999999999883328,1.1667193748229445e-10
0.9999999999905025,1.7292938105263492e-43,9.497488575661521e-12
8.514798882725628e-09,0.3222624169069464,0.6777375745782548
0.9999999998256119,3.083243467832585e-40,1.743881672766805e-10
0.9999999999999345,1.181903899295353e-48,6.55170265180126e-14
7.139370591849162e-18,0.9999970954153057,2.904584694356122e-06
0.9999960114190736,4.934918037542753e-30,3.988580926447364e-06
2.3038127980417395e-11,0.9847016236238165,0.015298376353145321
0.9999993388090711,3.8489926456096447e-31,6.611909289867707e-07
1.9771665466951535e-16,0.9993709891316794,0.000629010868320365
3.078254491429396e-11,0.9831180514111749,0.016881948558042502
1.8499063541553126e-36,1.0,9.494739396402637e-17
0.999999999990018,1.3152270844581819e-42,9.981921638239844e-12
8.798096011124964e-11,0.94877699383006,0.05122300608195902
0.9999999999999936,4.174216940072582e-51,6.427146469954833e-15
9.10029850227284e-09,0.3531731442410082,0.6468268466586934
9.058880958557669e-05,7.255410958911671e-06,0.9999021557794555
0.9999999611595969,6.9420262978966685e-34,3.884040321698292e-08
1.4882709411065836e-11,0.9884136181359647,0.011586381849152698
1.558674165841655e-08,0.00032393588221307226,0.9996760485310453
5.251748114369267e-14,0.9994112159440497,0.0005887840558976875
0.9999999999921234,1.6455252634204156e-42,7.876570707671595e-12
0.9999999999999896,3.32062422535558e-50,1.054049603512083e-14
3.227064117287112e-06,1.5579361797111717e-07,0.9999966171422647
1.7090802908186151e-06,1.908300690918843e-07,0.9999981000896402
1.6438898207607453e-14,0.9922126002067415,0.007787399793241987
0.0001655275728350458,5.737478256149952e-10,0.9998344718534171
0.999850961886833,2.6694163405478765e-26,0.00014903811316701733
0.9999999444350995,2.698812445922471e-33,5.5564900403207915e-08
1.2563335089778534e-05,5.689331582731926e-09,0.9999874309755786
9.623948905213212e-09,0.00021725533171986446,0.9997827350443312
4.686097741588547e-08,4.139650080617582e-05,0.9999585566382163
1.0892524145129638e-15,0.9999462305373659,5.376946263305727e-05
1.3668868727490352e-17,0.999996627350883,3.3726491170297053e-06
6.72772273708694e-17,0.99998447900143,1.5520998570096627e-05
1.2838074242437745e-28,0.9999999999982581,1.7419497685966674e-12
0.999740813506214,2.0006335745070187e-24,0.0002591864937859653
7.007554029156351e-17,0.9999873830184738,1.2616981526251009e-05
6.635889884659434e-37,1.0,2.062461143784566e-17
1.350697491114278e-27,0.9999999999939784,6.021609961220425e-12
0.9999999892553072,4.101791765355531e-35,1.074469288049152e-08
0.9999999825539493,4.049130579800921e-34,1.7446050662158202e-08
0.9995081570971261,1.770272637933418e-24,0.000491842902873799
0.9999998893351176,1.345927110476291e-32,1.1066488229132943e-07
1.3322043652453937e-31,0.9999999999999711,2.8762555543498534e-14
0.9999998426166871,1.4953232796728429e-33,1.5738331286000147e-07
7.305034934211782e-17,0.9999928014353539,7.198564646165348e-06
1.3287242537214547e-06,0.001647060541026855,0.9983516107347193
0.9999981010474619,3.129508044892844e-30,1.8989525380629959e-06
0.9999999999998801,4.46647998577668e-48,1.1997963919736116e-13
0.0014490811717521263,2.0830354218930566e-11,0.9985509188074175
0.9999999990127078,6.093182066077334e-39,9.872921449399247e-10
3.1887696640849997e-16,0.9999775956841616,2.2404315838242466e-05
1.5986073189536547e-10,0.0130647476261585,0.9869352522139807
0.9999999623676964,7.303526268666329e-34,3.763230360724535e-08
7.816797436171294e-06,6.774086229851942e-08,0.9999921154617014
0.9999999996991071,2.124145039433876e-38,3.008928621637173e-10
5.505828653651712e-31,0.9999999999999549,4.516308558498678e-14
2.4707349911375324e-37,1.0,2.545224972091022e-17
9.003004178049345e-13,0.9975305978168808,0.0024694021822187664
0.9997129890176568,4.163627666700816e-24,0.0002870109823431344
0.9999954215521057,5.26884056236254e-29,4.578447894156952e-06
5.1812454352073515e-14,0.999515486897352,0.00048451310259624265
0.9999999716085236,1.1024418197033698e-34,2.8391476471894468e-08
2.1744703991536003e-05,7.641149856911302e-09,0.9999782476548587
1.4333152903841487e-10,0.9681578727328354,0.03184212712383311
7.082965569203698e-05,8.608170157108249e-10,0.9999291694834909
1.3478281061970238e-21,0.9999999711300585,2.8869941624725568e-08
0.9999895470275614,1.5060555582330292e-27,1.0452972438773233e-05
0.9987234795972819,8.376905408756899e-23,0.0012765204027181307
4.259888242484924e-14,0.9995349753553289,0.00046502464462854284
0.9995647070077474,6.607445298208943e-24,0.00043529299225256716
0.9999981043384234,2.869323992661781e-30,1.89566157652775e-06
0.999999999994835,3.1961388654169817e-43,5.164910155179606e-12
0.9999999999999649,1.8391505667733776e-49,3.504970139364084e-14
3.936458242604921e-31,0.9999999999978446,2.1553350474231344e-12
2.522935157060138e-12,0.99249261131105,0.007507388686427011
5.306179335094563e-08,2.6402066367292164e-05,0.9999735448718394
0.999838263298853,2.0994855298392263e-25,0.00016173670114692567
2.234223408597951e-13,0.9781645797581807,0.021835420241595824
0.9999999942091129,5.980724184085611e-36,5.790887152936172e-09
0.9999999999999869,1.7082558463792394e-50,1.3135480725903527e-14
1.1369797219795496e-08,0.00015540357670080772,0.9998445850535019
1.0708473529291944e-24,0.9999999995754147,4.2458528424089595e-10
0.9999999996414879,3.656276494293547e-38,3.58512063606288e-10
0.00022098996568423128,5.02569912582446e-06,0.99977398433519
6.718183157916377e-20,0.9999997061500627,2.938499372584113e-07
0.9933915332531857,2.5666445471952368e-21,0.00660846674681434
0.0129915658274476,1.5298700572168837e-12,0.9870084341710225
0.9958094232387549,5.207621353381028e-22,0.004190576761245152
0.9999999999989395,2.1221037211566427e-45,1.060541938149361e-12
2.864930561009359e-25,0.999999999827957,1.7204311751589026e-10
4.354066450366946e-08,0.14966767798070676,0.8503322784786287
0.0006059753173085911,3.6774056843399306e-11,0.9993940246459174
3.683380731840881e-05,8.435578879991543e-09,0.9999631577571026
0.0002296322477810596,5.479993939210225e-10,0.9997703672042196
1.8263068440393663e-08,0.4947064856654346,0.5052934960714969
1.0275293901547436e-13,0.9988488438800168,0.0011511561198805735
5.942351479062258e-18,0.9999957995523159,4.2004476842837664e-06
0.9999999849331007,1.8804958134609522e-35,1.5066899290032908e-08
5.602044391482456e-14,0.9992605030036665,0.0007394969962775107
0.9999992062628923,6.90940077922523e-31,7.937371076986307e-07
2.6781426648257893e-27,0.9999999999884341,1.156581992131965e-11
5.94303613412228e-05,1.2751260915061146e-09,0.9999405683635327
0.9999998623697556,4.8625586867440164e-33,1.376302445442963e-07
0.9984836073064735,7.768470185036877e-23,0.0015163926935265202
0.9999999878102509,1.7185257594432597e-34,1.2189749071428209e-08
4.1205939879362564e-17,0.9999921096361598,7.890363840177417e-06
0.9984500797561666,1.363644538495183e-23,0.0015499202438332695
1.806813433498483e-27,0.99999999998967,1.032995516679367e-11
1.0896921673193037e-15,0.9983863308660468,0.0016136691339522424
2.0413517828258962e-23,0.99999999521704,4.782959974654672e-09
2.9712283427286067e-25,0.999999999861126,1.3887393262233562e-10
0.9960100859103854,1.023643856303173e-21,0.0039899140896147356
0.9999999999999858,2.4357813384461177e-50,1.4131666040731926e-14
0.9999999765109634,3.146933726127569e-34,2.3489036668132397e-08
0.0002503301688370102,3.2844575083329097e-10,0.9997496695027173
5.690407643626886e-08,9.044514876673754e-05,0.9999094979471568
0.999992807322528,6.868504024114724e-29,7.192677471856264e-06
1.824930697778371e-05,1.2828727593800238e-08,0.9999817378642946
7.085282358844562e-28,0.9999999999959999,4.000113523544311e-12
1.3145583164300628e-06,6.319903462576331e-07,0.9999980534513374
1.0517426130063066e-12,0.9965662412743095,0.0034337587246386528
0.0004689392898995813,7.406546365749274e-10,0.9995310599694458
1.0597972863382373e-14,0.9997603626081376,0.0002396373918518369
0.9999975595955471,4.38784423436591e-29,2.4404044528817096e-06
2.0244426567410416e-14,0.9995191490128973,0.0004808509870825395
2.7567047753825987e-08,0.00019997863043552186,0.9997999938025168
5.701307279129901e-09,0.00094652783993775,0.9990534664587549
0.9999999999947773,1.166610496576903e-42,5.22269262778574e-12
0.0025461435433252974,1.0856174681712556e-07,0.9974537478949279
0.9997896685891,7.826520388276071e-26,0.0002103314109000175
4.089677238616328e-24,0.999999999314618,6.853818721345663e-10
0.9999971770997638,2.4407489133854316e-30,2.822900236092149e-06
8.882329057702943e-07,0.016644122140614198,0.9833549896264799
1.2379918969880327e-07,0.047697452497722274,0.952302423703088
0.9999998480473371,2.8964444114302926e-33,1.5195266289550706e-07
6.95422855966688e-20,0.999999745940683,2.540593168973565e-07
0.0028154822660318153,7.648618498709378e-08,0.9971844412477832
0.9999999994698405,6.321177170140662e-39,5.301595716186927e-10
2.3883854823574916e-05,2.396526771864891e-08,0.9999760921799087
0.9999999999955704,3.07577656420069e-44,4.429519067866968e-12
4.498101751282296e-16,0.9999625344390549,3.7465560944573534e-05
1.929107760092174e-14,0.9993699460013432,0.0006300539986374309
4.427912669368736e-09,0.0009339063255803763,0.999066089246507
9.628834491492147e-19,0.9999987115036462,1.2884963537561857e-06
3.0467611627799785e-07,5.93897921343348e-06,0.9999937563446704
0.9999066344869242,1.577935385931707e-26,9.3365513075808e-05
2.1028247373683652e-12,0.996936928839267,0.003063071158630198
0.0001256332155338818,2.57023645553058e-10,0.9998743665274424
0.9999731340987984,2.3285019201977813e-27,2.6865901201641522e-05
1.2279944603473245e-19,0.999988197169973,1.1802830026982094e-05
2.4773346189607622e-25,0.9999999998427265,1.572735642807375e-10
0.00043699048622875035,3.5611794826752054e-10,0.9995630091576534
3.051693690917206e-22,0.9999999877118805,1.2288119516947128e-08
9.449139001653353e-07,0.007276020677981619,0.9927230344081183
0.999999999987722,1.1143293956523072e-43,1.2277979828368143e-11
0.9999952150432214,8.295420919800782e-29,4.784956778590506e-06
0.5163023427014761,1.8434783224742015e-15,0.48369765729852204
0.9999999999954055,3.863493974784746e-43,4.5946318872010486e-12
4.6866828146048634e-08,0.1633709663493189,0.8366289867838529
4.103031982265749e-30,0.9999999999998053,1.9475375702699964e-13
0.9999999848996723,2.369481753008929e-34,1.5100327655452238e-08
0.9999999999999092,2.5431170067337677e-48,9.086501357341805e-14
0.9999999976652425,3.5416007367270544e-37,2.3347574835927625e-09
1.4275000106660912e-06,2.515955692876167e-07,0.9999983209044202
2.8570296178838005e-23,0.9999999982609391,1.739061002520015e-09
0.00010956260030302099,2.2702851103269336e-09,0.9998904351294119
0.9999999999761657,2.2566609154837884e-41,2.3834299492033195e-11
3.2614033349629495e-07,3.6878935102491423e-06,0.9999959859661564
2.3162863960314148e-05,0.00017337404149440195,0.9998034630945453
2.10545041217111e-09,0.002120225996299648,0.99787977189825
5.74991322723048e-07,8.82674125204615e-07,0.9999985423345521
0.9757176918819009,3.0712883373365114e-20,0.02428230811809916
3.787740172175935e-37,1.0,2.792023994077752e-17
0.999865977896372,7.486663831022296e-26,0.00013402210362811897
0.999870162534069,8.118969569525287e-26,0.00012983746593103523
2.865404495806678e-08,0.00020500486815855566,0.9997949664777964
1.3843067791886255e-13,0.9989920199853632,0.0010079800144984488
0.9999999841900844,7.561498861268819e-35,1.5809915628401892e-08
4.2973940897700814e-09,0.0006451056418841335,0.9993548900607218
8.101040406661178e-09,0.00045816871456381465,0.9995418231843959
6.054135336091151e-28,0.9999999999943969,5.602981882313017e-12
0.0006822841002325772,1.5477445139230503e-10,0.9993177157449931
0.9999999999916556,3.355870989274067e-42,8.344458643867738e-12
7.228135378440348e-09,0.0016315179614289938,0.9983684748104356
1.5773011176262e-08,0.00040087964288115227,0.9995991045841076
0.9999999997308344,3.048821146571157e-39,2.6916559803302624e-10
0.0003413614277289765,5.347717841315205e-10,0.9996586380374992
0.9999999999880906,2.6181288435475902e-42,1.1909304077811688e-11
8.256839629953147e-20,0.9999998217943731,1.7820562696935736e-07
5.775573698488603e-09,0.0008132179754608557,0.9991867762489655
0.9999999558387216,9.72444557954135e-34,4.41612783697177e-08
0.9995984938019692,2.160717728795371e-24,0.0004015061980308747
8.875393960513953e-09,0.3099405706618149,0.6900594204627911
0.9999999999903937,2.37161265328519e-42,9.606216006448622e-12
0.999979656699594,3.0912815812206436e-28,2.034330040599428e-05
6.031643756881849e-15,0.9938211736920716,0.006178826307922417
0.9999999994188244,1.1804508255167671e-37,5.811755158556237e-10
9.99322449856677e-08,1.691581403224451e-05,0.9999829842537228
0.9999999999174181,1.948059459386133e-41,8.258192943418303e-11
0.9999837365994572,1.3197340389605592e-27,1.6263400542844396e-05
4.0036079822154276e-23,0.9999999971090976,2.8909024104683093e-09
1.8063101019720655e-22,0.999999991085538,8.914462067561124e-09
0.9999999999999909,1.92235831316154e-50,9.07635342765025e-15
0.9999999999906379,2.7536121204059926e-42,9.362135614590958e-12
0.0035900059471491094,1.1392405192601262e-11,0.9964099940414586
0.9989197406264628,2.649818398771907e-23,0.0010802593735372813
0.000198726054509071,4.882996903226073e-10,0.9998012734571913
0.008616504012977293,3.1522423174100517e-12,0.9913834959838704
4.20343418020413e-06,0.0012364223374336613,0.9987593742283862
0.9999999999943403,3.110167362311094e-44,5.659718930275159e-12
1.9802976714745082e-07,0.03043198881287289,0.9695678131573598
5.776012156296185e-30,0.9999999999996219,3.7817417658952976e-13
6.81933641320738e-14,0.9991955025832273,0.0008044974167045153
1.5245885089094762e-06,8.409605737861439e-07,0.9999976344509173
1.5517037124507143e-17,0.9999958610482922,4.138951707772933e-06
4.005328436466942e-09,0.001847722511157033,0.9981522734835145
0.9999999879504823,7.47123712648543e-35,1.2049517727471433e-08
2.9875337507338943e-07,0.05054518657798283,0.9494545146686421
2.9104631116575773e-24,0.9999999849100907,1.508990935358476e-08
0.9999999998337799,7.255786434017772e-39,1.6622009878786652e-10
1.2398089542671714e-32,0.9999999999999909,9.173263024789537e-15
3.788451110381145e-27,0.9999999998576174,1.4238251926808333e-10
0.9974423647490056,1.3143842943752762e-21,0.002557635250994466
6.87252505593239e-07,0.019323805743302783,0.9806755070041917
0.00013645476099798025,3.1452497734987722e-09,0.9998635420937522
0.9998203150854751,4.638146094596721e-25,0.00017968491452489925
1.4420412142481053e-07,0.2131801689607078,0.7868196868351709
0.9993812872044178,1.2941560791936187e-23,0.0006187127955822552
8.765212452390677e-08,4.762386158465756e-06,0.999995149961717
0.0005777603795190592,8.907205483712542e-07,0.9994213488999326
4.225767776035155e-08,4.2127458410899665e-05,0.9999578302839114
3.5775036849410105e-08,5.719317143688115e-05,0.9999427710535262
2.8327001582758907e-09,0.0016842422934296253,0.9983157548738704
0.9997033531185523,3.5456204471422934e-25,0.0002966468814476822
5.834892672677624e-35,0.9999999999999998,2.9098810557482324e-16
3.958436480774092e-33,0.999999999999994,6.058225290859562e-15
5.600688221479555e-07,7.841803522742766e-07,0.9999986557508256
2.492612687860876e-10,0.9138580752298023,0.08614192452093625
0.9993747360109683,2.4846395994801556e-23,0.0006252639890317135
6.8727865591350935e-09,0.7034908219445247,0.29650917118268855
1.981375329729807e-09,0.007446645633725574,0.9925533523848992
0.9999864631665687,1.7388085283307862e-28,1.3536833431377677e-05
2.4585510827793852e-05,8.540934023303196e-09,0.9999754059482381
0.9999999959480335,1.5973354584045642e-36,4.051966525614937e-09
0.003959706743643021,7.171084153319605e-08,0.9960402215455154
1.9866419875104918e-08,0.4703996895861561,0.5296002905474241
0.0003190171845566686,4.3292103902537147e-11,0.9996809827721513
0.9958124772468822,1.1817307815720438e-21,0.004187522753117834
9.752511398488464e-33,0.9999999999999942,5.709296062475513e-15
6.22783144736969e-34,0.999999999999998,2.0661145911755577e-15
0.999999999104547,2.4082302545930505e-37,8.954531521789383e-10
5.240129335259863e-05,2.0634711493950413e-08,0.9999475780719358
1.1311808936114733e-16,0.999608922598207,0.000391077401792828
2.763716854805814e-09,0.0014559351612104397,0.9985440620750727
4.1104193901412464e-33,0.9999999999999962,3.8374361901635255e-15
0.9999600397242624,2.3053835956395434e-26,3.996027573755627e-05
0.9999716316826404,3.802210621089173e-28,2.8368317359681432e-05
6.813547329041318e-09,0.5639195653465264,0.43608042783992623
1.0036100204679296e-26,0.9999999999519356,4.8064427623593366e-11
4.218502062821796e-05,5.480167515413348e-09,0.9999578094992042
0.08744040484340079,3.325534360124935e-10,0.9125595948240457
0.00036882318145120096,3.4431535784823017e-10,0.9996311764742335
0.9999998813712366,9.411495546498365e-33,1.1862876348558494e-07
1.8776584428124106e-13,0.9988503767058372,0.0011496232939750583
8.031209440498127e-12,0.990228869856244,0.00977113013572481
0.999999980934588,2.326146721480959e-34,1.9065412039014018e-08
0.00041021993599389895,1.366101740589286e-10,0.9995897799273958
8.509212641134409e-36,0.9999999999999998,1.3559087019017163e-16
5.962065915385381e-13,0.9178196507115733,0.08218034928783059
0.9999346656823693,4.06398840087886e-26,6.53343176306343e-05
2.4906189015547137e-33,0.9999999999999958,4.114866106839855e-15
2.0326323585917515e-31,0.9999999999999709,2.9093709475177965e-14
0.00011628060964917891,1.0010923761995023e-09,0.9998837183892585
5.470695018463041e-28,0.9999999999968183,3.1816630439259345e-12
0.9999999999999891,2.4213330580940636e-50,1.0770783437007076e-14
5.950875569127008e-23,0.9999999943693878,5.63061225253504e-09
0.9999999999999372,1.3424659594534738e-48,6.280312658144511e-14
3.6125684751461364e-07,1.1474657421444732e-06,0.9999984912774104
1.3989569380039436e-30,0.9999999999998903,1.0965741133151385e-13
0.9999999979561103,2.112877787932308e-36,2.043889660989393e-09
3.641213708823119e-27,0.9999999999808902,1.9109755491815394e-11
0.005445645123851288,8.130412429838808e-12,0.9945543548680184
0.00572693518407968,7.042584017879231e-08,0.9942729943900801
1.0642693639349252e-20,0.9999999461310678,5.386893225445844e-08
0.9999998617216868,2.511127064086555e-33,1.3827831324590048e-07
0.0005320638131401346,1.756432795694111e-10,0.9994679360112166
0.9999999998837825,8.755293072006625e-41,1.162174007938522e-10
3.478381670303393e-27,0.9999999999909901,9.009810949436938e-12
6.673864554397553e-07,0.004206674722927903,0.9957926578906166
2.4749732863210263e-14,0.999518274964059,0.0004817250359160698
3.5154438211200604e-06,0.0013787456491834173,0.9986177389069955
0.9999999994904429,8.749578345113186e-39,5.095569693887919e-10
6.62010759859579e-36,0.9999999999999998,1.1261942748376997e-16
1.582834065229965e-06,0.00036769733268161267,0.999630719833253
0.9932511444787601,1.5911794829822278e-21,0.006748855521239987
0.9903154845459554,2.9046219169369463e-21,0.00968451545404468
0.9999999999499172,6.250848546781691e-41,5.008287216354264e-11
4.377877044289417e-15,0.9997651943817678,0.00023480561822759324
0.9999999238282831,4.910441891569314e-33,7.617171694674944e-08
2.3528612135426268e-07,2.1917004913495903e-06,0.9999975730133873
0.0013625824993342434,3.14268092673977e-11,0.9986374174692388
1.1357302459644413e-08,8.379302722484682e-05,0.9999161956154726
2.3032114232774246e-35,0.9999999999999998,2.4034132891429373e-16
1.0809512656958541e-08,0.0001342030049998565,0.9998657861854876
6.465229779700023e-08,3.137741112666115e-05,0.9999685579365755
7.420276591772226e-05,2.7365587801765176e-06,0.9999230606753021
3.5710466380854795e-05,4.123822235488845e-05,0.9999230513112642
0.011128473397795666,2.4431472787872696e-12,0.9888715265997613
3.2106164440007735e-07,2.6744051498534387e-06,0.9999970045332056
0.996769140812562,2.744256611209505e-21,0.003230859187437961
6.68142216754396e-10,0.015221900530491191,0.9847780988013666
1.2367716678912995e-10,0.07900347411082045,0.9209965257655025
4.753379568906456e-16,0.9978716063927372,0.0021283936072624267
1.3968439554052066e-15,0.9954677113782074,0.004532288621791179
6.704584875728159e-06,2.063735545977373e-08,0.9999932747777689
5.238022122118175e-05,6.242420500481128e-06,0.9999413773582783
1.433471233433827e-20,0.9999999206800084,7.931999159409236e-08
0.9999990584874041,1.4743100203363778e-30,9.415125958281954e-07
1.8841380673474995e-26,0.9999999999613949,3.860508578530096e-11
0.9999999999958855,1.6095946753195955e-44,4.1144178850143915e-12
2.405116900119842e-10,0.9238938374591046,0.0761061623003837
0.9999999948186464,7.038797697804875e-36,5.181353646348564e-09
0.9972477421208863,6.995297826399467e-22,0.002752257879113816
4.2995094129141084e-05,8.876740908218224e-09,0.9999569960291299
1.922846631595062e-06,1.5461100380334388e-07,0.9999979225423647
1.829206563567721e-15,0.9982989858453588,0.001701014154639303
0.9998932810610259,1.0986831029741167e-25,0.00010671893897418873
0.9999999999999867,1.7504531572527435e-50,1.336187865894477e-14
9.812998148001349e-27,0.9999999999820064,1.799356435778771e-11
3.925862566803658e-18,0.9999966916650308,3.3083349691983805e-06
0.9975069909893313,1.133239521414892e-22,0.0024930090106687532
0.9999999999879539,3.508381354309205e-42,1.2046094415871396e-11
0.9999999999710816,1.39172704003691e-41,2.8918355120623227e-11
0.9999999665950099,5.440873396159069e-35,3.340499013091356e-08
0.9999999459507827,2.59337180754873e-34,5.404921731302014e-08
0.9999999999999907,1.420357527346913e-50,9.372032565666335e-15
2.1902494973542217e-21,0.9999999576244301,4.237556999597746e-08
0.9998708139778655,6.192246559155057e-25,0.00012918602213454706
2.5941029736836235e-05,9.257225883088473e-09,0.9999740497130374
0.9999999999967979,2.459410255910118e-44,3.202156688357665e-12
6.189302374036072e-23,0.9999999968910562,3.1089437480427556e-09
0.9999997665358166,1.3903585437170774e-32,2.3346418343029227e-07
8.348542367927109e-19,0.9999990415156049,9.584843951676929e-07
6.16450743194669e-24,0.9999999991245736,8.754264961317423e-10
1.2666560744612705e-21,0.9999996335410228,3.6645897726995465e-07
1.7645479829468162e-05,2.7416336190537808e-08,0.9999823271038344
0.9999913959684413,7.142506400769843e-29,8.604031558764744e-06
1.099225748994171e-14,0.9997684185817954,0.00023158141819356115
0.9523564862921643,9.580499251871078e-20,0.04764351370783559
1.5291204715017585e-05,3.209826198642887e-08,0.999984676697023
4.49703181314479e-15,0.9925640254918455,0.007435974508149993
3.566069155737467e-10,0.12910590702109,0.870894092622303
3.075048028988841e-12,0.9943367883881165,0.005663211608808472
4.371315517695309e-07,0.013417400527093445,0.9865821623413548
2.29195125620805e-11,0.9853719268322482,0.014628073144832261
0.999964749928067,1.648739586174062e-27,3.525007193301246e-05
0.00029889881218397976,2.2636857481212943e-06,0.9996988375020679
0.0023674822179387787,1.840597026838141e-07,0.9976323337223585
8.347858413705278e-08,2.564932426600546e-06,0.9999973515889892
0.9999999998516125,1.4333467478131136e-40,1.483876258391077e-10
4.393468731824431e-22,0.999999376921901,6.230780989293169e-07
1.434942293899137e-05,3.580476139795811e-08,0.9999856147722996
3.325874110960381e-05,8.270109026072406e-05,0.9998840401686296
1.1310861481542413e-24,0.9999999940958235,5.904176335695439e-09
0.9859046816812663,4.1676465296932613e-20,0.014095318318733611
3.100841170830268e-08,0.20555868074329833,0.79444128824829
1.4444606339200088e-06,6.612166990129576e-07,0.9999978943226672
0.9999999999999891,1.455097770357438e-49,1.0891095683007915e-14
1.1636214369395227e-07,0.11629550599780122,0.883704377640055
4.451256400472457e-08,2.6852831092451928e-05,0.9999731026563436
3.7433863524916757e-29,0.9999999999988765,1.123457578932166e-12
4.612032817318851e-16,0.9999680041529332,3.199584706630983e-05
2.356864070018033e-25,0.9999999998454678,1.5453225901284829e-10
0.0002152703568455558,2.3920091889046017e-10,0.9997847294039535
3.70727635318615e-23,0.9999999958553787,4.144621350108472e-09
0.20546196817525683,2.1074967253809442e-10,0.7945380316139935
1.4864975444253926e-14,0.9997861008279634,0.00021389917202167754
0.9996155815730163,5.856003904907588e-25,0.00038441842698365506
1.9102626529917011e-13,0.9984801069874115,0.00151989301239737
0.999963331184818,2.5850076825441567e-27,3.666881518212395e-05
0.9999999955961438,5.74008171746263e-37,4.4038561214609244e-09
0.0014292435152715658,3.821253776854996e-11,0.9985707564465159
2.1727808764306215e-21,0.9999987890712454,1.2109287546327502e-06
3.818319389756808e-06,1.742827174391738e-07,0.9999960073978927
7.03282378176599e-25,0.9999999996343407,3.6565935873445523e-10
0.004799994092216746,4.9430477692258265e-12,0.9952000059028402
2.3891574350117893e-18,0.9999983043824249,1.6956175752366591e-06
0.9999999525145595,2.7813585209720948e-34,4.748544036022755e-08
0.9999989483749633,3.225159385901933e-30,1.0516250368059277e-06
5.323688248474001e-05,3.911919499187985e-09,0.9999467592055957
1.3053071731038947e-19,0.9999904666931454,9.533306854759716e-06
1.770125090357871e-08,0.5264758374626147,0.4735241448361343
0.0007032557149063427,2.377053164350683e-10,0.9992967440473882
9.020172685046476e-23,0.9999999971870757,2.8129242956790272e-09
0.000618686107982095,2.838163882964278e-10,0.9993813136082015
2.5111522513267644e-16,0.9991577638659311,0.0008422361340686597
2.123107327650317e-15,0.9973727657698153,0.0026272342301825085
0.9999999897058244,4.57424708536736e-36,1.0294175580326638e-08
2.674899396634719e-21,0.999999978475923,2.152407695490176e-08
3.8420704977486384e-25,0.999999999856412,1.435879653793986e-10
4.1814209795722057e-16,0.9999539061748937,4.6093825105859004e-05
0.9999999914580949,3.5043704502530053e-35,8.541905109070913e-09
2.925216266903406e-11,0.9806811733367002,0.019318826634047753
4.866072904824547e-09,0.5971425342411384,0.40285746089278873
0.9999999996624687,6.661128012909725e-39,3.375314342796698e-10
0.9999999607838614,1.2052704629502441e-34,3.921613865630536e-08
2.4287646316384763e-15,0.9999460307241033,5.396927589428006e-05
0.9999996068967654,4.2399930619609143e-32,3.9310323467586016e-07
7.317367811457838e-10,0.9351871457182495,0.06481285355001369
0.9999999999999685,2.0849070668592732e-49,3.1639102738895164e-14
4.042255313789767e-18,0.999997586366628,2.413633371935099e-06
0.9999999999874838,4.2189814598079865e-42,1.2516171462431012e-11
0.9999997549788119,9.402241480886707e-33,2.450211880783451e-07
3.211440973816058e-08,0.2656836358506775,0.7343163320349126
0.9999999999930143,1.1905069791729312e-43,6.9856562807304656e-12
9.606460621115756e-07,1.1741143165312283e-06,0.9999978652396213
1.9910311967880864e-21,0.9999999780470248,2.1952975099316837e-08
1.2897448470079724e-07,3.42670938146552e-05,0.9999656039317006
3.78830121472071e-24,0.9999999865660176,1.3433982320490136e-08
0.9999999999118578,4.4676588873927046e-41,8.814220548885134e-11
1.4275794366750579e-24,0.9999999997430091,2.569907882121615e-10
8.23603354305283e-20,0.9999996919113033,3.080886967050238e-07
3.3306151901484103e-05,9.969259601579e-09,0.9999666838788389
0.999927564504723,4.653586152916896e-27,7.243549527692911e-05
4.457367821815677e-05,2.224409632277826e-09,0.9999554240973721
9.925591749351258e-19,0.9999989459162051,1.0540837948865835e-06
9.335550848641593e-05,2.0564604816663232e-05,0.9998860798866969
0.00034507463040138654,9.942836115562733e-11,0.9996549252701702
0.9999999999270537,3.3118670876540136e-40,7.294621165833308e-11
5.166324406345816e-14,0.999596961594755,0.00040303840519325876
0.9999999999902398,2.1348213516729585e-43,9.760162356623085e-12
0.9999714033797817,1.5946278311298202e-27,2.8596620218312776e-05
1.334678342841291e-06,0.004816925443395526,0.9951817398782616
0.99999999999949,2.8825707518138428e-46,5.099701986341182e-13
1.5549145140415564e-12,0.9970427748728382,0.002957225125606859
3.6996056136768925e-06,3.8441133133440204e-07,0.999995915983055
1.2364734991984115e-05,1.4245224124617752e-08,0.9999876210197839
0.9999999368541235,7.251160963450995e-33,6.314587650256995e-08
1.252999482895559e-19,0.999999857044477,1.429555230190446e-07
8.936986454504147e-06,1.7991645310219066e-08,0.9999910450219001
0.9999999999966878,2.5971251484784935e-43,3.3122082014605153e-12
6.567141557567931e-17,0.9997789424552334,0.0002210575447665862
1.4673565964452535e-09,0.7376353292853038,0.26236466924733953
1.0907644343232015e-06,0.006297115264491275,0.9937017939710744
0.9999999999949509,9.501866595490572e-43,5.049088217337933e-12
0.00023272570917207258,8.542254322629532e-10,0.9997672734366025
0.999999982598378,2.1364296015336467e-35,1.74016220294989e-08
3.4815197313008643e-32,0.9999999999999758,2.4121221621053587e-14
3.4191601616494033e-28,0.9999999999965181,3.481801656325109e-12
0.999999999999986,5.033401095333565e-50,1.3975511146127615e-14
1.0582208245582084e-27,0.9999999999866926,1.330726274081142e-11
0.9999999722828264,2.092939193267695e-34,2.7717173480268553e-08
0.013852002259074162,7.802839657597887e-09,0.9861479899380863
9.472389607574828e-23,0.9999999974503413,2.549658600427326e-09
8.364432050819151e-08,0.15659619115346315,0.8434037252022163
1.5262253930525384e-05,1.1209025510224205e-08,0.9999847265370441
0.9999999999999758,1.231997137001817e-49,2.427565916715076e-14
0.9946420246113976,1.3029202482081574e-21,0.005357975388602454
1.551032338381277e-16,0.9995853904808848,0.0004146095191149591
0.9992162580141513,2.4564124432885715e-24,0.0007837419858487583
0.9998026797653333,8.890827915638963e-26,0.00019732023466667028
3.536976691239802e-20,0.9999998576569098,1.423430901802038e-07
2.9048708128415108e-11,0.982480483858263,0.017519516112688226
0.00039927325591039727,2.0503614768355973e-10,0.9996007265390534
3.847603655809757e-06,3.633621747271842e-07,0.9999957890341695
0.9999732347247923,8.445239220094073e-27,2.676527520767758e-05
1.1076963925392924e-11,0.9925498581716898,0.007450141817233099
3.2713468921123177e-21,0.9999989362914036,1.0637085963910018e-06
1.5778110469220895e-08,6.873724649904388e-05,0.9999312469753905
4.663658930302429e-05,5.646839205346151e-09,0.9999533577638577
0.005390945957946861,1.231782662194151e-12,0.9946090540408213
2.5447852632988365e-22,0.9999996480551876,3.5194481252242626e-07
1.1014452973663363e-13,0.9993561040405269,0.0006438959593629306
5.968354142674205e-26,0.9999999999379059,6.20940474654204e-11
2.152910076436889e-06,0.0008978194928215401,0.9991000275971019
0.9999999990337878,8.772544462055128e-38,9.662121631715013e-10
0.9999999980871166,7.302551154312478e-37,1.9128834034865278e-09
0.998444754660082,6.202450869200234e-23,0.0015552453399180473
6.158205940285988e-28,0.9999999999959841,4.0157914841739636e-12
2.423788337849484e-06,1.8246954087596936e-07,0.9999973937421212
0.999998756735796,1.1126643778909438e-30,1.2432642039942497e-06
2.6994076101578545e-08,0.46812636564220006,0.5318736073637238
8.296368080444547e-06,0.00017405954512299298,0.9998176440867966
4.902004286823235e-13,0.9977952048300252,0.0022047951694844923
6.656770641198276e-10,0.004656325923055163,0.9953436734112678
1.0729793563370384e-11,0.9906456981735924,0.009354301815677863
6.784057421203874e-21,0.9999998588410718,1.411589281510232e-07
0.9999999234024327,2.299887375102113e-33,7.659756739805051e-08
0.9966364448021909,1.6670533746808903e-21,0.0033635551978090862
0.9999450837109208,2.9035178341735702e-27,5.4916289079269624e-05
7.422352964231833e-06,0.0001865522757625618,0.9998060253712733
0.999672143536106,5.535282674623242e-25,0.0003278564638940161
9.782608656106686e-05,7.415999972978886e-06,0.999894757913466
0.9943364379591234,7.793450532817959e-21,0.0056635620408766185
5.288667542732673e-18,0.9999977217359259,2.2782640740295023e-06
0.002691087669534931,6.76910629698326e-08,0.9973088446394021
2.7548198384680198e-14,0.9996351236892965,0.0003648763106759186
0.9999797621241573,6.432072103356094e-28,2.0237875842644517e-05
0.9999999999998976,3.861985253373339e-48,1.0235633688239098e-13
0.9999999999769069,2.449911853787524e-42,2.309306313661036e-11
0.999999761989387,5.598151447519883e-32,2.3801061304360126e-07
1.5169214762071073e-19,0.9999996535711829,3.464288169919973e-07
0.00011541292404120301,9.717223027072271e-06,0.9998748698529317
2.0262380283098234e-09,0.0010267945851437827,0.9989732033886182
2.285841880930802e-23,0.9999999448840701,5.5115929837319414e-08
2.4560911694735584e-18,0.9999986689303131,1.3310696869685212e-06
1.8686466438387959e-06,3.094530134617882e-07,0.9999978219003426
2.046157790550357e-17,0.9999911849392716,8.815060728272469e-06
1.5290913068155408e-20,0.9999980989218132,1.9010781868478948e-06
5.5794830488772387e-36,1.0,1.0533499762673639e-16
2.117745269832264e-08,9.217509885533854e-05,0.9999078037236919
2.324884307387371e-33,0.999999999999998,2.080914060247432e-15
2.044929345237555e-06,0.0007647716120971355,0.9992331834585576
0.9999999999094196,1.196469808216014e-40,9.058037546895601e-11
0.9999992421554461,1.5548841911354856e-30,7.578445539017965e-07
0.992610786734264,1.37650668830828e-21,0.007389213265735956
1.0386786273935665e-13,0.9988796576909035,0.0011203423089926584
2.3455000602303563e-10,0.9351386413384267,0.0648613584270232
1.3505034523213794e-36,1.0,3.982847765613333e-17
0.9999999852305288,1.9987999295322213e-35,1.4769471206730045e-08
0.9999966501988853,4.479361215489619e-29,3.34980111469499e-06
6.331166981296851e-29,0.9999999999984537,1.5462696311100617e-12
4.3420462929635737e-07,1.0382089191399935e-06,0.9999985275864516
1.3843656826635162e-14,0.9998441390350279,0.00015586096495830872
9.681148190736443e-13,0.9963922582271278,0.003607741771904018
0.9997971701043192,3.088812904080329e-24,0.00020282989568083277
2.370114608175748e-21,0.9999999755271537,2.4472846297578262e-08
0.9999999996828863,3.2810475186982074e-40,3.1711362373450147e-10
1.57531024516276e-24,0.9999999735751088,2.6424891053793886e-08
0.9999922221138616,2.0716094833284366e-29,7.777886138310565e-06
0.9999999997371773,1.2664861762376925e-39,2.628226523120652e-10
1.0499499161901683e-20,0.9999999120077614,8.799223871593831e-08
3.2803460941004515e-07,2.7199168948427826e-06,0.9999969520484958
0.9999999969995843,4.065270220431459e-36,3.0004157086409464e-09
0.9999999999921312,1.139319988840313e-43,7.868912502068748e-12
0.9999999999087954,1.62774573578504e-40,9.120455815021603e-11
0.9984485729641139,7.648961054106007e-23,0.0015514270358860031
8.381547105418432e-07,0.0014670575746529545,0.9985321042706367
1.388257980108671e-09,0.8345347908997454,0.1654652077119968
5.5718473061803605e-24,0.999999945397254,5.46027459131805e-08
5.759107422670839e-06,0.000642177768613873,0.9993520631239634
6.097854258582016e-36,0.9999999999999998,1.1658259551161676e-16
0.00025039174876063805,1.1145826103174503e-09,0.9997496071366567
0.015109305763509244,1.4054262379179165e-12,0.9848906942350854
2.904085828392248e-21,0.9999999711359266,2.8864073369084505e-08
4.3049263802608355e-21,0.9999999369159078,6.308409225721143e-08
0.9999999453817273,5.0296634060118776e-33,5.461827274921966e-08
1.6617935769363125e-06,0.002072589558491588,0.9979257486479315
0.9999998773790394,2.40740596771823e-33,1.2262096054918348e-07
7.268948291782145e-07,0.013715963371189193,0.9862833097339816
4.366889515892576e-19,0.9999757527434272,2.4247256572787593e-05
0.9999999969610485,1.93269567420733e-36,3.038951523070067e-09
2.952543792159459e-09,0.5448260081125433,0.4551739889349128
8.705695867683404e-15,0.9938816641700243,0.0061183358299671895
5.299320046398535e-26,0.9999999998993852,1.0061485683055987e-10
6.511103952699457e-11,0.9473258560973921,0.052674143837496856
0.9987974446845349,3.259451995283669e-23,0.0012025553154652088
0.9859866623106551,4.151461664567727e-21,0.014013337689344839
1.8989895411656067e-07,3.099931349405967e-06,0.9999967101696964
6.598749187476053e-37,1.0,3.5926639999882324e-17
1.1921822667436599e-23,0.9999999979592351,2.040764822634933e-09
0.999563460497979,2.79233345172775e-24,0.0004365395020209929
6.008141122224633e-29,0.9999999999985874,1.4127221003103148e-12
0.9999998386322128,1.1186957611130363e-32,1.6136778739498122e-07
2.2017116369029625e-08,0.00020156705077924058,0.9997984109321044
9.67614717700821e-19,0.9999665287814642,3.347121853579067e-05
0.9999993064774668,5.69539253166618e-31,6.93522533242114e-07
0.9999994602951501,1.139950960442492e-31,5.397048500354624e-07
8.621633840873501e-10,0.8751550831136352,0.12484491602420127
2.373144229931935e-06,0.001819769804191109,0.9981778570515789
4.787318827308913e-11,0.9832217974234245,0.0167782025287022
0.9999066727756237,4.524862636135576e-25,9.332722437616036e-05
8.120690558595361e-09,0.0003934269120841575,0.9996065649672252
4.402751211841631e-10,0.8989571399527297,0.10104285960699522
0.9997915220167074,3.469695972513809e-25,0.00020847798329253278
0.0011736787996654444,7.185586082552814e-11,0.9988263211284787
1.1872120577174383e-31,0.9999999999999489,5.1057022459548496e-14
3.041918006264748e-07,0.03416634423291108,0.9658333515752884
0.9999999999998976,5.3505125080720533e-48,1.0237161660115043e-13
0.9998530449126329,5.180908553139887e-25,0.0001469550873670974
3.313683317401683e-15,0.9998502159556374,0.00014978404435932746
5.233489240602302e-06,0.0005908374379740615,0.9994039290727853
0.9999996205893275,2.8157749781991618e-31,3.794106725035389e-07
2.7060272490788944e-22,0.9999999938764828,6.123517225745018e-09
3.745124348667963e-11,0.9773601329376209,0.022639867024927915
0.00043661210709042264,3.7119820489555914e-11,0.9995633878557898
6.373441990374742e-06,1.328182907324281e-08,0.9999936132761806
0.0026278813250324782,5.130150889960055e-12,0.9973721186698374
6.947481284819707e-19,0.9999806574846913,1.9342515308688528e-05
1.0424501264112837e-14,0.9997409139530448,0.0002590860469448486
4.952220736436546e-09,0.0007317473092781737,0.9992682477385011
1.1694250877761106e-08,0.5090566684114577,0.4909433198942914
5.33444770454185e-28,0.9999999998774183,1.2258161822382768e-10
0.0017093061681007812,2.999361489590458e-11,0.9982906938019056
0.9999670903196476,5.609932323003712e-28,3.290968035252275e-05
1.9814121251152855e-23,0.9999999971599451,2.840054931471259e-09
9.583481862748813e-07,2.597761207923628e-07,0.9999987818756929
0.07764726132667847,9.148456141970548e-14,0.92235273867323
0.9999999998508984,2.1496464977554246e-40,1.491015809540401e-10
2.3734528775417424e-25,0.9999999970518259,2.9481740977267156e-09
0.9999247010849438,1.4334491325965329e-25,7.529891505624221e-05
1.8803737391309197e-08,6.352635573062013e-05,0.999936454840532
0.9998582044039976,7.889816968340254e-25,0.0001417955960022802
0.9999999999999865,1.1354274727638802e-50,1.3442264030112291e-14
0.0003985177576250655,1.1236169732466808e-10,0.9996014821300132
0.9999998510964829,2.093720210420251e-33,1.4890351711946165e-07
0.9999999999864944,3.501102696096527e-42,1.3505709556429321e-11
2.3785606671273753e-16,0.9999518016496605,4.819835033940812e-05
0.9985770187469084,1.1044669930764503e-23,0.001422981253091625
0.9999979082597252,1.2630433619599357e-29,2.091740274801698e-06
0.999992616531309,1.0506613311331552e-28,7.383468690963977e-06
1.2392371533144533e-07,8.455504461770735e-06,0.9999914205718229
3.677755253208657e-17,0.9997545979403133,0.0002454020596866486
0.9994350811636534,7.246016326574126e-24,0.000564918836346514
0.9996841402453324,1.0270857109113037e-24,0.00031585975466760357
1.2889393167428453e-23,0.9999999978976175,2.1023824493689037e-09
0.9999355065030909,5.837568857882865e-26,6.449349690897062e-05
1.1892507428462965e-06,2.679095897709385e-07,0.9999985428396673
0.0005412106579759827,4.292535302517605e-07,0.9994583600884938
6.990813926248497e-21,0.9999998893161559,1.1068384398120242e-07
0.0029355221463986344,1.1330085375001131e-08,0.997064466523516
3.638638464500296e-05,1.6415902143606766e-09,0.9999636119737648
1.3006515906276533e-05,1.8300231303848684e-08,0.9999869751838624
4.1135692280270793e-25,0.9999999996580113,3.419887601037483e-10
1.825808507733285e-18,0.9999986790070552,1.3209929448535453e-06
1.1111343522621568e-26,0.9999999991689807,8.310191797161132e-10
0.9999999999999802,4.828165156903583e-50,1.9675723245388704e-14
0.9993541961377993,9.283138733864622e-24,0.0006458038622008178
9.746704993313851e-07,2.4622107260350427e-07,0.9999987791084282
1.2883034652511394e-08,0.4744023792941566,0.5255976078228087
0.9989710611591659,5.90059669004784e-23,0.0010289388408340945
8.25405971792269e-09,0.00013679132695089432,0.9998632004189894
1.3475334984832473e-06,2.85862522817189e-07,0.9999983666039788
0.9996370996578912,1.3686878618301918e-24,0.00036290034210895665
6.658994721779783e-25,0.9999999995483222,4.516778948505318e-10
0.9999999989442772,2.4311899183912088e-37,1.055722866690482e-09
0.9999907286996027,4.917655254347433e-28,9.271300397222474e-06
3.345346698064662e-05,1.2668252358745471e-08,0.9999665338647671
1.7448017242717236e-21,0.9999993215608542,6.784391456620291e-07
2.7195929941665784e-26,0.9999999999677103,3.2289654472697744e-11
0.0010223406162113656,1.87560838314316e-07,0.9989774718229504
0.9999999861063498,1.3598107598753426e-34,1.3893650235030389e-08
0.9981887238385789,4.957030687328749e-22,0.0018112761614209945
0.9999343928437707,9.960878121239679e-27,6.560715622917605e-05
7.796786390621708e-10,0.01706331128506549,0.9829366879352558
0.9999999999918743,4.2336469113780805e-43,8.125656363272617e-12
0.9999979636289241,9.388104895667974e-30,2.0363710759396034e-06
4.512610485829173e-15,0.9998873853927731,0.00011261460722239474
0.00022989278914855866,3.7591274373104003e-10,0.9997701068349387
0.9999997360641891,2.8055613073437303e-32,2.639358107396588e-07
7.622804151658978e-08,3.983975783671162e-06,0.999995939796175
1.9310051372665018e-08,0.00016026802664199043,0.9998397126633066
0.9999999501467729,3.25790258635699e-34,4.9853227151701456e-08
0.9999943151803116,1.5950943316989127e-28,5.684819688430805e-06
0.0005720286815685239,1.9417017707672158e-07,0.9994277771482544
1.093885720764901e-28,0.9999999999982703,1.7297885749520427e-12
0.9999999999768114,1.0451235891910205e-41,2.3188517416803415e-11
0.9999999999808977,1.3339569488042934e-41,1.910226679011489e-11
3.49562095467842e-21,0.9999999610862593,3.891374072773703e-08
1.3844012520438246e-06,4.5895257539224316e-07,0.9999981566461726
8.88183995463678e-11,0.9644910108769869,0.03550898903419475
1.8488094173442475e-16,0.9999775650945351,2.243490546465363e-05
4.639240339675497e-35,0.9999999999999996,4.0084723598935765e-16
1.7374478659560204e-26,0.9999999999602716,3.972837779277099e-11
5.75663894041092e-19,0.9999988660150604,1.1339849396337396e-06
0.9999999999999889,3.071683824720887e-50,1.1162668684280475e-14
3.7331711760146136e-12,0.9929420618383197,0.0070579381579471655
1.3677445097981014e-05,2.006332612738843e-08,0.999986302491576
0.993144111033504,5.9177832286046834e-21,0.006855888966496099
1.5291824448375675e-05,8.064952801196771e-09,0.9999847001105989
7.016390366332068e-06,2.3149231975045244e-08,0.9999929604604016
1.458148832599491e-08,0.30448498593446194,0.6955149994840497
3.988808543358022e-16,0.9999777352935563,2.2264706443242126e-05
0.00010892401192063717,8.077447019119843e-10,0.9998910751803346
1.8747173461402037e-05,5.6182789414245e-09,0.9999812472082596
2.9372420188971947e-27,0.9999999999938243,6.175686648561078e-12
1.2136028340166612e-13,0.9796387452720275,0.020361254727851063
4.095202741156587e-24,0.9999999994407944,5.592055875955003e-10
1.9857858977910016e-23,0.9999999415834567,5.841654324518814e-08
1.0088565369366543e-19,0.9999995651332255,4.348667743366411e-07
9.268587360224227e-21,0.9999982804046896,1.7195953102555866e-06
4.0125528437848336e-07,0.008365402148121768,0.9916341965965939
0.0004968090940289765,6.026433907030275e-07,0.9995025882625803
1.9228418727541387e-16,0.9999793069957179,2.0693004281861253e-05
0.990459269157642,7.031638751135478e-21,0.009540730842358
0.9999999999445641,5.24741491494353e-41,5.543588358998386e-11
1.1046613829579054e-08,0.5383916748506017,0.46160831410278447
0.00294690775673178,2.696910468503047e-12,0.9970530922405714
0.3492193637872725,1.0507207399531378e-15,0.6507806362127264
0.9999824376125348,2.419611978022418e-27,1.7562387465187368e-05
0.9999999997719105,2.352281516283155e-40,2.2808950404562615e-10
0.9999800348116559,6.39380813175769e-27,1.996518834401019e-05
3.031374913144413e-06,2.798062833877507e-07,0.9999966888188035
0.0001390177320087389,4.39457801985642e-10,0.9998609818285336
5.1145109597528724e-05,5.041390020857305e-10,0.9999488543862636
7.437816576106574e-24,0.999999998898295,1.1017048506607251e-09
0.9999999998518823,3.086737492582651e-39,1.481177649559804e-10
9.285818349871095e-22,0.9999997367234219,2.632765780484383e-07
2.982681529403045e-18,0.9999982862670883,1.7137329116266945e-06
4.8649351864785025e-05,4.6964196293666224e-09,0.9999513459517156
0.0008877274830489042,3.799070732395123e-11,0.9991122724789605
3.840560708889843e-14,0.9996519653263181,0.000348034673643452
8.132969197824958e-24,0.9999999988727102,1.1272897954607325e-09
5.440039179541177e-22,0.9999999874815751,1.251842481441151e-08
6.130421514483409e-05,2.8318455235496498e-09,0.9999386929530097
0.9991848896196102,2.6652803237775755e-23,0.000815110380389875
4.0378313645611974e-23,0.9999999962274357,3.77256422792694e-09
1.4069083033788833e-13,0.9990208539657128,0.0009791460341465933
4.82983380026406e-13,0.9242360401534696,0.07576395984604756
0.9999968600480492,2.1435069072124883e-30,3.1399519508365517e-06
0.999999999999786,2.2460146772096185e-47,2.1414636249366518e-13
3.368559961514347e-12,0.991970148251385,0.008029851745246449
8.546460388454139e-16,0.9999302097737475,6.979022625160669e-05
2.6907669772463173e-06,1.2925019709389646e-07,0.9999971799828258
3.4594467990026825e-06,0.0011409103310683223,0.9988556302221326
1.042105718329284e-12,0.9977585978259346,0.0022414021730231748
0.9999999999806544,5.405920699920773e-42,1.9345565212246146e-11
0.9999997959151924,7.221276968475945e-33,2.0408480756588498e-07
6.114294524005701e-15,0.9999021143158375,9.788568415634256e-05
0.9999998979477072,3.500461984169876e-33,1.0205229276474687e-07
0.9999999999999596,1.5460031362648032e-49,4.0499443473754945e-14
0.9998771781584603,5.706754741645642e-26,0.00012282184153973618
1.8362101397621544e-09,0.0047777439235390205,0.9952222542402508
4.596669087408624e-07,1.029012676688663e-06,0.9999985113204145
4.998401648689659e-21,0.9999984377041781,1.562295821929629e-06
0.9999999999999223,1.7138212510872802e-48,7.762307743579214e-14
0.9881796731243182,1.721176787090636e-20,0.01182032687568181
2.0061513511165987e-24,0.9999999987657735,1.2342264510397657e-09
0.9999999998350821,2.3556561103642462e-39,1.649177524971226e-10
0.9974171255361318,4.351109281663855e-22,0.002582874463868176
4.3619203652604293e-08,1.8660927356657527e-05,0.9999812954534397
1.0449603720079611e-07,2.693475443385235e-06,0.9999972020285193
4.706385716084684e-10,0.01741586421097191,0.9825841353183895
3.3190588550443423e-23,0.9999999983097141,1.6902859762497125e-09
1.655147418836158e-35,0.9999999999999998,1.6649824001656242e-16
0.9999562185679989,1.1422834432789567e-26,4.3781432001138393e-05
3.6296861157671106e-22,0.9999999910894964,8.910503479514293e-09
2.644495701251194e-12,0.9939837163747103,0.006016283622645129
0.9999999999926021,1.5911738956655179e-43,7.397894667062492e-12
1.2825667826742761e-09,0.0011600039179982694,0.9988399947994349
2.7582243226355896e-09,0.0011745612178306775,0.998825436023945
0.9999833280437853,8.741279950976657e-29,1.6671956214759754e-05
1.4392174338186797e-18,0.9999984656341706,1.5343658294468214e-06
2.610303946571479e-17,0.9999902435520431,9.756447956770264e-06
1.1789083568427594e-31,0.9999999999999694,3.070531173080206e-14
2.0230568724126947e-20,0.9999997168364196,2.831635803238128e-07
9.579664275056877e-10,0.017178726378548722,0.9828212726634848
5.442507386595097e-17,0.9997182149006059,0.00028178509939409804
0.9999999999999676,1.7860858918329937e-49,3.2313033207895696e-14
0.9999999999606903,1.3753835121827823e-42,3.93096922709049e-11
3.977124574247338e-15,0.9998393368291081,0.0001606631708879318
0.9999999921669106,1.37407514431797e-35,7.8330893478355e-09
1.6132798550513524e-07,5.3092592078446605e-06,0.9999945294128066
8.900503811578086e-05,6.6717019447941175e-09,0.9999109882901824
5.514284015459451e-14,0.9990621324091166,0.0009378675908280884
3.868247036676137e-09,0.0024550893641641343,0.9975449067675889
4.939835875012153e-19,0.9999988953178807,1.1046821194361422e-06
3.543228361174143e-27,0.9999999999914544,8.54555234230127e-12
6.747668952843054e-08,3.6203021154517495e-05,0.999963729502156
9.159124734231663e-09,0.0005992566458245118,0.9994007341950508
0.9999999999708296,3.265169760526587e-41,2.917043204152093e-11
0.9656605134596481,8.065479819066088e-20,0.03433948654035193
0.9999999899737947,2.2985048189594646e-35,1.0026205334718548e-08
1.7411559287435565e-32,0.9999999999999938,6.322488636833134e-15
4.918923172861015e-08,0.06514208422507355,0.9348578665856947
9.042192732874432e-23,0.999999992724703,7.275296879290934e-09
1.9439412692786654e-35,0.9999999999999998,2.0865793962555467e-16
5.001409944193628e-08,0.12229680157730523,0.8777031484085953
3.0931839215014275e-17,0.9998502426863763,0.00014975731362369742
0.999992536063457,4.3469432612469503e-29,7.463936543078632e-06
5.764962999478978e-20,0.9999961087692054,3.891230794660351e-06
2.2995349050202723e-26,0.9999999999675968,3.240324211696837e-11
0.9999999997289815,7.357908701884918e-39,2.710186138384779e-10
2.4525095389975066e-05,1.2673403376038897e-09,0.9999754736372697
9.237753832573915e-07,0.0030192980889277286,0.996979778135689
0.9999808527503725,3.0681558870923204e-27,1.914724962749008e-05
1.0183102929569954e-25,0.9999999998277915,1.7220844078534305e-10
3.969947848183722e-26,0.999999999946152,5.384809141980095e-11
0.999999999992832,4.646625173774663e-43,7.16808539137692e-12
0.9997013050054497,2.030069407581609e-25,0.00029869499455027656
0.9999128902641081,7.972562123658437e-26,8.710973589189656e-05
1.9590222712642776e-29,0.9999999999993014,6.986551976140401e-13
3.977088460376353e-23,0.9999999977598637,2.240136285861586e-09
0.9999594984817243,1.606432742666225e-26,4.050151827567e-05
0.9978226179574591,1.72274354521543e-22,0.0021773820425408734
2.6757995366186096e-06,0.002830283665608894,0.9971670405348545
1.287721299906127e-06,5.9171322231736823e-08,0.9999986531073779
3.790653351150949e-07,5.966340868953595e-07,0.999999024300578
0.9999816208166245,5.607804884901162e-27,1.8379183375574102e-05
1.393881804481579e-08,0.0007557096741990566,0.9992442763869829
0.9998754083842575,6.470929346261742e-26,0.00012459161574247853
7.225586788623646e-05,3.1548212812450545e-09,0.9999277409772924
1.8867919960901427e-08,0.33339436264275896,0.6666056184893212
0.00031227881374451755,1.9810713704155456e-05,0.9996679104725514
3.884551021186558e-12,0.994811726441816,0.005188273554299419
1.0883140205523581e-25,0.9999999999396794,6.032063486508536e-11
0.9999999999742193,1.8302271807066965e-41,2.5780797195767558e-11
5.880600815943369e-31,0.9999999999999369,6.307446014435707e-14
0.9999168754977874,1.4062393057074372e-25,8.312450221248362e-05
0.9999986759137599,5.135849888376001e-30,1.3240862401012033e-06
3.6598157654972274e-06,6.543622708702996e-08,0.9999962747480073
0.9999999999703433,7.260456516123813e-41,2.965663079565604e-11
6.0187562239243925e-06,5.019410831654446e-08,0.9999939310496678
0.028187708040184573,2.549098066525487e-09,0.9718122894107173
0.00014608645843957279,5.319316185490479e-10,0.9998539130096288
3.8156443105614815e-20,0.9999998833914454,1.1660855458956693e-07
0.9999986082100591,1.5452842871124459e-29,1.3917899407780227e-06
5.981718827059058e-20,0.9999998220843357,1.77915664291808e-07
1.8227198815686794e-06,2.3864668799174327e-07,0.9999979386334306
0.9999413676999918,3.4368150371079346e-26,5.863230000820249e-05
1.6268816497777033e-07,6.166831089849596e-06,0.9999936704807453
0.9999999999999931,4.0851840437822125e-51,6.866280260990233e-15
1.1287815755823626e-35,0.9999999999999998,1.3269734898330657e-16
0.9999480807460076,1.2286802395578633e-27,5.191925399235156e-05
5.222751103264173e-23,0.9999997949412439,2.0505875604380912e-07
0.9999998392183952,5.108686306175145e-33,1.6078160472535495e-07
1.6480716794796413e-16,0.9996146922775647,0.000385307722435015
6.331019392721063e-21,0.9999999358142421,6.418575787608216e-08
1.8052108309628326e-07,0.024768042624347054,0.9752317768545699
2.8073144335370543e-17,0.9999909599768629,9.040023137084017e-06
0.9999999999996754,2.209663492209802e-47,3.2455308211576677e-13
0.9998759299233634,5.2254541973857e-25,0.00012407007663672802
0.05065451937945022,3.4039173350294e-14,0.9493454806205157
2.791156926420282e-09,0.002545009067970199,0.9974549881408729
0.9993412749762642,9.658528055257414e-24,0.0006587250237357062
0.9999999996467099,1.6284859082073595e-38,3.5329010493022554e-10
3.411054495980486e-20,0.9999998774541795,1.225458205715595e-07
7.308144848295439e-11,0.9703840672284123,0.02961593269850625
0.9999993867114285,1.1387165573090698e-31,6.132885715525302e-07
0.999610443112956,2.552444012514525e-25,0.000389556887044017
5.6602183477879665e-08,0.0662623891905198,0.9337375542072968
2.3348467188374027e-12,0.9955255986401896,0.0044744013574755485
1.467786152618463e-34,0.9999999999999734,2.662220123547355e-14
2.1256330988324842e-17,0.9999929772989985,7.022701001391824e-06
0.9999999999996425,5.917770748030335e-47,3.5755254074316483e-13
1.734099637352728e-18,0.9999608915870389,3.910841296099769e-05
3.629827378014203e-07,1.1116400549369268e-06,0.9999985253772072
0.9999931487293308,2.6827764371653905e-29,6.851270669237443e-06
2.490642296015103e-05,1.0794818817955633e-08,0.999975082782221
0.9999999113396812,3.969407371258667e-30,8.866031867689372e-08
3.619528915537102e-17,0.9998495355827711,0.00015046441722890206
0.960667383419456,4.0018807061879418e-19,0.03933261658054389
1.9640159210249345e-19,0.9999866343293979,1.3365670602016007e-05
1.0606430676941424e-07,4.838365236547143e-06,0.9999950555704566
0.9999237308079411,2.417998132931784e-25,7.626919205894573e-05
9.762919605189428e-22,0.9999999842639558,1.5736044328394823e-08
4.180323258964781e-05,1.5452611721695067e-09,0.9999581952221491
5.485589876743393e-28,0.9999999998285078,1.7149225811948618e-10
1.655812156978306e-25,0.9999999998194107,1.805892619685444e-10
0.9994590820464906,1.60683320451052e-24,0.0005409179535093333
0.9999964663918366,1.8070241149679913e-29,3.533608163364528e-06
6.147877715485872e-05,1.8931480235348303e-09,0.9999385193296971
5.1785076078537717e-20,0.9999998502068488,1.497931512837982e-07
1.6941614769906135e-10,0.9577528714161071,0.04224712841447694
0.9999999999652771,3.224564861687127e-41,3.47229354430983e-11
0.0001553187935665334,9.79312470001188e-10,0.999844680227121
3.793750847496751e-14,0.999587519720877,0.00041248027908512904
6.0784985463397045e-22,0.9999999882963976,1.1703602394002548e-08
0.00014284775120147189,5.844397303699435e-10,0.9998571516643587
2.797533129229496e-28,0.9999999999970188,2.9811350599236478e-12
5.070507945979049e-22,0.9999999853989634,1.4601036646980459e-08
2.8576462871336104e-10,0.0673180097037617,0.9326819900104737
0.9999999993321012,4.307974226733595e-38,6.678988987865765e-10
0.9999999999974989,2.1410125868468168e-43,2.5011355812910376e-12
0.00010280715465125569,3.3951604070400964e-09,0.9998971894501885
0.0001769094051353629,1.3876564404339964e-06,0.9998217029384243
0.9999999999998745,4.6032879560950794e-48,1.2536410762062743e-13
1.438123149137685e-06,5.745689295592055e-07,0.9999979873079214
0.999999990065079,8.348095488118127e-35,9.934921085309303e-09
0.0006358855436928746,1.5580195034275079e-10,0.9993641143005052
5.044524468080704e-28,0.9999999999959599,4.040014366540692e-12
0.005012668241378221,5.284119285388604e-08,0.9949872789174289
3.2287804781632863e-13,0.997894460136688,0.0021055398629890292
9.024545988792819e-20,0.9999996046847932,3.953152068923139e-07
2.94871077140107e-31,0.9999999999999467,5.3290524226838796e-14
6.618367727326874e-07,0.037438710601416424,0.9625606275618108
0.9883515621812924,1.2936970096878184e-20,0.01164843781870758
1.6342559708426395e-20,0.9999967117050739,3.288294926209992e-06
0.999999999852702,8.068572154683633e-40,1.472979134783762e-10
1.7956007299347775e-17,0.9999941140913232,5.8859086767315506e-06
0.9999988583128996,3.9017808263649834e-30,1.1416871004273692e-06
0.9999999999977085,3.416994707102417e-45,2.291591436536545e-12
6.188063519809739e-07,5.281663576086529e-07,0.9999988530272904
0.999990728998916,4.4211728311549145e-29,9.271001084002996e-06
1.2196038154770147e-23,0.9999999990919513,9.080488481210244e-10
2.891122847243199e-19,0.9999844464929941,1.555350700591015e-05
5.125799557598282e-12,0.9930021849557509,0.0069978150391235006
2.9442201190242774e-25,0.9999999971966163,2.8033836521178953e-09
1.2525256058524104e-09,0.012148365891109295,0.9878516328563651
5.866035922525796e-10,0.7239760803664637,0.27602391904693274
1.0233452902414308e-36,1.0,6.562090544361061e-17
0.9999842071880668,1.375967510629372e-28,1.5792811933261243e-05
0.9999990288468207,9.50674800902672e-31,9.711531793671613e-07
3.477646615913563e-06,8.787444594341035e-08,0.999996434478938
0.9999999999377751,9.316246219006573e-42,6.222488988853289e-11
0.00340611034200344,5.073072196123534e-12,0.9965938896529234
0.9999999999999942,4.27282709689469e-51,5.695377716743213e-15
1.0465193709644685e-09,0.035729161814033794,0.9642708371394468
0.999999999987879,3.451273227795402e-43,1.2120977604150126e-11
5.3291358095348916e-08,1.3241510505157054e-05,0.9999867051981367
4.315260333087914e-05,1.7835026404123726e-09,0.9999568456131666
0.9999999999884703,9.259719972573065e-42,1.1529729045548141e-11
8.830433751104994e-10,0.01977020483284208,0.9802297942841145
0.9999999999413871,2.68122502075356e-40,5.861290943062632e-11
8.858589548746413e-08,0.043155449848790245,0.9568444615653142
1.524833868709447e-07,0.06258720947988193,0.9374126380367312
0.9996703165877615,1.4452850271948795e-24,0.0003296834122383776
2.7926655648155827e-19,0.9999884501724091,1.1549827590988938e-05
1.8692340891812034e-13,0.9989517438969047,0.0010482561029082624
1.673997650690316e-27,0.99999999999089,9.109946851276186e-12
1.0180186721870485e-07,1.7050751224668437e-05,0.9999828474469081
1.751845148738316e-11,0.9867822594508873,0.013217740531594288
0.999986930683619,2.7607035727433698e-28,1.3069316380982912e-05
0.9999999992577744,6.994056346735452e-38,7.422256103097004e-10
0.9999999999999676,6.667193456600858e-49,3.2404077922987155e-14
9.315115249507e-11,0.3412767405695037,0.6587232593373452
1.418560471100863e-20,0.9999999013833991,9.861660089438219e-08
7.162557069922455e-05,3.195227626426331e-09,0.9999283712340732
2.1109362326854652e-08,0.0001638932397861599,0.9998360856508515
0.9999010929852117,6.577181936379563e-26,9.890701478833188e-05
2.6014808869605605e-10,0.9010800390198151,0.09891996072003659
0.9999995195151833,3.023181038596585e-26,4.804848165559624e-07
8.882022803991802e-07,4.6857976215209293e-07,0.9999986432179574
2.2727647109213998e-17,0.999989833305086,1.0166694914101716e-05
4.633051920455645e-20,0.9999964953391923,3.5046608076161024e-06
5.955350174960684e-07,1.0365926391220948e-06,0.9999983678723434
0.0007118853515623578,3.4836637354694035e-11,0.9992881146136009
1.1954249145859955e-13,0.9557609976849749,0.04423900231490554
0.9978072253585829,3.1156843229098307e-22,0.002192774641417109
0.9952601036784119,2.163445511785744e-22,0.004739896321588089
0.9999410624932384,4.657865540872328e-26,5.893750676146644e-05
1.1638675569248355e-16,0.9999829445101962,1.7055489803494904e-05
4.703230765242258e-12,0.9899482038045722,0.010051796190724516
0.9898422959674417,1.0170351353498565e-20,0.010157704032558211
1.5812248044620537e-06,1.8924653305673237e-06,0.9999965263098649
1.28053239075958e-27,0.9999999999954716,4.528337128040604e-12
0.999982258995283,1.7219719942702063e-27,1.774100471684895e-05
0.9999999981094454,3.1762381774323326e-37,1.890554696695607e-09
0.022843991191124936,4.280184251877927e-13,0.9771560088084471
5.158370837439895e-19,0.999988310239566,1.168976043402905e-05
1.7411726074049303e-34,0.9999999999999993,6.054039036413658e-16
0.9999999999778966,2.3169958277501965e-41,2.2103365060561383e-11
0.9999998924884022,1.1484270400657818e-32,1.0751159774233827e-07
1.348509930846454e-21,0.9999999686108457,3.138915427971701e-08
0.9999996686882523,1.214881241007062e-31,3.31311747629599e-07
3.1798792148204194e-25,0.999999999829813,1.7018704904285714e-10
0.9999999999999887,1.349970965737405e-50,1.1345221896271655e-14
2.796760393379953e-05,5.6376235636057576e-09,0.9999720267584428
5.556687878966526e-07,0.009162405968929093,0.9908370383622829
0.9999961019561837,4.93803434018964e-30,3.898043816391069e-06
0.0036480834911298775,1.8270885326957762e-12,0.996351916507043
2.9940306660760736e-17,0.9999892753345841,1.0724665415919623e-05
1.1031892465434384e-07,1.9690327358131175e-05,0.9999801993537173
0.9999999997286904,2.0970416743014094e-39,2.7130973298715496e-10
6.235363117261982e-10,0.00857908818072607,0.9914209111957377
4.987167113025288e-11,0.9837416761240108,0.016258323826117582
0.999998329765632,2.857237331071715e-30,1.6702343679688735e-06
4.86367578399621e-15,0.9998660032794554,0.00013399672053975768
2.2729635994105687e-37,1.0,1.515912146835254e-17
3.0021908133785684e-09,0.7350509124576895,0.2649490845401196
1.9762450848086743e-05,4.3511621175345006e-08,0.9999801940375307
3.395190562944313e-23,0.9999999352113897,6.478861021521486e-08
2.4551648023974125e-35,0.9999999999999998,1.6712363700825315e-16
1.2443081411415334e-16,0.9994891905674623,0.0005108094325376066
0.9937550214991142,2.4858226649714422e-21,0.006244978500885828
0.0024634079666778917,5.74372682039811e-08,0.9975365345960538
2.2589160371046955e-06,1.1163583837483613e-07,0.9999976294481245
0.9956560742608004,9.013846045638025e-23,0.004343925739199718
1.1550317148664765e-26,0.9999999999741149,2.5885118091832703e-11
2.207646885811693e-05,7.820558361422336e-08,0.9999778453255583
3.415037538631156e-07,7.953140559557488e-06,0.9999917053556867
2.2964428482112205e-14,0.9993649867942045,0.0006350132057726964
6.00775269256343e-08,4.867902660019374e-05,0.9999512608958728
0.9999999999971552,2.0029978058206343e-44,2.844735627988832e-12
1.292548157370355e-09,0.006615090982484968,0.9933849077249669
8.037894936767077e-09,0.0002957324946838202,0.9997042594674211
0.00019738070038594874,4.361041832013463e-10,0.99980261886351
0.0007462176806192287,3.9621200805005065e-07,0.9992533861073728
9.943493077456991e-17,0.9990551017664299,0.0009448982335702854
5.363629958840701e-28,0.9999999999974027,2.5972153845182484e-12
0.9999679565785564,6.2280943764174766e-27,3.2043421443539895e-05
8.75823950127661e-20,0.9999998302957193,1.69704280591043e-07
2.856833366457131e-25,0.9999999998584101,1.4158976061660624e-10
2.939260752989595e-23,0.9999999972534319,2.746567974646963e-09
1.1722906259665366e-25,0.9999999998548292,1.451707643173849e-10
0.007257318489307086,1.0781865079279645e-11,0.992742681499911
0.9999997496457126,1.9692499730924573e-32,2.503542874389587e-07
4.038937025065181e-24,0.999999998795176,1.2048239646681345e-09
6.314474128433576e-28,0.9999999999958189,4.181173913429608e-12
0.9990637659747288,4.942885504038778e-23,0.000936234025271307
2.722990156032338e-09,0.003720361730330661,0.9962796355466792
0.9999957659840275,3.360797773328695e-30,4.234015972501165e-06
1.5136784892138228e-05,0.00020328736983959368,0.9997815758452683
9.006098566837389e-08,2.1127912557030907e-05,0.9999787820264573
0.0009996398807618396,3.751395121587244e-11,0.9990003600817242
1.1806783072916317e-08,0.00019639934526189488,0.999803588847955
0.9999725618428141,1.2495260135257258e-27,2.7438157185803436e-05
4.723034407411303e-25,0.9999999998088678,1.9113213522708097e-10
0.9999999999969269,1.3502536223868692e-43,3.0731638761296816e-12
0.9999999999867217,3.757025121246999e-43,1.327815749699557e-11
2.3267043607137153e-15,0.9999251083003303,7.489169966743842e-05
0.9999983376532192,3.3769065088667984e-30,1.662346780926762e-06
2.470705061815775e-06,0.0005819645586138365,0.9994155647363244
7.452089054016459e-20,0.999999881890975,1.1810902514720449e-07
0.9999999999867599,4.5462136014773644e-42,1.324000263577499e-11
1.3056838431551967e-07,9.76968553180743e-06,0.999990099746084
1.7279397511653323e-05,2.064631118883918e-08,0.9999826999561771
2.365095345112819e-19,0.9999996397429661,3.60257033866446e-07
0.9999999999871283,2.857642776389957e-42,1.2871797203536541e-11
8.413624465794142e-36,1.0,9.018134740727067e-17
0.9999999998738198,2.717072996781824e-41,1.2618014510826424e-10
9.479886884532493e-37,1.0,4.7361694065273257e-17
5.5729102464003e-15,0.9954296878415154,0.004570312158479162
4.906508161815465e-25,0.999999999692974,3.070260429361269e-10
8.73753303529336e-19,0.999957945026569,4.205497343112782e-05
3.725830299891055e-26,0.999999999913664,8.633611265292809e-11
3.3975427881493784e-06,1.2189579168738818e-07,0.9999964805614201
0.9999999999034721,1.4574497181782301e-40,9.65277903698384e-11
3.44085508697888e-06,0.0017831712873062479,0.9982133878576067
2.6674105706331033e-12,0.9955752819273997,0.004424718069933008
1.203564581436672e-07,6.20614753123309e-06,0.9999936734960106
1.3117021788868134e-07,0.0560905415784751,0.943909327251307
5.4107311892521525e-06,4.748389651303526e-08,0.9999945417849142
2.5918190672208137e-18,0.9999986376038072,1.3623961927243786e-06
6.100674579249379e-19,0.9999991554014188,8.445985812272204e-07
3.1269664370055903e-08,0.001716008969030422,0.9982839597613051
0.9995574020891005,2.8966890614736088e-25,0.0004425979108996205
0.99997473510952,7.587445824333829e-28,2.526489048005214e-05
1.5044496215399543e-32,0.9999999999999898,1.0138983085006501e-14
1.57627437380115e-36,1.0,6.567486513178641e-17
1.0022118593959058e-05,1.3209504824175703e-08,0.9999899646719013
0.9999890735716029,1.2592395023218281e-28,1.0926428397108818e-05
4.960611572439002e-11,0.16537759684281178,0.8346224031075822
3.627597452115417e-15,0.999889666808242,0.0001103331917546221
2.5348989313990848e-06,1.2627121771694669e-07,0.9999973388298509
6.064733860544628e-09,0.0012272737401757493,0.9987727201950904
1.2693450030128415e-18,0.9999990891326284,9.108673716462846e-07
3.586961124313438e-21,0.9999999408012761,5.919872397645966e-08
0.9999937136326948,2.1605531639981258e-29,6.286367305153938e-06
0.001918579823665745,9.934032496766904e-12,0.9980814201664001
2.5829154871462602e-12,0.9925266430704875,0.007473356926929415
1.8387789563027578e-05,2.5927468980393983e-09,0.9999816096176901
0.9999994549990839,1.6197628652482676e-30,5.450009161185574e-07
0.998724970790351,9.334445794933168e-24,0.0012750292096490282
6.809799887331792e-25,0.9999999997238345,2.7616554163956464e-10
9.321295288012438e-25,0.999999999493487,5.065129934409709e-10
0.999999980803194,5.111102159442242e-35,1.919680590705637e-08
0.9999999999999916,1.0340855341687178e-50,8.419467101989054e-15
1.0535612817541678e-21,0.999999984233156,1.5766844068067013e-08
5.50988836168504e-22,0.9999999887158587,1.128414135072365e-08
0.01889864644215851,3.578837848372852e-13,0.9811013535574836
1.670340011517971e-15,0.9999208077229302,7.91922770679123e-05
9.176314568825847e-10,0.013117779976934462,0.9868822191054339
0.9999999999953884,1.642019587624099e-44,4.611697898714958e-12
1.6463891462113839e-06,2.6938733521395615e-07,0.9999980842235185
4.002333039691455e-42,1.0,1.268367566391229e-18
0.999999333802335,1.1887933497043388e-31,6.661976649838412e-07
8.223455689231353e-05,1.670437248864696e-05,0.999901061070619
0.9999999999999887,2.6725353349934643e-50,1.135462803303863e-14
1.9582586580144886e-09,0.8121958221866182,0.18780417585512324
5.759614527464749e-09,0.6087792775862628,0.3912207166541227
7.562593519285705e-37,1.0,3.2585822115923714e-17
2.1028889180225623e-15,0.9998974329694417,0.00010256703055627262
3.955290086069266e-06,8.942076494966031e-08,0.9999959552891491
0.0011612732898267108,1.540553157482269e-07,0.9988385726548574
4.24623509225926e-07,2.3923179300739176e-06,0.9999971830585608
4.487115611059631e-25,0.9999999997896283,2.1037181016023845e-10
3.4907673684027936e-16,0.9999772699113019,2.2730088697669212e-05
5.7921222010323437e-08,0.11471099224806855,0.8852889498307095
0.9999999999985967,6.119701234674666e-44,1.403242769275826e-12
2.070042172097164e-10,0.9478195659546125,0.05218043383838336
9.529434038988188e-06,2.7099363096408926e-08,0.9999904434665979
0.9999999999999896,1.5004578785095044e-50,1.0339139781420477e-14
5.601365874907023e-34,0.9999999999999982,1.850231811184407e-15
8.923910071904769e-07,1.3350518138335513e-06,0.999997772557179
0.9987359479565852,1.664411226051796e-22,0.001264052043414835
1.0507522423765566e-23,0.99999999856344,1.436559949670142e-09
0.9999999999876856,5.132760034411899e-43,1.2314278300310978e-11
0.0001130152137503621,1.0254123440168426e-09,0.9998869837608373
0.9999999973513904,7.92343864752785e-34,2.6486096410054294e-09
6.259086032299994e-34,0.9999999999999978,2.127388910369908e-15
5.332966625797461e-19,0.9999990086662089,9.913337910820453e-07
0.9999999999984055,1.4778284441084132e-45,1.5944048437657174e-12
1.4927215274546293e-07,1.7077501042862357e-05,0.9999827732268043
3.4777320696612235e-17,0.9999879709036283,1.2029096371673072e-05
3.118012310991821e-33,0.9999999999999976,2.5160730588840795e-15
6.308472094073227e-26,0.9999999999373343,6.266559627115365e-11
1.981046160569927e-10,0.9550322662741101,0.044967733527785415
0.9999984408784673,1.0992450190107587e-29,1.55912153255819e-06
9.53944079663086e-07,0.01075938053780747,0.9892396655181128
1.5324486446151967e-07,0.11886751834454119,0.8811323284105943
0.9999999999999885,1.3619005684886213e-50,1.1607478393677184e-14
7.114014995198776e-07,1.0541622520476584e-06,0.9999982344362485
1.7580257400560163e-09,0.003084179720949902,0.9969158185210243
0.0004535712595279868,1.508276236799587e-10,0.9995464285896445
0.9999999999979476,6.401021209497914e-45,2.052308213237123e-12
0.0001456826088184521,1.059823971696261e-09,0.9998543163313577
5.482026845562991e-29,0.9999999999988589,1.1410396802333597e-12
0.9999999999989844,7.898086058292925e-46,1.015722164697869e-12
2.2846603411911508e-12,0.7687805835548145,0.23121941644290075
0.9999998020874911,2.1888416450660276e-32,1.9791250898156322e-07
0.9991185384255414,5.110501086530688e-23,0.0008814615744585308
6.029979581164926e-14,0.9990127024255828,0.000987297574356898
0.9999994127399088,1.4427829078474587e-30,5.87260091195258e-07
7.602641828523381e-09,0.6081444336069263,0.391855558790432
0.9999999999997791,4.009145806240851e-47,2.2091716535055762e-13
0.9999999613920475,8.974871728552941e-35,3.8607952424268806e-08
3.6126202983217025e-08,1.250540381774449e-05,0.9999874584699793
1.86160862524893e-18,0.9999989631654093,1.0368345907193994e-06
1.4019930248406279e-06,2.4533861317051e-07,0.9999983526683619
0.9999999999994793,5.639107322814363e-47,5.207726182102979e-13
0.9999944722019984,1.590250964794183e-28,5.527798001542411e-06
0.000349674662929222,8.841081494649156e-07,0.9996494412289213
4.3197741800281415e-06,2.541514951166093e-08,0.9999956548106704
0.999999764952233,1.489424335091045e-32,2.350477670872208e-07
0.051270105998309945,1.7624166101067263e-13,0.9487298940015139
0.9991225708018653,8.706516613781744e-23,0.0008774291981347536
7.763215697151594e-06,1.4323899933395804e-07,0.9999920935453036
7.107317139691469e-10,0.0034421890652596445,0.9965578102240086
1.4156371916500579e-05,1.4000661722300598e-08,0.9999858296274218
6.74621892037198e-20,0.9999948370599457,5.162940054228113e-06
0.001218270029260522,1.3996660916575193e-10,0.9987817298307727
5.6760549023848056e-11,0.966165264311801,0.03383473563143826
2.880686966344234e-25,0.9999999998096314,1.9036868416607871e-10
8.323458636403633e-13,0.996947890314292,0.003052109684875787
7.098540243778871e-05,4.30137030400945e-10,0.9999290141674252
0.9999999999978839,1.8678947778189357e-43,2.1160408158038527e-12
0.9998931308532336,3.1471273600872757e-26,0.00010686914676633985
3.3276041744705804e-06,0.0014130936920361417,0.9985835787037894
5.442965381787917e-14,0.9994349257939152,0.0005650742060304521
5.634586595008855e-19,0.9999992661764705,7.338235294301084e-07
3.2692144400733094e-09,0.5417303633970373,0.45826963333374826
1.810824085294461e-07,8.6059701988387e-06,0.9999912129473926
3.9622648875953986e-05,1.987640998068582e-09,0.9999603753634829
5.956709393516844e-32,0.9999999999999798,2.0235103621056325e-14
9.058106512112612e-22,0.9999999690990357,3.090096439851101e-08
8.669008357310429e-07,1.9153447008927233e-07,0.9999989415646943
0.9971979500450604,2.4111638805817544e-22,0.0028020499549395767
2.3985682454914973e-09,0.006536555132542608,0.9934634424688892
1.0619002041983084e-20,0.999999929087125,7.091287508046402e-08
4.850000571930802e-08,0.00011302878586675974,0.9998869227141275
0.9999999990330029,8.395333212812482e-38,9.669970848267537e-10
0.9999999975254916,1.6408949894958535e-36,2.474508339415025e-09
0.9992019542693551,2.4913950684758973e-23,0.0007980457306449988
7.170473993480957e-10,0.025484065749777348,0.9745159335331752
6.637365822651245e-10,0.005644957661493037,0.9943550416747703
1.9864243590000548e-24,0.9999999785040345,2.149596550304222e-08
0.9999999999999893,2.2546510503989604e-50,1.070214240084687e-14
0.0019291183434044592,4.092365739434321e-12,0.9980708816525032
1.298160744446695e-21,0.9999999809970556,1.900294438269883e-08
3.5410584835279735e-16,0.9999729756414552,2.7024358544461015e-05
0.0003367377346700773,5.661294794940862e-10,0.9996632616992005
2.4376261650868426e-25,0.9999999998334685,1.665314529336811e-10
5.943976709847329e-05,5.8392421235815135e-09,0.9999405543936595
6.908074891134523e-25,0.999999999723822,2.76177904436769e-10
6.981192287323802e-21,0.9999999255602057,7.443979431622804e-08
1.8766527856694926e-07,0.08002271713502732,0.9199770951996941
3.2887985406892756e-17,0.9999954627884753,4.537211524837643e-06
6.5021574616434256e-24,0.9999999988331032,1.1668968524696058e-09
3.9979720039483315e-12,0.6877245087531367,0.31227549124286524
0.9998912192828526,2.293325491509746e-25,0.00010878071714736284
4.112210815194021e-27,0.9999999999901035,9.896609277769526e-12
0.9991043722641596,9.169473851322292e-23,0.0008956277358403217
0.9999999999999809,6.847397144634778e-50,1.910951798381853e-14
1.148586355864868e-18,0.9999570174240255,4.298257597451517e-05
0.9999999456647245,1.754040752826373e-34,5.4335275590738295e-08
0.9999995369011021,7.537985214027478e-31,4.6309889788903507e-07
0.000712390796697094,2.1410704620028776e-10,0.9992876089891959
0.999999992867254,7.993995873806658e-36,7.1327458352906625e-09
8.655731129997813e-17,0.9999698942997355,3.0105700264545617e-05
0.9999999999999365,1.749869561642603e-48,6.355742183998116e-14
0.0028342089611828945,3.9411351200533294e-08,0.9971657516274659
0.9999999999999745,1.5415975937117975e-49,2.5634380659844803e-14
1.8574546336892753e-08,0.00013274045572621976,0.9998672409697273
8.854065578657077e-25,0.9999999992944424,7.055576406106219e-10
2.59645979405931e-20,0.9999999038962312,9.610376871428923e-08
4.391716249319499e-15,0.9998884659736067,0.00011153402638891703
1.9540998569700846e-07,0.01185447107244688,0.9881453335175675
0.9999997525082314,1.0180011890100426e-32,2.4749176867374595e-07
8.479717278316616e-26,0.9999999999307143,6.928567206024763e-11
0.9999999702571174,2.790491256043481e-35,2.9742882595636026e-08
3.144001419289702e-18,0.9999628426779771,3.7157322022925595e-05
2.651124311476678e-07,4.0812643821601044e-06,0.9999956536231867
1.4950086514770912e-08,7.789451868698497e-05,0.9999220905312265
7.562875300354568e-08,1.5238420029873811e-05,0.9999846859512171
0.9999999999999767,1.7073297969740705e-49,2.3313448497900047e-14
0.0072727524925116915,3.2869531453013674e-12,0.9927272475042013
0.002159628220370956,1.4046390102414792e-11,0.9978403717655827
8.668561433845264e-05,1.93581891331887e-09,0.9999133124498426
1.433408864479645e-16,0.999563100965608,0.0004368990343919306
1.0672726187973157e-05,1.6464845540306236e-08,0.9999893108089665
0.9999967184305345,7.484675191474941e-30,3.2815694654549458e-06
1.0204584386034035e-07,0.08135661949751313,0.9186432784566431
7.071741080141908e-06,0.00022635786137147854,0.9997665703975485
0.999999980225629,1.4446353258058034e-34,1.977437100719676e-08
2.0699959257794892e-19,0.999999645173566,3.548264340135896e-07
0.9999587520234311,2.09811365086302e-27,4.124797656887966e-05
0.9999276113598491,6.04979572348318e-27,7.238864015100152e-05
0.0068135686528625955,4.52254679122028e-13,0.993186431346685
2.1784502093253594e-06,0.0008989948057811712,0.9990988267440094
9.479008783989466e-06,1.770198238373531e-08,0.9999905032892337
1.605520860522869e-07,0.05774854596486254,0.9422512934830515
3.2174535740706294e-17,0.9996670800506386,0.0003329199493614118
0.9999996062709484,1.3642675449397661e-31,3.9372905153105855e-07
0.00023196245627221784,7.937814832396436e-07,0.9997672437622446
0.9999999999941682,4.076395465074575e-43,5.831712109780821e-12
5.5133030007754505e-09,0.00046648453947155643,0.9995335099472255
0.9999916246380192,4.8593665642277103e-29,8.375361980863016e-06
3.78877422753596e-08,2.658207857950213e-05,0.9999733800336782
4.381215636582789e-10,0.057088920126641234,0.9429110794352372
2.9761047656050413e-05,1.0148467401150943e-08,0.9999702288038765
0.9967846033202831,2.987037004191371e-22,0.003215396679716878
0.000980642654970523,3.773990774868486e-10,0.9990193569676304
1.681513268477627e-36,1.0,6.06278753068446e-17
2.9757082764958165e-07,2.855808969185764e-06,0.9999968466202032
2.1798173432563666e-08,0.0002471000575772808,0.9997528781442492
2.6373319733421488e-05,3.2745162832023726e-09,0.9999736234057502
1.764194824676827e-33,0.9999999999999967,3.3660487082768578e-15
2.9722085387580935e-09,0.004690349361915016,0.9953096476658764
1.0639717467333656e-36,1.0,2.383393937756498e-17
2.2115718192997264e-30,0.9999999999997764,2.2365794697989738e-13
9.336240396253083e-12,0.9854127490721808,0.014587250918482966
6.689048224514371e-16,0.9994130242159772,0.0005869757840221603
9.892538023544166e-17,0.999978812926575,2.1187073425001558e-05
0.9999999999190992,1.501326553110539e-39,8.090095239003059e-11
4.7400567216304733e-23,0.9999999209138613,7.908613882106642e-08
2.971091780155721e-29,0.9999999999860418,1.3958201449143921e-11
1.4818113411162884e-20,0.9999999132060269,8.679397312804566e-08
5.120163263985374e-06,0.0005686190148295274,0.9994262608219066
4.225049376167025e-31,0.9999999999999338,6.620238945774166e-14
5.815034633878359e-15,0.9998177621222757,0.00018223787771842536
8.034428478916919e-10,0.012042181890091572,0.9879578173064655
6.598206571180758e-15,0.9998813896668075,0.00011861033318580138
0.999999999990949,2.3075103127014493e-42,9.050928843277277e-12
7.782892295799429e-06,1.759257198898191e-08,0.9999921995151322
4.2308925856774185e-07,3.2466023491900523e-07,0.9999992522505066
4.196503154725484e-09,0.6504244683680543,0.3495755274354426
0.9978041826017323,1.4214689192791336e-22,0.002195817398267686
3.01045035856204e-34,0.9999999999999993,7.033288585540989e-16
2.137910844520961e-37,1.0,3.1055726501095004e-17
1.4724194366455938e-10,0.9006510419237278,0.09934895792903034
0.9999998297516203,2.690362633256796e-32,1.7024837976070883e-07
6.447708494995662e-08,0.07644195529379884,0.9235579802291162
0.9919590853387753,1.3301661976855682e-21,0.008040914661224583
0.9999999999833169,4.321918285409715e-43,1.6683090632080566e-11
0.9999999999700842,5.915347586681087e-41,2.991581736392102e-11
0.999999999997695,2.8897271220328484e-45,2.305111855633242e-12
0.0027879032478859683,6.777788940981672e-08,0.9972120289742246
1.824394221090082e-36,1.0,4.9310680267887704e-17
0.9999999999915477,1.0022394492416576e-42,8.452267784777779e-12
1.1769277361531171e-05,1.009052148476966e-07,0.9999881298174237
0.9999851133108765,3.879000528195309e-28,1.4886689123565847e-05
3.4655943597936963e-23,0.9999999959748651,4.0251349679788315e-09
0.9999999999852203,5.399311698230913e-42,1.4779667596344678e-11
4.428459563549898e-08,8.344523392577793e-06,0.9999916111920119
0.9981042020336376,1.5665394980947163e-22,0.0018957979663625276
9.952092573468948e-15,0.9995906746203354,0.00040932537965472236
0.9999999994072868,1.8612680669709407e-38,5.927132602385505e-10
6.114826867796788e-07,2.0743047563926083e-06,0.9999973142125568
0.9999964537427315,1.2005130750817736e-29,3.546257268505735e-06
0.9999999999953133,9.205222386517203e-43,4.6867209229911e-12
0.9990709714975292,1.5894693318379074e-23,0.0009290285024708277
0.9999969621049891,4.0207099632939413e-29,3.0378950108193236e-06
1.0198168123951666e-18,0.9999437291141551,5.6270885844906646e-05
0.984615188227915,2.449011135874345e-20,0.015384811772084903
3.614703717690862e-08,0.00013852442070455776,0.9998614394322582
0.999914852457418,4.9431383786839636e-26,8.514754258202563e-05
0.9972555243614837,1.655637508733066e-22,0.002744475638516343
0.9999999999999813,4.2605411291482787e-50,1.8585422127545275e-14
1.6563616154532318e-09,0.8903640995055795,0.10963589883805896
7.496413376661791e-16,0.9999479512440383,5.2048755960905935e-05
0.0007372736522474158,9.278342371214672e-11,0.9992627262549691
0.9999899897256587,1.1775226228511559e-28,1.0010274341347907e-05
4.858781197964728e-07,5.953109058932842e-07,0.9999989188109742
8.309127045461578e-30,0.9999999999996163,3.8362203326768486e-13
8.227044950874006e-09,0.0002152257413216133,0.9997847660316334
0.9999999999084446,1.2448980964526246e-41,9.155535701253769e-11
6.907995451154173e-34,0.9999999999999987,1.2718396204893543e-15
1.9772063701170582e-07,1.2117101874119293e-05,0.9999876851774889
0.9981416947509297,1.0538488656856032e-22,0.0018583052490703036
0.9991600526313105,2.1548395286990896e-23,0.0008399473686895118
0.00018587966512471712,1.8742687609018983e-05,0.9997953776472663
5.9310729791282096e-24,0.9999999993599453,6.400546834679376e-10
2.096113184670336e-14,0.9996815402359137,0.0003184597640652933
0.9999364348543529,6.416719072022866e-26,6.356514564709784e-05
0.9993021215045114,7.046398422026437e-25,0.0006978784954886179
0.9996199615194065,1.1529678011829087e-23,0.0003800384805934974
4.562144231117252e-22,0.9999999909920142,9.007985881938353e-09
0.9995338925056905,6.677712130763362e-24,0.00046610749430956496
4.003399860870806e-14,0.9995185635037019,0.0004814364962579733
1.4321063875004804e-22,0.9999999918912149,8.108785178187903e-09
0.9999999999367251,4.995766131648062e-41,6.327492352047296e-11
0.9999999973428204,1.2449105524784813e-36,2.657179528296346e-09
9.420336909319658e-05,2.7511050994436455e-05,0.9998782855799124
9.734767815539799e-08,9.965123384266693e-06,0.9999899375289376
0.9999961197615567,6.577476834105784e-29,3.880238443275615e-06
1.5589045113414158e-36,1.0,4.458499260684791e-17
1.945443126044558e-05,9.889368319724797e-09,0.9999805356793712
0.9999996017749109,3.787420897311449e-32,3.9822508918265515e-07
0.0021835801643491403,1.7765300304724985e-07,0.9978162421826479
2.133942688503951e-19,0.9999995635846227,4.3641537724842375e-07
1.4684624349992736e-33,0.9999999999999967,3.4191508331422797e-15
1.2053798358826056e-16,0.9992577454360592,0.0007422545639406891
0.00044566305203097795,1.3785505125409812e-10,0.9995543368101139
0.9999999576296139,2.0676129293207014e-33,4.237038609443284e-08
0.9999993795886838,4.565972304302933e-32,6.204113161499372e-07
7.779022744760724e-09,0.0015482766350397715,0.9984517155859375
3.6657719284448443e-10,0.9181866165185195,0.08181338311490334
0.995326028973003,1.0942640632297955e-21,0.004673971026996992
9.377227149843623e-10,0.005972220959738088,0.9940277781025391
0.9999998781646962,1.825456616246978e-32,1.2183530392183106e-07
2.883734981160335e-05,1.446086189444201e-08,0.9999711481893265
1.4772448831182792e-16,0.9997036129983012,0.0002963870016986172
0.9999966245392828,7.777069777425156e-29,3.375460717086232e-06
6.569948233302884e-06,1.9613167081590877e-07,0.999993233920096
7.654698572260303e-07,5.358708451123095e-07,0.9999986986592977
1.837711744283274e-05,4.09871206649104e-08,0.9999815818954365
1.7883144089388273e-05,3.123895333366393e-08,0.9999820856169572
0.001990910625626778,9.582722759458271e-08,0.9980089935471456
1.2858607433045893e-07,0.03575280369017515,0.9642470677237506
1.0112334111852388e-06,4.5533749869023934e-07,0.9999985334290901
0.9923795421063955,1.86968337563881e-21,0.007620457893604594
0.999998049924174,1.2996640044314539e-30,1.95007582605217e-06
7.588423994103146e-09,0.00027757539704036257,0.9997224170145357
2.0366958191022846e-19,0.9999814169337028,1.858306629721251e-05
0.09403851742880119,6.087898061149528e-14,0.905961482571138
0.9995941146195335,4.562018315425998e-24,0.00040588538046651347
4.247503698875345e-21,0.9999993667645775,6.332354225137296e-07
3.161730811746184e-10,0.034477531180682267,0.9655224685031447
4.553487827866606e-06,2.3090990594842812e-08,0.9999954234211815
2.2820544606250084e-07,0.0418827536329471,0.958117018161607
4.164589462717199e-06,2.0236235304747877e-07,0.9999956330481843
3.7669108441853447e-22,0.9999999914426542,8.557345955855539e-09
0.9999993419912341,1.4227401483027722e-30,6.580087659023485e-07
0.001881815293737788,5.918822553525527e-11,0.9981181846470739
0.9999961584203059,1.654787506634343e-30,3.841579694049652e-06
4.228216896287178e-06,1.1348970579910284e-07,0.999995658293398
0.002986418474148637,2.7727928512052995e-11,0.9970135814981235
0.9999999999914364,1.1657891759705895e-42,8.563688171845281e-12
0.9992109594580172,7.900037492373692e-25,0.0007890405419827865
0.9999909628089207,2.585493245436154e-28,9.037191079267214e-06
2.4723985013906126e-08,6.653817949597309e-05,0.999933437096519
0.9999999999768832,1.455610645106729e-42,2.3116754611833543e-11
0.9999850892224547,4.906331920701579e-28,1.4910777545356513e-05
0.0005996896625171966,9.459630926425928e-11,0.9994003102428866
0.9999999287328909,1.3392609144367716e-33,7.12671090471006e-08
0.9999999013514287,1.3140383352778398e-32,9.864857134700993e-08
0.9999995448672223,1.4109204493603973e-31,4.551327777622644e-07
7.323616519354535e-24,0.9999999991810773,8.18922691746769e-10
0.00018597972651655605,5.092408517271236e-10,0.9998140197642427
1.8925780945739197e-14,0.9998091199142572,0.00019088008572382622
2.395846881713782e-05,1.3377753686145772e-08,0.9999760281534291
3.702990038359741e-15,0.9998298799912255,0.0001701200087706024
0.004709467160552588,7.841691833223e-08,0.9952904544225291
5.971306787461381e-21,0.999998884277822,1.1157221778507305e-06
1.4805718822504712e-29,0.9999999999995153,4.846806834623275e-13
2.2914717375124922e-07,1.986440099185385e-06,0.9999977844127271
0.9999999999943194,2.7638432011470667e-44,5.680568633111647e-12
1.0673263518950178e-22,0.9999999931043357,6.895664107262496e-09
2.0206965695953155e-08,7.886948318149608e-05,0.9999211103098528
4.996285468687611e-09,0.0008432015650643336,0.9991567934386503
0.9999999918405448,6.531388457168147e-35,8.1594552090497e-09
1.5823033855003904e-06,6.099488264426418e-07,0.999997807747788
7.633546558927492e-05,2.1568267061280324e-09,0.999923662377584
1.381566172294888e-10,0.051623946312316676,0.9483760535495267
0.0006477985929713962,2.3170842631903446e-11,0.9993522013838577
3.4068664840217072e-18,0.9999976829595189,2.3170404812447046e-06
0.9430726948955042,2.7347417412544245e-19,0.05692730510449589
1.4706993127771753e-05,4.300907405973424e-09,0.9999852887059648
6.594961949786813e-24,0.9999999991212212,8.787787224379537e-10
2.4991599509682045e-14,0.9997797174605045,0.00022028253947028304
0.9999721112624071,2.3859711884788002e-27,2.7888737592817886e-05
4.7989952509162094e-11,0.9689868325527471,0.031013167399262954
0.9999819574047775,1.400094939188054e-28,1.8042595222534006e-05
3.847067640142399e-14,0.9992081333027519,0.0007918666972097541
0.9997967059292817,1.6140475222215449e-24,0.0002032940707182143
8.433891733338099e-19,0.9999984385532427,1.5614467572992255e-06
0.9998156882238097,1.1481775086517635e-24,0.00018431177619022022
7.755378728487092e-07,9.429799286639487e-07,0.9999982814821985
0.9999961407922174,1.0741395252962922e-29,3.859207782592092e-06
3.96224209689585e-29,0.9999999999989435,1.0564469884303398e-12
4.861398680524692e-06,2.400377173829709e-07,0.999994898563602
1.035498946205669e-09,0.7741881265213947,0.22581187244310652
0.9999230016254619,8.278098092571777e-26,7.699837453813138e-05
0.0006980266723528878,5.31455455627701e-07,0.9993014418721915
1.4220235503031493e-22,0.9999999940237749,5.976225053553581e-09
1.6706524730149987e-36,1.0,6.003743700408141e-17
0.9975377069135204,2.58841904939304e-22,0.0024622930864794446
8.120090084384361e-11,0.950144530443459,0.04985546947534014
0.999999999999984,5.706026266659767e-50,1.6033184973450744e-14
1.859648206645204e-08,1.3979391545857754e-05,0.999986002011972
0.00022304225757720767,7.792499040319315e-06,0.9997691652433824
1.440074271592767e-06,2.3291235848479175e-07,0.9999983270133699
1.8051701833410174e-06,4.132554137551073e-07,0.9999977815744028
2.1626847040799065e-07,1.765284260040141e-05,0.9999821308889292
0.9855414902820786,4.3429224650754126e-21,0.014458509717921305
0.9998946599747199,1.3748603450755606e-26,0.0001053400252800422
4.2814931942928926e-07,1.6289743568721682e-06,0.9999979428763237
0.9999999999999434,5.848132634301642e-49,5.6691679272801976e-14
1.1161845221219889e-17,0.9999968333596546,3.1666403453859493e-06
5.609047440961604e-08,8.13223278183024e-06,0.9999918116767438
0.9985228300460471,9.49465185316517e-24,0.001477169953952772
4.519495019463927e-09,0.001286820009684796,0.9987131754708203
6.221744907599138e-07,7.959676394694961e-07,0.9999985818578697
1.9232961853576106e-17,0.9999083856474229,9.161435257703753e-05
1.1579509280235593e-07,4.667389717757451e-06,0.9999952168151894
0.999999989642571,1.6402939476003956e-32,1.035742895909377e-08
2.8598299849863893e-11,0.9685514291642708,0.03144857080713077
5.933159309290084e-29,0.9999999999985387,1.4613506060106992e-12
0.9999996968737319,3.4735816315278052e-31,3.031262680588729e-07
4.9470774909347475e-31,0.9999999999999409,5.91741472315621e-14
0.9999999999999942,4.098133699031914e-51,5.7471885425531e-15
0.9999999465528362,2.070352386169364e-33,5.34471638542053e-08
0.9996405797759303,5.109979979726662e-25,0.00035942022406967454
0.9998674441799137,2.714185285093456e-25,0.00013255582008627988
9.431573392111374e-07,1.1304407602562148e-06,0.9999979264019004
4.4862916872231774e-07,5.780404857461078e-07,0.9999989733303456
5.8402297156960924e-06,0.001109824956972812,0.9988843348133115
0.9999999999892475,8.713871051697862e-42,1.0752534911589708e-11
3.081858321046682e-05,4.176292244690307e-05,0.9999274184943426
2.755685103053496e-12,0.9965738865008313,0.0034261134964129877
0.999999623990869,9.553920249397987e-33,3.76009130947616e-07
0.9995587768793404,6.4271310834823285e-24,0.000441223120659547
2.8296160875315936e-06,0.00262328161269527,0.9973738887712172
0.999982531582997,2.6732489098128776e-27,1.7468417002883036e-05
0.962666212000534,4.496348963861689e-20,0.037333787999465975
0.9999451988093949,2.520028983681137e-27,5.480119060508984e-05
0.9999999082912916,1.2377774415876595e-32,9.170870850894822e-08
0.9997079271829787,4.609087711570715e-24,0.00029207281702136706
1.182696784037495e-28,0.9999999999972893,2.7107289396396496e-12
1.997842875124104e-28,0.9999999999974309,2.569150628181738e-12
2.3511191462021225e-36,1.0,5.846477655121508e-17
1.4231915972699928e-33,0.9999999999999973,2.7465198350471048e-15
4.314755729632414e-06,3.4839053957423715e-07,0.9999953368537309
0.9999999999918414,1.2753649236084183e-42,8.15850698318623e-12
0.999999989554177,3.611381496833062e-35,1.0445822931107119e-08
0.9999997386004328,8.113692611611535e-33,2.6139956711644915e-07
5.746305350772061e-23,0.9999999967338671,3.2661329366818614e-09
9.205044817179834e-20,0.9999937469028229,6.253097177196781e-06
0.00019455259478507624,9.392993573495347e-06,0.9997960544116413
1.8710286847150951e-06,1.3062600765521725e-07,0.9999979983453077
0.9999999987948547,5.273112753052898e-37,1.2051453042466488e-09
0.9999999997865063,2.4368054393728747e-39,2.1349362128327482e-10
2.9394542922494524e-20,0.9999997404593489,2.5954065117638475e-07
0.9999999999295348,4.834498897448307e-41,7.046522994758977e-11
5.4971285745178806e-05,4.3564478319200597e-10,0.9999450282786101
5.74072328442528e-10,0.8214529483643714,0.17854705106155636
0.9999999998294284,6.73340359613709e-41,1.7057151006680705e-10
0.999999999999966,3.556740912120959e-49,3.391539418930474e-14
5.011415553542226e-07,0.003610939243197166,0.9963885596152474
1.9095616649691915e-23,0.9999999244274774,7.557252247843576e-08
8.427632759453934e-36,0.9999999999999998,1.236254122170258e-16
1.4650880658217918e-25,0.9999999999172324,8.276759051009289e-11
1.0852027401103038e-10,0.922963030879525,0.07703696901195471
0.9999999991929471,8.605914654007931e-38,8.070528006896054e-10
1.1423395828674075e-36,1.0,6.425682908015827e-17
0.9999999891194055,5.4005933874999544e-36,1.088059444422447e-08
7.007968118819047e-07,2.0525647202473001e-07,0.999999093946716
1.529838046844017e-31,0.9999999999999543,4.5692263314787985e-14
0.03763244381341045,2.5697657676553803e-13,0.9623675561863325
0.999999947497079,1.4292026686621793e-34,5.250292099088337e-08
8.339603080391144e-14,0.9994441723737187,0.0005558276261978256
4.357261449287446e-27,0.9999999999848752,1.512472235935651e-11
0.9999999999894711,6.409484364888343e-42,1.0528880542632415e-11
0.9999999998759341,4.0528685891020285e-40,1.2406595036348127e-10
0.9999999987308901,4.2411966095736935e-37,1.2691099614987402e-09
2.1908194362060636e-14,0.9895420820184533,0.010457917981524662
0.9998914393803539,2.3530947393900875e-25,0.00010856061964624758
8.133376798574307e-36,0.9999999999999998,1.1473765509540155e-16
2.4828320022741827e-24,0.9999999993471449,6.528551436374386e-10
0.998286560859792,4.3688711171872143e-23,0.0017134391402079847
0.9961535159178294,6.303301099037554e-22,0.0038464840821707006
0.008815384560503965,7.319957692140507e-13,0.991184615438764
3.5276305813064456e-14,0.9824997500450263,0.017500249954938277
4.926311722045426e-15,0.999818004991477,0.00018199500851819468
5.423003972261461e-09,0.0035876991510581267,0.9964122954259379
2.341735609261068e-28,0.9999999999974694,2.5306588511249388e-12
1.652170327801337e-08,9.47810392299673e-05,0.9999052024390668
0.0013521283081694194,4.951449190866348e-11,0.9986478716423162
0.9999942411677532,2.2619222192108444e-28,5.758832246781186e-06
0.0063349472346486,3.6030614132939025e-08,0.9936650167347373
1.1730356303101926e-22,0.9999999978651852,2.1348147830737934e-09
1.730252628749228e-05,4.764205477981795e-09,0.999982692709507
0.9999999999625211,9.470539002339376e-41,3.747894902964949e-11
0.9999999999717573,2.3506190391770486e-42,2.824281466890821e-11
0.9999997959019867,6.511905054409616e-32,2.040980131463759e-07
0.9999999999973002,2.663637279143214e-44,2.699761495157385e-12
0.9999999999999822,4.494712805006888e-50,1.786207381423345e-14
0.9999999999904796,1.8939954825965516e-42,9.520323151330519e-12
1.707650616774642e-19,0.9999995440955056,4.5590449445126215e-07
5.168157234134494e-11,0.12566399771039932,0.8743360022379191
8.635969210586482e-24,0.9999999983904311,1.6095689660691391e-09
1.5044938052496348e-30,0.9999999999998639,1.3613241361082604e-13
1.972582576215417e-35,0.9999999999999998,3.1208313242569494e-16
5.352404017165272e-05,4.388036586565866e-09,0.9999464715717917
2.653538507611712e-18,0.9999165348128027,8.346518719720153e-05
1.6226785391254607e-06,5.226629341132381e-07,0.9999978546585269
0.9999995873914979,2.3698765338026303e-31,4.1260850218469925e-07
0.9999999994388671,1.7007293953944276e-39,5.61132989018773e-10
0.9999999999999958,1.5946212336130635e-51,4.183525238173333e-15
1.7550194127316944e-19,0.999999633446365,3.665536349152729e-07
1.3062274276478752e-19,0.9999996529052807,3.470947191748423e-07
1.2722756296743873e-26,0.9999999999886964,1.1303596588925613e-11
0.9991006554549411,2.6941069427426524e-24,0.0008993445450589598
1.0836202234744525e-15,0.9998919920557882,0.00010800794421081088
0.9999999999989428,1.8673987161650794e-45,1.0572316103938383e-12
9.600951533917057e-19,0.9999989981819488,1.0018180511318447e-06
0.9999999752840376,8.00645184374267e-34,2.4715962438742346e-08
1.0936491809683172e-05,1.725655289441928e-08,0.9999890462516373
0.003271306020044235,1.9321994574410724e-11,0.9967286939606339
0.0001185727846879722,7.296594244516532e-06,0.9998741306210677
0.976282107265367,4.2995949074123004e-21,0.023717892734632845
0.0004013570143234638,7.059520539584006e-10,0.9995986422797244
0.9999997705595265,2.125983769838105e-32,2.294404735884033e-07
0.9999984766350124,5.626353539022393e-31,1.5233649876486473e-06
0.9999576077710728,1.229530140780673e-26,4.239222892723932e-05
3.163629918797899e-09,0.002691930136950852,0.9973080666994192
0.9999964550372054,2.2289426172231677e-29,3.544962794607621e-06
4.660890499444992e-29,0.999999999999345,6.549704773210687e-13
4.5892759577199214e-05,2.6624073876957133e-09,0.9999541045780155
0.9999999999801352,6.5029054232856824e-43,1.9864727412711028e-11
1.520451062972232e-23,0.9999999988140114,1.1859886246609971e-09
0.9999999999809446,5.524779295827775e-43,1.905546528891715e-11
0.9982479046163224,1.4550907770406462e-22,0.0017520953836775478
1.2613903459914341e-07,1.640012495603525e-05,0.9999834737360094
0.9999999999999911,2.0362450462097851e-50,8.935350753993206e-15
0.9997130640045017,1.0874899095525105e-25,0.0002869359954983382
1.5821005899200303e-10,0.03701542473206676,0.9629845751097232
0.9999999999807951,9.686023263340643e-43,1.920491130661646e-11
1.7899494210529592e-15,0.9983598109958094,0.0016401890041888585
1.4307252168887647e-07,5.746125037128726e-05,0.9999423956771071
0.0016546048643671038,1.361455073695064e-11,0.9983453951220184
0.9999999999999758,1.2336127638431003e-49,2.417391446507988e-14
2.610077139194594e-12,0.9906931012846509,0.009306898712739093
0.0001099798280057927,3.310633237617123e-10,0.9998900198409307
0.9999999999660338,1.107488204185573e-41,3.3966103431157405e-11
2.2230827906098154e-07,2.1946957105376057e-06,0.9999975829960103
1.3958367275415482e-07,1.5070691736498878e-05,0.9999847897245908
0.9999999982750039,2.0677711429081516e-36,1.7249961703096503e-09
4.5965048793706663e-10,0.9091295136800049,0.09087048586034466
1.5724249324606103e-28,0.9999999999244882,7.551176382757162e-11
0.9994181199062105,1.3430285825994184e-23,0.0005818800937894547
0.0029510855794500465,8.34934491674802e-12,0.9970489144122007
5.4254461396737284e-09,0.0011321638439428234,0.998867830730611
6.985571162753951e-22,0.9999999862898037,1.3710196268442178e-08
0.9999970308209356,2.8062807562229467e-30,2.969179064440214e-06
0.9887073368962883,4.08780631198925e-21,0.011292663103711693
0.9999999894720014,2.324076944181148e-35,1.052799857898937e-08
2.1210303043048265e-05,3.0738204732999045e-08,0.9999787589587522
0.9995232633086564,6.908442135186057e-24,0.0004767366913436827
0.9999999999999689,1.6175955459525433e-49,3.102459143715491e-14
6.658299193352735e-28,0.9999999999971012,2.8987550228173317e-12
2.918512398592542e-14,0.9891784846360628,0.010821515363907987
0.999999755425064,1.0973635359004643e-32,2.445749358946375e-07
8.820573067499232e-07,3.423394169464177e-06,0.9999956945485238
1.8043743276612392e-18,0.999998770867742,1.2291322580279463e-06
4.503429979072005e-15,0.9927098198775163,0.007290180122479419
0.994548943020145,5.366660693947887e-22,0.0054510569798551425
0.9999996730060844,2.388397544210939e-31,3.2699391552204865e-07
0.9996450393792853,1.7907082108485514e-24,0.0003549606207148133
0.9946561553591674,1.1455480400440862e-21,0.005343844640832567
0.9945292955563844,1.2898492894030223e-21,0.00547070444361562
5.56846936396619e-18,0.9999316897422975,6.831025770239923e-05
0.9999999992663311,3.609387157847345e-39,7.336690137778551e-10
0.9511568296035579,1.4918521205248814e-19,0.048843170396442294
7.221523491914457e-05,1.5691325633736848e-09,0.9999277831959483
2.0947849479087586e-16,0.9999839178682481,1.6082131751579525e-05
0.9999999999928526,1.0460035554152484e-42,7.147476510611514e-12
2.3163673263369166e-10,0.03668392386555521,0.9633160759028081
0.9999999737948475,2.4491625428957063e-34,2.620515258119955e-08
1.3072901495945126e-17,0.9997310344279277,0.00026896557207248484
8.475768189057071e-08,0.03664721686533755,0.9633526983769806
3.081321012191624e-07,8.596274485121183e-06,0.9999910955934136
6.93962897662863e-18,0.999903750779619,9.624922038103759e-05
1.349683654432994e-07,4.2247953198141285e-06,0.9999956402363147
0.9999790833635641,1.958089897315944e-27,2.091663643582758e-05
8.803940470960535e-23,0.999999992078049,7.921950953993714e-09
0.9978806835357699,1.2153197095565392e-22,0.0021193164642300854
8.207391936114169e-15,0.9997784100543539,0.00022158994563808282
5.60626791801783e-15,0.9917600075957591,0.008239992404235279
3.742685449199707e-09,0.7483437610726241,0.2516562351846905
0.9988248608497825,5.0145076091732184e-23,0.0011751391502174446
3.282073848922903e-20,0.999999913268758,8.673124205538717e-08
0.9999799447877609,2.4528315751588617e-28,2.005521223901394e-05
4.228832314886675e-18,0.9998597790507723,0.00014022094922778628
1.620378493050322e-36,1.0,5.131287818009127e-17
0.9999999995005091,4.6666547202570195e-38,4.994909180483147e-10
2.1931627132321838e-26,0.9999999999457565,5.424358838102609e-11
1.5239447059715895e-17,0.9999367608486474,6.323915135276074e-05
3.431932773742919e-06,7.172946657440804e-08,0.9999964963377597
0.999700930722688,6.992224329728384e-25,0.0002990692773120283
0.9999994234020456,6.964440625174852e-31,5.765979544116469e-07
1.4556197005677557e-07,0.04785226995697016,0.9521475844810597
0.0001824376057914856,3.924650298881367e-06,0.9998136377439096
0.07590983562677009,1.910953962117503e-14,0.9240901643732108
1.0510190856876083e-19,0.9999997304435047,2.6955649519156495e-07
3.665839720852226e-20,0.999999873239663,1.2676033698594982e-07
4.5377057970492306e-08,3.354080217834053e-05,0.9999664138207637
5.1960587399277253e-23,0.9999999969190083,3.080991613561915e-09
2.695414263721636e-07,0.0325906515391473,0.9674090789194263
2.205347089450242e-36,1.0,8.978734365948441e-17
0.9999999999066533,2.617969490260718e-40,9.33466777937284e-11
7.364535744524557e-09,0.0008169341590161123,0.9991830584764482
0.9999998423656837,2.4002782789174125e-31,1.5763431629518074e-07
5.892638053686398e-08,0.07559882899032869,0.9244011120832909
0.9999966602817956,2.342415368690013e-29,3.3397182044392763e-06
0.9998150006326387,1.9702434655611316e-24,0.0001849993673612363
1.2260960916733402e-05,2.3757803882492304e-08,0.9999877152812793
3.430242707250297e-27,0.9999999996131883,3.868116058341317e-10
6.68303752411864e-08,0.07266057544729652,0.9273393577223282
0.9999999998921196,9.644422053897932e-40,1.078803723516204e-10
0.9999999999999141,3.164638829853638e-48,8.597268416138258e-14
0.9999967509759109,4.606974782591308e-29,3.2490240890644806e-06
1.5576415885693321e-06,4.0163012943943087e-07,0.999998040728282
2.497748350228967e-08,2.9837786670282615e-05,0.9999701372358463
1.8802895738024376e-05,1.7039042170042418e-08,0.9999811800652197
0.0006540491755792061,3.184845927745321e-10,0.9993459505059361
0.9999999999996465,5.318683478699305e-47,3.5349971434385783e-13
6.742133607791956e-19,0.9999994060202506,5.939797494097202e-07
1.975774738626869e-09,0.8461450402393108,0.1538549577849145
1.2155438550938507e-07,4.239876162562949e-06,0.999995638569452
6.767575648234721e-09,0.0009648023295641773,0.9990351909028602
0.9999999999799523,2.1571067272959128e-42,2.0047691022671802e-11
0.000874234666478989,8.387361932884835e-11,0.9991257652496474
0.9999999999889566,5.300486234683293e-42,1.1043284590503103e-11
1.8884568204432225e-25,0.9999999998218403,1.7815966003671272e-10
0.9999999284093966,2.5432142565297465e-33,7.159060338443145e-08
0.9999999999229705,1.867224659476436e-40,7.70294998559497e-11
0.9999999999671378,1.3011843983323593e-41,3.286208520667006e-11
1.3557484532538536e-05,1.4361798288615325e-08,0.9999864281536692
0.9999999999971236,7.443375029879244e-45,2.876428436720766e-12
0.9999999999403,2.200783054553869e-40,5.970004674647486e-11
2.689025110465442e-22,0.9999998319011113,1.6809888881282686e-07
0.9995248700321635,1.8859204446522934e-24,0.00047512996783653305
3.4995381620946236e-07,5.141192890945424e-06,0.9999945088532928
5.650434931764369e-09,0.0004587721551177272,0.9995412221944473
7.460752994138188e-21,0.9999999122710276,8.772897236902679e-08
0.9999998912112641,8.204506907959276e-34,1.087887360331821e-07
7.791340687975345e-21,0.9999987700918628,1.2299081372256066e-06
0.00013728938605377791,6.836896962302626e-10,0.9998627099302566
0.0006095716317490496,3.23168127776914e-11,0.9993904283359341
7.834139708458043e-29,0.9999999999983098,1.6901099211140932e-12
8.128282302417372e-37,1.0,3.172502396236967e-17
0.9999954292761032,1.4484490781651757e-28,4.570723896870763e-06
3.712117901648411e-05,6.424726221407887e-09,0.9999628723962573
1.536663717697357e-14,0.9858421966166198,0.014157803383364986
0.00011278047690354098,3.002764918939578e-09,0.9998872165203314
1.6424795141930604e-09,0.0024928519313034995,0.9975071464262171
1.2878691924399216e-06,0.014824663464530301,0.9851740486662773
0.9999999999999938,5.105619140658319e-51,6.151850002798516e-15
7.020489982184801e-16,0.999971217000489,2.8782999510499506e-05
8.540714902644264e-29,0.9999999999988474,1.1525322927038813e-12
0.0004038618766923859,1.3154284491071477e-10,0.9995961379917648
7.015694616541507e-18,0.9999973839087818,2.616091218137896e-06
3.5258978364221745e-22,0.999999993387237,6.61276298980687e-09
6.603035219023852e-07,4.915862182961082e-07,0.9999988481102599
9.07070548879134e-15,0.999874214870889,0.0001257851291019539
3.4689486181110353e-06,1.237576530018361e-07,0.999996407293729
2.287179137157167e-25,0.9999999998548248,1.451752001835811e-10
1.777261554750324e-20,0.9999983406295961,1.6593704038024132e-06
1.4107809884702464e-08,0.5475308585298636,0.45246912736232636
7.532846846681151e-07,4.044819996959673e-07,0.9999988422333156
5.143433448121373e-25,0.9999999932818395,6.718160333922921e-09
0.9999261688182685,2.963985751684891e-26,7.383118173161872e-05
0.029072452283166326,6.509956277679557e-09,0.9709275412068773
2.0441032791874197e-09,0.0009159699905772261,0.9990840279653196
2.7690176116553974e-06,3.1753312482769876e-08,0.9999971992290759
4.403074795818407e-06,5.4735726768432756e-08,0.9999955421894774
0.9999995157432799,8.483047986837707e-32,4.842567201215467e-07
5.087255978960414e-05,6.0408381034938195e-05,0.9998887190591753
0.9999961462481302,5.411127666331404e-30,3.853751869924987e-06
5.2733078042911494e-05,2.018590998898315e-09,0.999947264903366
7.788236755226591e-15,0.9998538464702468,0.00014615352974543477
4.721914078656004e-19,0.9999989541683709,1.0458316290267646e-06
1.7539383882497688e-07,2.065694127711046e-05,0.999979167664884
5.377979590040995e-29,0.9999999999990106,9.894005608085167e-13
5.499935565445762e-21,0.9999999523821863,4.7617813709926265e-08
4.7530820576927624e-11,0.9728320579154702,0.027167942036998925
0.9957665927361533,1.980030500697675e-21,0.004233407263846817
1.4778440499994462e-05,9.240003005377109e-05,0.9998928215294461
2.0294145273628087e-05,4.061999709055891e-09,0.9999797017927267
0.0003318525587072538,7.105478856673181e-11,0.9996681473702379
7.493872237868783e-07,2.683219707516535e-07,0.9999989822908054
0.00010961706315760524,5.16126102558468e-10,0.9998903824207163
4.4244875517335716e-08,3.1092286425061945e-05,0.9999688634686994
3.7590935940543576e-08,5.528260163346263e-05,0.9999446798074305
1.1976880591773788e-29,0.9999999999906002,9.39988226261461e-12
0.9999999763086115,3.215200451601178e-34,2.3691388477708025e-08
0.9999999997905706,1.7427313061661324e-40,2.0942928420731154e-10
0.999819299449418,1.9372019495470116e-25,0.000180700550581831
0.9996307982523015,1.1195120381870747e-24,0.00036920174769849225
0.9999926313218491,3.647805681543543e-28,7.368678150768534e-06
0.9999477522429393,2.0523961549062104e-27,5.2247757060704385e-05
0.9999996608338435,4.686954384681434e-32,3.391661565703291e-07
0.9994060860406725,9.553490267753685e-24,0.0005939139593273871
1.0348188604493949e-06,3.1310402782763146e-07,0.9999986520771117
0.9999999999367624,1.103013702052622e-40,6.323766217977787e-11
4.647057239436037e-07,1.2688033397096448e-06,0.9999982664909363
4.4614753492513476e-10,0.8034325381445981,0.19656746140925427
6.622374088800373e-07,2.0708575750268208e-06,0.9999972669050161
5.196301492133937e-06,1.8423906412765203e-08,0.9999947852746015
1.5592375785323446e-08,0.0002251721582359431,0.9997748122493884
1.2051867968739924e-06,0.002069882489411357,0.9979289123237919
0.0015911668176799962,4.5297451937555354e-12,0.9984088331777903
4.8125625092120105e-35,0.9999999999999998,2.885536250898757e-16
5.952312004269857e-23,0.9999999923087456,7.691254482690477e-09
6.141719975274322e-29,0.9999999999989642,1.0358102842872713e-12
0.0008357793380663823,6.573196982678533e-10,0.9991642200046139
7.837975976177376e-06,2.2008723646673527e-08,0.9999921400153001
1.441507174069123e-10,0.04071598450235594,0.9592840153534934
8.71179880895487e-10,0.8504072246847709,0.1495927744440492
0.9982942242357391,5.525798163695823e-23,0.0017057757642609222
1.7609916242590729e-09,0.003761579840680353,0.9962384183983279
0.9999999999999918,5.45460553351018e-51,8.112965375212958e-15
1.3868235260953832e-09,0.8313538941018482,0.1686461045113281
0.991232951615019,4.663222815098935e-21,0.008767048384980951
1.9203698783811147e-33,0.9999999999999973,2.6305056297960288e-15
1.704616182955469e-23,0.9999999421534549,5.784654513171237e-08
0.9999999999991904,5.3277008697441844e-46,8.095856376401058e-13
0.9999999999757905,4.789484361979277e-41,2.420946379489086e-11
4.318421007322949e-15,0.9998056451272828,0.00019435487271295398
0.9999999999440441,2.7421661161082318e-42,5.595586032551229e-11
0.9999822979177805,1.0696014032459597e-27,1.7702082219372943e-05
0.9982313011617576,7.165185453455756e-24,0.0017686988382425196
0.9999999999999485,4.8552695529989016e-49,5.151049166629721e-14
2.075489643730966e-10,0.18324689468227862,0.8167531051101723
1.0260231621425111e-08,0.00017297284112790986,0.9998270168986405
9.010003068792791e-05,5.293204940914712e-10,0.9999098994399914
0.9970343618150702,3.4156105521870553e-22,0.0029656381849299065
0.9985241957527439,3.1314319244923896e-23,0.0014758042472561815
0.9947205195325837,7.446144408930996e-22,0.005279480467416317
0.9999999999961415,3.633076373840247e-43,3.858411288073455e-12
4.806867028688989e-11,0.9749461619163395,0.025053838035591896
1.1312164690202439e-22,0.9999999894453037,1.05546964203251e-08
6.019145610753201e-21,0.999999951949658,4.8050342010337217e-08
6.024919900552551e-10,0.08478650117130215,0.9152134982262058
2.1870742641388765e-08,9.773748515253834e-05,0.9999022406441049
0.9999999999441846,1.0269374115309795e-41,5.581530865484649e-11
1.115603282678066e-22,0.9999999878682203,1.2131779735861965e-08
5.416189810189099e-20,0.9999997502544433,2.497455567653225e-07
0.9999995204163614,2.2334705248465503e-31,4.795836385500205e-07
6.636671247932342e-25,0.9999999997748223,2.2517759480257676e-10
2.622270915383843e-25,0.9999999998221567,1.7784333420620315e-10
0.9999999663788037,2.386657356796113e-34,3.362119615340553e-08
1.8855042838395848e-19,0.9999995226897187,4.773102813350997e-07
0.9999999999112996,4.4482752403927524e-41,8.870044997268738e-11
3.537293633008401e-16,0.9999702734794732,2.9726520526324625e-05
0.9999999999985025,3.400471689734469e-44,1.4975099776095092e-12
0.9961088098717472,6.578665448407688e-22,0.0038911901282527067
0.003020436735788859,2.6818153877840495e-11,0.9969795632373929
9.77671327035018e-29,0.9999999999976181,2.381803998699386e-12
2.1950318763217055e-18,0.9999983121179806,1.6878820192982368e-06
3.708625184064035e-32,0.9999999999999658,3.4279803365871925e-14
3.289943260664112e-05,1.3240104991195516e-08,0.9999670873272883
0.001316583616133031,1.5190540185179624e-11,0.9986834163686765
3.1370576638376654e-09,0.700568017472083,0.2994319793908593
0.999999999999289,2.1349943302411203e-46,7.109910812651209e-13
0.0004615065273717735,1.4795296177861416e-10,0.9995384933246753
0.999135845469929,1.553207188956478e-23,0.0008641545300711091
0.990190067605954,4.434490099108713e-22,0.009809932394046005
0.9999959055579214,8.029204553463091e-29,4.094442078482305e-06
0.0002501395156137053,3.2391967502503804e-10,0.9997498601604666
7.360912871511698e-10,0.012957381218556427,0.9870426180453522
8.545918145755455e-33,0.9999999999999951,4.913569486094121e-15
0.9999999999999898,6.149889051525062e-51,1.0206065268543427e-14
0.9999998675656783,2.329042781653603e-33,1.324343217127297e-07
0.9999920430354821,8.395082990110778e-28,7.956964517887526e-06
4.624309835414685e-06,1.0254811254101333e-07,0.999995273142052
1.0089457976189908e-19,0.9999902869519196,9.713048080465716e-06
0.9999517716263926,1.418947714841169e-26,4.822837360739854e-05
0.9999999999902858,1.062657247554357e-42,9.714238655292108e-12
1.9728993280528844e-07,1.622724525637508e-05,0.9999835754648108
9.713251406782875e-22,0.9999999741751955,2.582480454670151e-08
0.006001701170261788,5.646058897221079e-12,0.9939982988240922
0.9999993089647575,6.697148906365629e-31,6.910352424605581e-07
0.999999999999982,6.426894675596969e-50,1.8001360969710685e-14
4.382601068804699e-06,1.028383383165256e-07,0.9999955145605928
2.379782455495899e-16,0.9989853904147401,0.0010146095852595653
1.0783452275098411e-10,0.14903461787162953,0.850965382020536
0.9999999997788844,4.236164201019092e-39,2.2111551300726854e-10
3.17056878110151e-12,0.9927603006053686,0.007239699391460941
0.9988916732468924,1.9987681814341852e-23,0.0011083267531075975
7.682353160975859e-16,0.9999687136280209,3.1286371978400466e-05
0.9999988380882339,1.0475549093802527e-30,1.1619117660786974e-06
3.764308624777724e-08,6.216333072084191e-05,0.9999377990261928
2.4400094374570964e-09,0.0015198114543610722,0.9984801861056296
4.5689997955965526e-07,0.013370701476518905,0.9866288416235015
0.9999989069308046,6.790019715997067e-31,1.0930691953557044e-06
8.907939845064709e-06,1.2960662574114785e-08,0.9999910790994924
0.9999992019237199,1.238790186212819e-30,7.980762801614047e-07
0.9999999999999529,2.3261918031154524e-49,4.716257359787461e-14
1.0144311499272367e-19,0.9999941299126466,5.870087353374314e-06
9.23972709071854e-26,0.9999999999265508,7.34493340760236e-11
1.2915592552582273e-17,0.9997812902935579,0.00021870970644219102
1.4284605644031512e-14,0.9996517558492366,0.00034824415074911317
5.7069083561214785e-34,0.9999999999999978,2.192529402130356e-15
1.5220290090142722e-07,0.0864827473598107,0.9135171004372885
6.057322561674573e-22,0.9999993916306114,6.083693886275666e-07
7.822466167333118e-25,0.9999999995433813,4.5661883308856495e-10
0.999999999997311,7.100433475828397e-45,2.688982717233537e-12
0.9999825461384214,2.5830530627087668e-27,1.74538615787128e-05
8.482914497157068e-09,0.0003320821750946445,0.9996679093419908
1.2409967395812742e-23,0.9999999987755435,1.2244566204290852e-09
0.9999980873546703,1.3104934915905877e-30,1.912645329538701e-06
0.9994584360283031,3.2014603542075283e-24,0.000541563971696935
1.083023994370945e-06,1.410015038057259e-06,0.9999975069609675
4.063304736528684e-07,6.275216090851598e-07,0.9999989661479173
0.9999999999923432,1.3705908783691829e-42,7.65673063329165e-12
4.307178067820094e-23,0.9999999977503629,2.249637178713598e-09
1.8522320042445268e-18,0.9999407215716681,5.9278428331842153e-05
6.43557998879751e-05,2.2309616649989166e-09,0.9999356419691504
6.104835569290063e-05,2.808003367423433e-09,0.9999389488363037
0.9999997603473153,9.716717356055884e-33,2.396526847508039e-07
0.999845140297846,3.4753437664359744e-26,0.0001548597021538897
2.2432595908111177e-26,0.99999999994754,5.246014317937118e-11
0.00021354805518915867,3.4271862508355435e-10,0.9997864516020922
1.09873841457143e-06,2.3970919120255543e-07,0.9999986615523941
4.351876471899276e-08,4.89411664362783e-05,0.999951015314799
3.370051239491395e-05,6.453622344278038e-05,0.9999017632641622
0.9999999999137634,1.1767836663466107e-40,8.623667976933117e-11
0.006418875595518336,4.367303240799272e-08,0.9935810807314491
1.359565421501295e-07,2.2629567501217925e-06,0.9999976010867079
2.293254808795343e-16,0.9994741503520055,0.000525849647994148
0.999999991483229,3.309613160915045e-35,8.516771081510185e-09
0.9999999998452076,5.4987895788231367e-39,1.5479237097147247e-10
0.9999973557746289,1.6418338100602906e-30,2.644225371173801e-06
0.9999999999870719,4.689055961658837e-42,1.292812286599254e-11
2.9293062891374154e-21,0.9999999705514544,2.9448545652109237e-08
0.99999996786018,4.4439605250298304e-35,3.2139820065762736e-08
9.041776506522289e-10,0.03146051514668166,0.9685394839491406
1.2967169729548365e-25,0.9999999998820117,1.1798832664256344e-10
0.9999999999373923,1.4387957993951937e-41,6.260778374180235e-11
2.68566266687236e-05,2.1643007517604276e-09,0.9999731412090305
1.2455775048888308e-06,2.947578491339545e-07,0.999998459664646
7.885465879512765e-28,0.999999999757569,2.4243101247448734e-10
8.47416543467257e-22,0.9999999830259615,1.697403848451468e-08
8.036821220562864e-26,0.999999999891978,1.0802193927895867e-10
0.9999999999939673,1.5106782904926873e-42,6.032726982816153e-12
1.4034708948925463e-19,0.9999997855216138,2.144783860322343e-07
0.9999996372746641,1.3142680203844329e-31,3.6272533578816107e-07
1.474338316305367e-18,0.999998551229871,1.4487701289668858e-06
2.168393014938186e-10,0.9464008053757615,0.05359919440739911
0.0031573749042401057,1.3578227964858438e-11,0.9968426250821817
9.45669747855719e-25,0.9999999996197835,3.8021647642862293e-10
5.231612826187722e-26,0.9999999989382529,1.0617472200765181e-09
1.684404498517986e-15,0.9961866368714609,0.003813363128537343
1.7477196101009882e-13,0.9604459524474079,0.03955404755241711
0.9999999999999898,1.4675343207001185e-50,1.0290343278008723e-14
3.1072350184612694e-09,0.6467064943580804,0.3532935025346846
0.9649592657903531,2.792397573229703e-14,0.03504073420961911
0.9999997628261307,9.341038056923019e-33,2.371738692647804e-07
0.9992400399126444,2.3986752957833847e-23,0.000759960087355653
6.531339526311675e-37,1.0,2.4213280651424622e-17
2.92276151724835e-22,0.9999996753021794,3.246978206479367e-07
0.00012816557651067635,1.2854120945456494e-06,0.9998705490113948
3.6183599273925656e-07,1.7422077979767868e-06,0.9999978959562094
1.593022624197213e-32,0.9999999999999911,8.816037012572503e-15
1.235168855910648e-09,0.006441438754834416,0.9935585600099968
2.358690514788893e-27,0.9999999999832185,1.6781471024123865e-11
2.1745794589814114e-10,0.02529576275771515,0.9747042370248269
1.684410128231807e-26,0.9999999999760174,2.3982568125096928e-11
5.0252124029568645e-21,0.9999991179892537,8.820107463875281e-07
7.930737444108909e-09,0.0004214096610823854,0.9995785824081801
6.849608322564286e-06,1.0461520791356812e-07,0.9999930457764694
2.3439643954536496e-24,0.9999999994113946,5.886054753609329e-10
1.1519878950828318e-17,0.9999937879928197,6.212007180267117e-06
2.8601819531233795e-21,0.9999999512219592,4.877804078409758e-08
4.710729641048834e-06,1.0378821789372946e-07,0.999995185482141
1.998747505410588e-15,0.9999019506037478,9.804939625025176e-05
2.05864412592458e-06,1.4954589562247972e-07,0.9999977918099785
0.9999999999473415,9.890460697772365e-42,5.2658644597382925e-11
3.4525945392655314e-27,0.9999999999864173,1.3582742610119962e-11
1.1417851613166542e-09,0.004422361287858038,0.9955776375703568
3.6297698149155086e-05,1.3467856881563053e-08,0.999963688833994
0.999999887499893,1.232624471572639e-32,1.1250010706366018e-07
1.8699822840284751e-06,2.0766058101423863e-07,0.999997922357135
1.7622555662120473e-13,0.9746915139033235,0.025308486096500292
4.37734675874837e-25,0.9999999998710665,1.289335186995318e-10
2.7874019265874118e-08,0.0001057761239441471,0.9998941960020366
5.609380284238129e-06,1.937409554992031e-08,0.9999943712456203
0.9999999999999727,9.430485912602012e-50,2.7202103055158086e-14
0.9999999998350737,8.419935212095122e-41,1.6492629552143132e-10
0.999968538832332,6.006729726436886e-27,3.146116766796687e-05
0.9999999999937998,2.4847269447283514e-42,6.200070868784217e-12
4.427796944046929e-09,0.0007929473565152181,0.9992070482156878
1.1957890874136673e-15,0.999941032856468,5.896714353087587e-05
0.9991863085089246,3.999901716753058e-24,0.0008136914910754022
0.9999668203196833,2.3033131581360818e-27,3.31796803166015e-05
1.4242785719190444e-07,9.283202492121455e-06,0.9999905743696507
2.405064957783035e-10,0.8777919796515462,0.12220802010794725
0.999999998622505,3.3819004698922792e-37,1.3774950339432846e-09
0.0023657100548852084,7.155261880259522e-11,0.9976342898735621
1.8054015982344795e-06,2.1029524759496136e-07,0.9999979843031542
1.4539305973642884e-36,1.0,7.462685034015047e-17
0.9999999998963984,7.390468047909654e-40,1.0360163135437366e-10
4.890080626183891e-10,0.002381108139345019,0.9976188913716468
4.2445728464683176e-07,1.4140848720045229e-06,0.9999981614578434
0.9999995250405731,2.479966958705848e-31,4.749594268291319e-07
8.915413106520105e-06,0.00012550622426691044,0.9998655783626265
0.9999979053154867,9.786737297286963e-30,2.0946845131879834e-06
0.9999979056840361,1.1186651136765135e-30,2.0943159639580167e-06
5.208437493535791e-08,0.24136027712884903,0.7586396707867761
7.454882605295208e-08,6.36645673565218e-05,0.9999362608838175
4.52693693805989e-07,7.282557518475588e-07,0.9999988190505544
1.1856777112762232e-05,5.546915383800851e-09,0.9999881376759719
1.3067184859910819e-06,0.002304005369621434,0.9976946879118925
0.99999814533238,4.720950812455018e-31,1.854667620063569e-06
6.74043341924664e-17,0.9999912927942879,8.707205712171498e-06
0.010587969654218172,2.822484936243891e-12,0.9894120303429594
7.72862550744194e-06,1.4659869435490628e-07,0.9999921247757982
8.043456133347217e-08,3.4160414640215824e-05,0.9999657591507984
0.9999999999953109,4.117998616149398e-42,4.689171604015664e-12
6.159415116103915e-29,0.9999999999983487,1.651441016035832e-12
0.0001342784308537038,2.8765133980793673e-10,0.9998657212814949
3.538660693065702e-05,3.7061214980847456e-08,0.9999645763318544
0.04101974973026453,9.09499825347638e-13,0.958980250268826
0.9999999999568103,6.325301445297046e-41,4.318975086716323e-11
5.8638246359678485e-12,0.9908997816932912,0.009100218300845097
0.9999988295733641,2.6003713714654388e-31,1.1704266358828643e-06
0.9999999181777732,4.9670585710226104e-33,8.18222268313989e-08
0.9999690155735788,4.491943756446115e-28,3.098442642128036e-05
0.9999600897767554,1.3991688250345843e-27,3.991022324451937e-05
4.0430981591934805e-10,0.03012536903227916,0.9698746305634109
7.46014006673515e-37,1.0,3.3264168587411174e-17
0.9999999972382212,8.536457302595118e-37,2.761778817203619e-09
0.9999999881673954,4.961943418027663e-36,1.1832604643974144e-08
2.3038549998978668e-06,0.0007547173236030928,0.999242978821397
0.9999999999999793,8.193514358703991e-50,2.0629687805994244e-14
0.9999999985392742,7.63823424691145e-38,1.4607256703942987e-09
0.9999944322116231,1.2296447472155811e-29,5.5677883768990455e-06
5.392761284436349e-07,0.023765958546309907,0.9762335021775617
0.9997845358309193,3.4136508546101854e-25,0.00021546416908079077
0.9999984760424695,7.617818783325692e-30,1.5239575304923913e-06
1.4472592811175443e-06,3.058793116191187e-07,0.9999982468614073
4.263751633995326e-13,0.9983080988515727,0.0016919011480010528
0.9999999999999956,3.3911433527969036e-51,4.417395788223549e-15
3.950436137292252e-30,0.999999999999772,2.280536096099346e-13
1.9647582794229473e-32,0.9999999999999933,6.645846057484159e-15
2.0729532379258242e-20,0.9999998987739136,1.0122608633201977e-07
5.333943207034066e-09,0.0008112293263429378,0.9991887653397138
4.233686256863396e-14,0.9995961641186609,0.0004038358812966239
7.111705126198056e-34,0.9999999999999982,1.8287064941012913e-15
7.419484284111446e-05,1.0966572009487091e-09,0.9999258040605017
0.9999999996208404,9.471172914865375e-39,3.791595598839752e-10
0.9976430206651019,1.2008516974945432e-23,0.0023569793348980983
1.0595620497731396e-20,0.9999998525690001,1.4743099993723403e-07
0.99979539637062,6.452505669445766e-25,0.00020460362938001312
7.811256703911112e-09,0.5541024247572268,0.44589756743151654
0.9999999999689435,4.397345539528715e-41,3.10563808609161e-11
3.7784753925833355e-06,0.0006105000620686271,0.9993857214625388
2.16103817746951e-05,7.110066593171809e-09,0.9999783825081586
0.000758469214692326,7.967473535767309e-11,0.9992415307056329
0.9940792718300251,2.6211506937575888e-21,0.0059207281699748026
8.365518215629897e-05,3.399343904135635e-09,0.9999163414184997
0.9996806628796508,1.4493951316715938e-24,0.00031933712034928647
0.9999999998634135,8.289411729765295e-41,1.3658657305323333e-10
0.9999999999999654,1.870650412226445e-49,3.4738891531635436e-14
4.685074187256902e-16,0.9999421228735768,5.78771264228531e-05
0.004921361087978977,1.322168019283342e-08,0.9950786256903408
1.8360302002546487e-28,0.9999999999985207,1.4791887761263934e-12
0.9999999999999643,2.387862534254121e-49,3.584831235815186e-14
6.857838202471746e-19,0.999999346717884,6.532821159363262e-07
5.214801876021285e-07,0.01811453202452913,0.9818849464952832
0.9902317502171872,5.370846810026352e-21,0.009768249782812696
2.664030597718045e-17,0.9999945999948898,5.400005110168324e-06
3.658079102033932e-17,0.9999925124665883,7.487533411675768e-06
0.9999487849693511,1.2733495607469519e-26,5.121503064890339e-05
5.098617992830065e-07,0.017188837208422084,0.9828106529297785
9.92144912486616e-07,4.2180073537503215e-07,0.9999985860543521
9.69788097031609e-21,0.9999998714654005,1.2853459943287993e-07
1.8282735360161895e-05,3.1115612938359227e-08,0.9999816861490269
8.450995777906744e-18,0.9999937783719449,6.221628055218245e-06
0.9999999409574386,5.0421157366751e-34,5.904256128111813e-08
3.206775941804267e-10,0.11562562789828339,0.884374371781039
3.6790287465726787e-07,1.8086701158543963e-06,0.9999978234270094
6.559580729655134e-05,6.754667505099834e-10,0.9999344035172367
5.230888790651915e-05,1.0713797776253487e-08,0.9999476803982957
0.9999999999999805,4.952281957767336e-50,1.946022050393551e-14
2.910721169326558e-06,1.494947562613387e-07,0.9999969397840744
1.5015966845092436e-18,0.999962047417808,3.795258219195599e-05
0.00048240321677927764,9.008019558557413e-07,0.9995166959812649
1.0076997761010385e-06,6.5786017666396e-07,0.9999983344400473
0.9999999999830733,1.223269761223707e-41,1.692678988288528e-11
0.06305078548791003,7.302437102111189e-10,0.9369492137818461
1.0480709888173178e-11,0.9884909538720524,0.011509046117466986
4.101032451285677e-07,0.004104057596884305,0.9958955322998706
0.9999716609011909,1.2118274974070814e-27,2.833909880893583e-05
0.0010461397547849051,2.9543060190262014e-11,0.998953860215672
5.427822082609937e-06,2.1446718064941374e-08,0.9999945507311994
6.181209615742003e-22,0.9999999883821157,1.1617884249726827e-08
2.3707756234671396e-08,0.0008753753121100255,0.9991246009801338
0.00019404699193842711,3.1698983168615156e-10,0.9998059526910716
0.9999862158607689,1.3357826143142982e-27,1.3784139231070059e-05
1.6618558201292616e-06,5.587337757753987e-07,0.9999977794104041
0.0001671594160027452,7.501189419206832e-10,0.9998328398338783
6.695948755865807e-05,9.796751240218366e-10,0.9999330395327662
0.9999878870361075,1.2231617539269456e-27,1.2112963892477537e-05
3.8569527858293454e-10,0.9310523255592275,0.0689476740550773
7.816982681750944e-08,1.3737693826766564e-05,0.9999861841363465
0.003084841449504953,2.2570870744906948e-11,0.9969151585279242
8.979034629729878e-06,9.65568839204805e-05,0.9998944640814498
1.7354624952148052e-10,0.07273460330484194,0.9272653965216118
0.9997024399976289,2.6231060106426993e-24,0.000297560002371051
1.5871922808171852e-07,7.577625769788028e-06,0.999992263655002
0.9999477131930198,1.0897897772312269e-26,5.228680698011747e-05
0.9999998949491528,5.3798571723730964e-33,1.0505084711001643e-07
2.6998365641663307e-05,1.25847374664775e-08,0.9999729890496208
9.289439503369972e-22,0.9999999859611035,1.4038896567219244e-08
8.852534449964703e-06,7.01674684379917e-08,0.9999910772980817
4.207938525831441e-22,0.9999999846352492,1.536475070012572e-08
0.0017864974706241715,2.3192677322792264e-11,0.9982135025061831
7.705059060286371e-08,0.07516245283318054,0.9248374701162289
2.476924949110544e-18,0.9999970411141026,2.958885897285031e-06
1.8909430884461302e-14,0.9995055053554666,0.0004944946445146954
1.2825375879237625e-19,0.9999996154533133,3.8454668670171146e-07
0.9999997808816554,6.194490743024426e-33,2.1911834442465102e-07
0.999999999999966,3.70304183574946e-49,3.391304121748153e-14
0.9999996612931391,1.3338776476477665e-32,3.3870686095440256e-07
1.2816638972059268e-21,0.9999999857878346,1.4212165490677377e-08
4.212737011677951e-23,0.9999999976237097,2.3762902771413274e-09
1.8226167238407436e-09,0.7055672449680005,0.2944327532093829
0.9999999999999729,1.24318186320162e-49,2.714567076550504e-14
0.9999999999999922,8.554861543560636e-51,7.823108164776186e-15
0.9999837516956263,1.1478967100190426e-27,1.624830437373704e-05
0.0005314572739673843,9.828923509988335e-11,0.9994685426277434
2.9370215104838633e-05,3.072406727185373e-05,0.9999399057176234
3.8835384928066726e-33,0.9999999999999958,4.1234479366357875e-15
1.3220431678024538e-16,0.9996187813231204,0.0003812186768793232
4.152062535691676e-14,0.9990018975324529,0.0009981024675057132
0.9999984542343816,2.385960099080862e-30,1.5457656183593816e-06
0.9999994351673043,5.287751832507989e-32,5.648326957451036e-07
4.766481963147278e-24,0.9999999495634199,5.043658008625929e-08
0.999984812682257,1.9410115686577975e-28,1.5187317742924967e-05
2.815262196205771e-10,0.032945255351168,0.9670547443673058
2.529337289085955e-35,0.9999999999999998,3.2694087404674786e-16
0.0033381492864470166,1.1334197548026545e-11,0.9966618507022188
4.2715559850181575e-23,0.9999999958295296,4.170470437877992e-09
0.9990014042790947,7.630109518002746e-23,0.0009985957209052885
4.277257324506698e-15,0.9998653593900683,0.0001346406099274745
0.999334755585104,2.303738340405743e-24,0.000665244414896081
9.13842330758822e-05,7.23353753279816e-09,0.9999086085333867
0.999961560415038,1.6882540470109787e-27,3.843958496190267e-05
0.9969881868779872,5.527684622388015e-22,0.0030118131220129045
6.953092046979691e-07,7.24381553022022e-07,0.9999985803092422
4.8770239662968624e-08,0.08286236571289268,0.9171375855168675
7.267499336012109e-20,0.9999997332756515,2.667243485762823e-07
1.73987702775736e-24,0.9999999995125217,4.874783136496068e-10
1.941781025389048e-09,0.83352646771042,0.16647353034779883
0.00040565605369322766,8.154611485346058e-11,0.9995943438647608
0.9999999999999767,2.3146176959043527e-49,2.33701421231177e-14
1.9047129208394882e-29,0.9999999999994855,5.143774135165009e-13
1.4101502551767468e-18,0.9999991002114352,8.997885647958719e-07
0.9999210215437745,6.265224910834635e-26,7.89784562256201e-05
0.010596255739464887,5.520680408635549e-12,0.9894037442550145
6.285180792845915e-22,0.9999999849607679,1.503923218079403e-08
0.9999999999999789,4.68301311277104e-50,2.120325862969372e-14
8.52173745020536e-06,1.9397445148169317e-08,0.9999914588651047
0.0006321611755382418,5.919529828459095e-11,0.9993678387652665
0.9999999867979932,1.1025714847666915e-35,1.3202006958901115e-08
4.417292999823457e-09,0.0005077829581336471,0.9994922126245734
1.9049852101526505e-08,0.00019634386865861444,0.9998036370814893
8.255043514717342e-06,0.00019297130442279446,0.9997987736520624
0.9999999999997637,2.347571087935526e-47,2.363126782647187e-13
1.2107218059315287e-21,0.9999999861128426,1.3887157489587205e-08
0.00010141004516195876,1.806377605343871e-09,0.9998985881484606
1.9099618835179337e-13,0.998855717184871,0.0011442828149380974
6.02138643631954e-23,0.9999999931950754,6.804924530154421e-09
6.859885805948879e-09,0.000849087889682728,0.9991509052504315
0.999773031750424,5.818568436023144e-25,0.00022696824957610273
0.9999999999567826,1.2667035476387813e-40,4.3217504021327005e-11
0.008277705454988888,4.287439339219329e-12,0.9917222945407237
7.622962269980963e-07,5.855749931416607e-07,0.9999986521287798
1.2598571185505254e-18,0.9999988315837468,1.1684162532663947e-06
1.4002409493999458e-23,0.9999999669854893,3.301451073414137e-08
1.5509810021532412e-15,0.9972865578609467,0.0027134421390516694
0.9999999999936922,1.0264933609011558e-43,6.307859259784923e-12
3.294643439798225e-17,0.9998311711402701,0.00016882885972982178
2.6337338505722504e-21,0.9999999493082946,5.0691705408403444e-08
1.5952605362071835e-15,0.9999179950678933,8.200493210528183e-05
3.9386487710689044e-07,3.452626792199997e-07,0.9999992608724436
5.0479801472599094e-08,3.107303637130731e-05,0.9999688764838272
0.9999999948923999,5.756588239084835e-35,5.1076000756618856e-09
0.9979124030406479,7.844924405753227e-23,0.0020875969593522176
0.00011477142982729163,3.1395579677408766e-10,0.999885228256217
0.001971136312985269,7.684672154579686e-11,0.9980288636101681
0.003052285550054964,4.937017799875815e-12,0.996947714445008
7.273501537086295e-10,0.7707166522945817,0.22928334697806804
0.9997730677031443,1.1146185702916867e-25,0.00022693229685571094
0.05375514078251365,3.496084183166097e-14,0.9462448592174514
1.7016776702528818e-35,0.9999999999999996,3.8228620908540767e-16
1.325788269954128e-22,0.9999999961818591,3.818140825978627e-09
0.9916658309872936,2.7107682261360054e-21,0.008334169012706467
0.9848577225139031,1.8056149076442756e-20,0.015142277486096846
2.270497153572855e-09,0.7840785426562266,0.21592145507327629
0.9999999999985061,1.1609702086690364e-45,1.4940148831346757e-12
0.9999999933698074,1.470054316345473e-36,6.630192650761511e-09
8.751203919090675e-13,0.9396570453408201,0.06034295465830481
1.4086750388513376e-21,0.9999999846987282,1.5301271761838244e-08
1.1826353984431402e-20,0.9999968122508062,3.1877491937674072e-06
1.7391577192579308e-14,0.9997336723096386,0.0002663276903440739
8.215573121381092e-37,1.0,2.753359113362713e-17
9.89190124831586e-09,0.00025982604193354914,0.9997401640661652
1.6499544947797787e-26,0.9999999999693896,3.0610336075980215e-11
1.0032818065358217e-15,0.9999534993897975,4.650061020145222e-05
0.9963561023943366,5.407816024874437e-22,0.003643897605663364
0.0005499094068696199,2.420514971638987e-10,0.9994500903510789
2.060198420685755e-18,0.9999987882161514,1.2117838485889264e-06
1.8113818652614874e-17,0.999993453080413,6.546919587113396e-06
6.070154378475709e-05,4.582142787847302e-09,0.9999392938740725
0.9999999922588813,4.983934927875108e-35,7.741118805603083e-09
4.431461051218729e-15,0.9998844329545221,0.00011556704547349976
9.112534006482801e-16,0.9980685304089097,0.0019314695910893312
0.9947167077704893,9.077033002352595e-22,0.0052832922295107014
0.9999983112313986,7.434808245910761e-31,1.688768601412502e-06
1.5603229753327867e-05,6.7241457241521275e-09,0.999984390046101
8.166499653424252e-07,1.592530857294174e-06,0.9999975908191773
0.988279723013124,1.0957509994343145e-20,0.011720276986875972
0.0007889075047924404,1.2783241020376353e-10,0.999211092367375
0.9999999999978988,7.095469861618867e-45,2.1011312863298144e-12
8.229143133804833e-16,0.9999460524943612,5.394750563804077e-05
0.9998014151715738,2.775142698476637e-25,0.0001985848284261412
0.999999056527527,1.813473189996881e-31,9.434724729705666e-07
0.999999931794185,6.409591907571313e-34,6.820581498580582e-08
1.2848965176408288e-27,0.9999999999280238,7.197630381333374e-11
2.2466900629938138e-36,1.0,5.621925006466346e-17
0.9940903128615738,5.4958494034270784e-21,0.005909687138426097
2.5276397349948983e-31,0.9999999999999598,4.0090033174302133e-14
0.9999998637149748,6.241715928291382e-33,1.3628502520558608e-07
3.9553081846872074e-16,0.9999739350766431,2.606492335648386e-05
4.2634687456718405e-08,0.0002486622351765966,0.9997512951301359
8.352418188356815e-18,0.9999969563795756,3.0436204243430025e-06
4.230725549842036e-37,1.0,2.0128188250784632e-17
3.825294293247516e-08,2.785743758028829e-05,0.9999721043094769
0.9993172311951658,1.3731739175481334e-24,0.0006827688048342548
1.7001365317317513e-08,8.021071620831987e-05,0.9999197722824263
5.4443305102017526e-11,0.9691168692314663,0.03088313071409058
7.89919257348634e-09,0.5406426051966934,0.45935738690411393
1.1345055869632605e-07,5.5478722531025154e-06,0.9999943386771883
0.994966980603509,1.2180315524871252e-21,0.005033019396490985
4.9685996369425014e-08,0.049026713170297616,0.9509732371437061
3.133326006852561e-10,0.02314323179100588,0.9768567678956616
0.9999926716296755,1.4779499276216182e-28,7.328370324375752e-06
5.250467325487155e-07,0.00574063257990569,0.9942588423733617
5.100119952096697e-18,0.9999968162997449,3.1837002551128852e-06
0.9986339802633375,6.919983418439867e-24,0.0013660197366624615
0.9999999999816054,8.272720500630702e-43,1.8394652766078103e-11
2.252172119469851e-05,2.113995686458983e-08,0.9999774571388483
9.873348767175921e-37,1.0,6.804071887404655e-17
1.6401907771125952e-09,0.627451499236103,0.37254849912370636
0.9999999999848985,5.096481304532289e-43,1.510142297603069e-11
5.560911178091568e-20,0.9999948309378461,5.169062153741007e-06
7.228389356623649e-07,8.607009090221722e-07,0.9999984164601552
1.668773730911455e-09,0.6901777883539343,0.30982220997729193
2.924251054001957e-16,0.9995858479612268,0.0004141520387730278
0.0006492818693463557,4.0453857309527673e-11,0.9993507180901998
1.668060399866568e-13,0.9634532955613153,0.036546704438517805
1.1873949525814703e-05,3.327281574387947e-08,0.9999880927776584
4.4109949956356885e-22,0.9999999920013812,7.99861876580302e-09
4.132788032311077e-06,4.880469292983143e-07,0.9999953791650384
0.9999985426335284,6.899862618660865e-30,1.4573664715658521e-06
1.960146309218558e-07,1.1848917046666566e-05,0.9999879550683224
0.9998464962678895,5.347565246999497e-26,0.00015350373211056356
2.7108710652215445e-15,0.9979868845457742,0.0020131154542231073
0.9999998908458482,3.6775401042165746e-32,1.0915415169335232e-07
1.911936091454189e-09,0.8340289542082202,0.16597104387984365
3.303500502896368e-23,0.999999997824272,2.1757280923138672e-09
2.411956652072965e-05,4.705238310971986e-09,0.999975875728241
6.06008944697177e-08,4.925269694476489e-05,0.9999506867021607
0.9999937239993241,3.0720103546835677e-28,6.276000675933753e-06
0.0006679001654638336,1.580281954179362e-11,0.9993320998187334
0.018708077058319155,5.634091438313277e-13,0.9812919229411174
6.210804160805575e-10,0.8341446997801919,0.16585529959872777
4.0779249331223606e-17,0.9999868152383489,1.318476165117412e-05
0.997902903137073,4.051921007510119e-22,0.002097096862926945
3.902781449220965e-06,1.0038156153814895e-07,0.9999959968369894
4.3699483743469945e-28,0.9999999999967566,3.243428021878475e-12
3.9654374476897635e-18,0.9999967633639548,3.2366360452548932e-06
1.29156612321161e-08,0.0002895352800418902,0.999710451804297
5.401050250869668e-10,0.007677268497042476,0.9923227309628524
2.2990110314097488e-09,0.0014949776225412952,0.9985050200784478
1.2317756684702572e-05,2.6436892486524286e-08,0.9999876558064229
0.999091193978391,1.7765221692947824e-23,0.0009088060216091267
0.9999987865544381,1.1131364162743833e-30,1.2134455619477167e-06
0.9999999999993843,1.745337925912582e-46,6.156996196387275e-13
3.6660314549404194e-32,0.9999999999999754,2.46647758674967e-14
6.71716976192789e-10,0.8377612912343722,0.1622387080939108
0.9723508053719034,4.658276180095244e-20,0.02764919462809653
4.789546301446527e-14,0.9994128271108975,0.0005871728890545485
8.140442773811086e-08,0.07924694104438375,0.9207529775511885
2.495870168083947e-18,0.9999984650339759,1.534966024109609e-06
1.5932826343313437e-05,1.237939651901116e-08,0.9999840547942601
0.9999999999713451,1.1505720386756695e-42,2.8654832448078154e-11
0.9999999999987246,1.074598381516152e-45,1.2755096482951986e-12
0.9999999999451097,4.5645627774689083e-42,5.4890395052550654e-11
4.333713110597493e-13,0.9609373855371363,0.039062614462430416
6.73366867869473e-26,0.999999999925367,7.463286745457011e-11
0.999999993874737,6.090575580440873e-35,6.1252629357108235e-09
0.9999968980733361,1.8990703194859686e-29,3.10192666376776e-06
0.9999999915124781,3.43696382793631e-36,8.487521874402646e-09
0.00019457066567183027,2.6936361866296964e-10,0.9998054290649646
3.005237389140287e-23,0.9999999969850415,3.014958429478037e-09
0.9999984146186754,7.18598389322912e-30,1.5853813244696642e-06
8.773935537502492e-07,6.090274160583609e-07,0.9999985135790302
6.612297455461457e-17,0.9996081671127672,0.0003918328872327207
0.999999999870987,1.433679505839472e-40,1.2901302310322774e-10
1.463900495051326e-31,0.9999999999999771,2.285701023276098e-14
8.649358471677662e-05,2.277218547344702e-05,0.9998907342298098
0.9999999999893219,3.5038007371021575e-42,1.0678074792574097e-11
0.9999999261445499,4.898785091676591e-33,7.38554499641402e-08
5.4933198764968376e-24,0.9999999834043141,1.659568590449337e-08
0.9999999999806235,7.129048578260978e-42,1.937653079034548e-11
4.261283516342919e-11,0.9689055730177536,0.03109442693963348
0.9999984083233112,5.2521447620671886e-31,1.5916766887082177e-06
1.6387367693171544e-08,0.00016186819968160124,0.9998381154129506
8.971508116209714e-10,0.006854727578907483,0.9931452715239417
2.3634277644286288e-17,0.999991310057868,8.68994213190025e-06
8.199046626111334e-08,1.8047877430487213e-05,0.9999818701321032
8.108121447560319e-19,0.9999987326456948,1.2673543050457432e-06
0.9996081475356301,1.7170900510666365e-25,0.0003918524643700517
1.110409776125244e-27,0.9999999999954361,4.563920548670379e-12
0.9975099787732334,3.314852443454987e-22,0.0024900212267664847
0.9999949559244973,2.9910814104609655e-28,5.044075502704496e-06
0.9999999999995661,7.572184715811367e-47,4.3389388872155367e-13
0.0029841412441673236,1.1250063176200582e-11,0.9970158587445827
2.458899426350225e-36,1.0,1.0595095441969374e-16
8.364473851249874e-15,0.999665955814003,0.0003340441859884611
0.0009513064513766714,1.5768590639266207e-10,0.9990486933909375
6.1389796579537304e-37,1.0,3.751839662821765e-17
7.355691275469227e-20,0.9999952340104818,4.7659895181051075e-06
1.1475901267958833e-08,0.0002141770530011318,0.9997858114710976
0.9999999999925642,1.1295722112395657e-42,7.435852475927345e-12
0.9999979205443446,3.057052178611651e-30,2.0794556554617333e-06
0.9999995864434676,3.756427157333137e-32,4.1355653219326065e-07
0.9998771559888958,2.0733591145538827e-25,0.0001228440111042296
5.032587838261033e-10,0.8255613459335412,0.17443865356319996
3.1816305529871837e-16,0.9999691861660751,3.0813833924538396e-05
1.5894423476323428e-07,0.017188118978728382,0.9828117220770368
1.1680197602168046e-20,0.9999998813139482,1.1868605176054816e-07
7.51748135713343e-16,0.9999673679938199,3.2632006179559335e-05
8.356043752301259e-08,1.598050748323433e-05,0.9999839359320792
0.999765793507922,7.638178126861924e-25,0.00023420649207785802
0.999996496108958,5.998747329231895e-30,3.503891041959522e-06
0.99999926330124,1.3799495658359438e-31,7.366987600210814e-07
0.9999973297864388,1.428834604548615e-28,2.6702135610619213e-06
7.282091920923588e-15,0.996287600225728,0.0037123997742647538
0.9999999999929592,6.179178720887541e-43,7.040730819439679e-12
2.280335150553838e-05,6.382546240510961e-09,0.9999771902659482
5.065024564378634e-15,0.9998879150336433,0.00011208496635156257
1.230827132676386e-06,6.019322712590535e-07,0.9999981672405961
0.0007423389350965641,9.210297424004507e-11,0.9992576609728006
1.003144507485565e-17,0.9998737418969539,0.00012625810304615453
0.00039976366649990033,1.0982293988115543e-10,0.9996002362236772
5.967682788873102e-15,0.9998395857358572,0.00016041426413684832
6.042382401638238e-09,0.0008728001248978279,0.9991271938327198
8.557765024770212e-12,0.9856803987964627,0.014319601194979324
0.0059983608019687,1.4954619467524577e-11,0.9940016391830767
7.632331024676045e-18,0.999997338879833,2.661120166964154e-06
2.3401402341328612e-24,0.9999999747582113,2.5241788731738393e-08
1.5578913526434875e-06,0.009875540798490845,0.9901229013101565
1.2657513028290133e-08,0.00031994283404879236,0.9996800445084383
0.9969732204933917,5.134430257525101e-22,0.0030267795066082747
0.9994353051018814,3.405384005291338e-25,0.000564694898118697
0.9999935891087315,9.116507366119322e-29,6.410891268593966e-06
0.0007785853305139185,1.119410794046248e-11,0.9992214146582918
7.048535301005463e-08,5.203215010086196e-05,0.999947897364546
0.9999999999999896,9.862729691800639e-51,1.0370335460827768e-14
3.397963127375317e-23,0.9999999938527997,6.147200174789201e-09
1.764067263832341e-15,0.9999411394737362,5.886052626191865e-05
3.0562071402322197e-06,3.4798972911518595e-08,0.9999969089938869
9.9025820900608e-17,0.9999842252136735,1.5774786326580016e-05
0.9999999999999749,6.857866519904335e-50,2.5077189139965764e-14
0.9999999964659625,9.307414886946601e-37,3.5340374566933784e-09
0.000678450823579064,4.6732577437517266e-07,0.9993210818506466
3.444110504081268e-06,0.0025487154136494437,0.9974478404758464
1.2130825993764794e-14,0.9888575306361788,0.011142469363809228
4.792878924564058e-07,5.076411792942719e-06,0.9999944443003146
3.695684221336791e-08,4.564473368400739e-05,0.9999543183094739
1.0914385790185153e-11,0.9922948744751435,0.007705125513942115
0.999268294538635,8.876008945654853e-24,0.0007317054613651457
3.187139411142362e-22,0.9999999921920913,7.807908686453943e-09
4.812784428972034e-10,0.018393197249228884,0.9816068022694927
0.9999568093131801,1.4481793451031183e-25,4.3190686819958686e-05
0.9999999999999862,5.07603957955126e-50,1.3837360425409508e-14
3.9236013456064996e-23,0.9999999970919591,2.90804100310122e-09
4.144301960388773e-07,1.3079667609099873e-06,0.999998277603043
0.006204002449687414,1.4389494332985224e-12,0.9937959975488737
0.9788135745933552,2.1360192463999224e-20,0.021186425406644813
5.4300190224151974e-08,0.1254327734808865,0.8745671722189232
5.80742291666651e-07,3.7655624599240552e-06,0.9999956536952483
0.9999417685731744,9.621305096336418e-26,5.823142682558083e-05
0.01994048416530716,1.1461859142075379e-08,0.9800595043728336
0.9999999829338738,7.075641564641645e-35,1.706612613575091e-08
4.4239529434350376e-09,0.003532857466533483,0.9964671381095135
0.9999791027366199,4.724913570324276e-27,2.0897263380183856e-05
8.405601504529536e-23,0.9999999950686769,4.931323096904784e-09
0.9999999999999782,1.3213240856684393e-49,2.168662861632554e-14
0.2387085312051041,2.2396989263387902e-10,0.761291468570926
7.617259147489127e-22,0.9999992147191215,7.852808785746004e-07
6.274262403965297e-24,0.9999999993001887,6.998113840629378e-10
0.9999977295728631,2.2371531694990565e-30,2.2704271367924223e-06
0.0004287230863505754,5.769926707712132e-10,0.9995712763366568
2.465886260819563e-06,9.698608959483207e-08,0.9999974371276497
5.0642384127910614e-21,0.9999981927629705,1.8072370294635576e-06
0.9999997962195337,9.430423557500557e-33,2.0378046623742732e-07
1.3047241923923733e-08,0.0006646116708626878,0.9993353752818954
0.9999999997189992,5.510382231002069e-40,2.8100081616885e-10
0.9999999801518249,8.634989657706964e-35,1.9848175213395607e-08
5.297091177627747e-26,0.999999999865328,1.3467202180612926e-10
8.618576045089946e-15,0.999765062568636,0.00023493743135530806
0.999998489603473,1.1220346156967281e-29,1.510396526985664e-06
0.9997641344104035,1.798216546282879e-24,0.0002358655895965056
1.1581261897784677e-26,0.9999999999619129,3.808706783526765e-11
7.979323179489566e-21,0.999996427039746,3.5729602541026146e-06
0.04696825724397132,1.3092230937682898e-13,0.9530317427558976
0.9999997299659761,7.8834321775248e-33,2.700340238665045e-07
2.528157545937662e-05,4.137493264235102e-09,0.9999747142870474
0.9998891643236202,3.436233420920839e-25,0.00011083567637974646
3.189575139641403e-09,0.8007360644356916,0.1992639323747333
0.9999938506017785,1.1526620765910482e-28,6.149398221433855e-06
0.9999999999962421,2.4135838878461266e-44,3.757818739228413e-12
1.4386439282386668e-17,0.9998285682561266,0.00017143174387342902
0.9999999999864431,3.189307025960741e-43,1.355685360018532e-11
3.545383762417311e-27,0.9999999999896887,1.0311222085298778e-11
0.9999998483484475,3.280243326733254e-33,1.5165155243161853e-07
1.3540439357281823e-28,0.9999999999973062,2.69378059134552e-12
1.852269626405701e-06,7.576291753327911e-07,0.9999973901011981
0.9999781094408924,3.1277464856797076e-28,2.1890559107573775e-05
7.937786572078684e-08,9.429038345506953e-06,0.9999904915837887
1.6893516798782185e-27,0.9999999999929405,7.059481995051984e-12
0.9999999999999925,1.2393842742343295e-50,7.659463285509278e-15
7.814092513266672e-07,0.006602395045817862,0.9933968235449308
3.788058743896561e-05,1.9766313842972243e-09,0.9999621174359296
2.359244770157336e-16,0.9999709776487242,2.9022351275464145e-05
0.00011631226049069612,1.050927785399977e-09,0.9998836866885814
0.9999671317236127,1.3539186067565954e-26,3.286827638734685e-05
4.206643058447728e-06,3.7182743621760184e-08,0.999995756174198
0.00042770119717937136,1.179023697569091e-10,0.9995722986849183
1.74484504249815e-27,0.9999999999914964,8.503746814894436e-12
0.00010748570575979974,4.5212548734968777e-10,0.9998925138421147
2.85740026773225e-08,0.0005461899446913536,0.999453781481306
0.0006339485733833338,7.116010362680046e-11,0.9993660513554565
1.3816702464668173e-05,1.9863220881143934e-05,0.9999663200766542
5.336515426419772e-14,0.9992294726237161,0.000770527376230435
0.000242953586597065,3.862835064067806e-06,0.9997531835783388
0.9999999999999876,2.4683045818938644e-50,1.2442686062899972e-14
3.225365970339015e-08,0.00015696536161340977,0.999843002384727
5.9098716565992546e-05,1.7475044026706392e-09,0.9999408995359297
0.9999994988694394,8.906011905669269e-32,5.011305605447152e-07
0.00014051986404754573,1.029079876982855e-09,0.9998594791068725
2.5605354159893713e-16,0.998821325137719,0.0011786748622807527
0.999987784275479,1.1284951856574467e-27,1.2215724521121745e-05
6.235419806373095e-08,1.7959364668285663e-06,0.9999981417093351
0.999998939342858,2.3861368188862527e-30,1.0606571419212808e-06
1.3580705884807945e-09,0.013353187568606206,0.9866468110733232
4.1356827104203574e-08,0.00014898956066411808,0.9998509690825089
0.9999942315573291,5.52167092827396e-29,5.768442670943624e-06
8.790118143649624e-06,3.252445303613142e-08,0.9999911773574033
1.6904073348921764e-07,2.907388242202076e-06,0.9999969235710242
0.9999999999921776,1.466177309853509e-42,7.822449272434976e-12
6.767944813587593e-30,0.9999999999996603,3.3983067330422806e-13
1.337383980425753e-15,0.999940121010806,5.9878989192651e-05
6.130845317058693e-27,0.9999999999685751,3.142496573664778e-11
0.9970997458144498,2.843976027198478e-22,0.00290025418555024
2.2336314754828527e-10,0.9128141736723063,0.08718582610433048
1.5491274945794263e-31,0.9999999999999512,4.8826731985559535e-14
0.0015587238316328296,3.0095192513956397e-11,0.9984412761382719
3.833091760033588e-05,4.132503636005586e-09,0.9999616649498961
2.1683003257013692e-32,0.9999999999999898,1.0291748510012911e-14
0.9999999999783553,1.4008519055626552e-41,2.1644643674419505e-11
4.9285750905985595e-08,1.7885790037469722e-05,0.9999820649242117
7.439898316179197e-22,0.9999999882189744,1.1781025624853806e-08
7.949712768292248e-11,0.9484328573842177,0.05156714253628526
0.999999999996803,3.43975942059741e-43,3.1970209294877082e-12
0.9994304583663717,5.346086899412697e-25,0.0005695416336284173
1.7616098416192082e-08,0.00024409379505312937,0.9997558885888486
4.724604815095139e-25,0.9999999915053023,8.494697774654326e-09
2.7938544262113175e-09,0.004643437059185146,0.9953565601469605
0.999999080840017,3.016156696860421e-30,9.191599831113801e-07
0.9999995654152515,2.2252139347863426e-32,4.345847485682039e-07
3.145313566560221e-07,4.1540635270343354e-06,0.9999955314051163
1.2749898622398521e-08,0.00017905501777789885,0.9998209322323235
1.14550554190966e-15,0.9999331656039879,6.68343960109603e-05
0.9985559756724249,5.463438386841087e-23,0.0014440243275750041
0.000226504238817399,1.0249795750893989e-05,0.9997632459654318
0.9999999999966285,4.187883142771312e-43,3.371591819641114e-12
3.8096138745707673e-06,2.539168541380645e-07,0.9999959364692712
0.9988548084143664,3.135886736154912e-23,0.0011451915856335712
8.319943495669416e-07,9.622988707472129e-07,0.9999982057067797
0.0015652531641599141,8.555778230583426e-12,0.9984347468272844
1.0485792968346463e-07,1.529626997582732e-05,0.9999845988720945
2.080077150942994e-22,0.9999999928659962,7.134003804167424e-09
2.3818144111770917e-09,0.7768000199330176,0.22319997768516792
0.9999999999999831,3.9901793588020145e-50,1.6976241664844185e-14
0.9922794635696913,6.87490663959927e-22,0.007720536430308668
0.00020585679482167655,1.3602142982994231e-10,0.9997941430691569
1.782010607718961e-23,0.9999999986820032,1.3179968175691775e-09
2.4202219839145743e-33,0.9999999999999976,2.337584221483101e-15
0.00011504303013177589,7.7683310323492e-10,0.999884956193035
0.9967370900919279,3.1968044404001183e-22,0.0032629099080721214
0.00019275157677895116,1.8320485804873773e-09,0.9998072465911725
0.9996234639394989,8.892571568495973e-25,0.00037653606050121506
4.418397241070553e-22,0.9999996672789587,3.327210412905605e-07
1.003996055994422e-06,5.418922175740778e-07,0.9999984541117265
1.2525246316514104e-07,4.71553115758503e-05,0.9999527194359609
2.5975947803494224e-21,0.9999999539504073,4.604959275293925e-08
7.489119297474479e-06,1.643730016988883e-08,0.9999924944434024
0.9999968274302671,5.559312014282658e-29,3.1725697330124367e-06
1.3768488080502991e-05,1.6460681976109296e-08,0.9999862150512376
0.9999999714146214,5.678757519121415e-34,2.858537859156427e-08
1.8198510347752903e-06,0.00459200533098213,0.9954061748179832
7.191024857463778e-26,0.9999999999076237,9.237634744486588e-11
0.9999999999964315,4.428135583112168e-43,3.5685494762574703e-12
9.32588005927291e-09,0.00012213521005792534,0.999877855464062
1.2541105478272772e-15,0.9976872773302298,0.002312722669768946
0.9999326481655753,1.911065655705578e-27,6.735183442468268e-05
0.001497053556835078,3.7016025264159875e-11,0.9985029464061489
0.9999944187239749,1.8053966540505527e-28,5.581276025274481e-06
0.9999998511895986,5.424082599599905e-32,1.4881040135274715e-07
0.9999999986389214,2.6974504897333038e-37,1.3610786872632363e-09
1.943179256819793e-15,0.9999064054699339,9.359453006409728e-05
0.9999999988451949,2.47186594448139e-37,1.154805159037054e-09
0.9999994287174512,4.537833302850811e-31,5.712825487948179e-07
0.9999999999999636,3.1306096498298135e-49,3.642129424009949e-14
1.626047429286775e-08,0.00018981231526058164,0.9998101714242652
4.109755004010222e-18,0.9999975795737641,2.4204262357907283e-06
0.9960261691552728,1.7298177856883173e-22,0.003973830844727289
3.272767439095909e-08,0.0778184977049091,0.9221814695674165
0.9999999999884281,1.2480766699968927e-42,1.1571855862873226e-11
0.999999999893983,8.924076418885005e-40,1.0601687228807281e-10
7.000207282433451e-37,1.0,4.5937144169951795e-17
1.6697899785347853e-28,0.9999999999984204,1.5795924227608204e-12
6.88989257761561e-07,1.30358854899054e-06,0.9999980074221932
0.9999999910136,3.6923292019022223e-35,8.98640005232566e-09
0.9840968464027697,3.5705136518084845e-20,0.01590315359723041
0.9992931932863798,1.5560502954114984e-23,0.000706806713620217
3.978175112741643e-17,0.9999941767726348,5.823227365174521e-06
0.9999442319420891,6.880635153349261e-26,5.576805791088163e-05
0.9999999999999887,2.2158944093418257e-50,1.1272830066069088e-14
3.71176540241309e-10,0.02523283630885857,0.9747671633199648
4.048665493284982e-07,0.007588236862346574,0.9924113582711039
2.0721695396088722e-16,0.9999805369951781,1.9463004821672714e-05
8.733674179777244e-16,0.9999514596092877,4.854039071159115e-05
3.3408111851356054e-07,7.709471352645058e-06,0.9999919564475289
0.9999995064320557,2.1638456649711427e-31,4.935679442336954e-07
1.2480843640892482e-05,5.352216385168463e-09,0.9999875138041427
0.9999996400454331,9.795484195511383e-32,3.599545669927158e-07
0.9999999997853135,5.7171656538636145e-39,2.146863985727863e-10
7.695707030866511e-11,0.9688100256898468,0.03118997423319609
1.247753814177419e-10,0.9500456237370116,0.04995437613821296
1.2697155949958066e-18,0.9999974534678111,2.5465321887966052e-06
9.061561896792234e-23,0.9999999944850839,5.514915959991804e-09
0.9999977860560593,6.62621699091034e-30,2.213943940697559e-06
2.9272779361177326e-08,0.24561759492480043,0.7543823758024203
5.415715272003057e-11,0.1916817826524379,0.8083182172934049
5.1280124976771e-15,0.9949119043926412,0.005088095607353562
7.780058955952281e-08,0.2265973689586112,0.7734025532407993
2.3244797978443754e-23,0.9999999978366292,2.163370708705526e-09
0.9999999999563829,4.5170138720693406e-42,4.361714590043863e-11
0.9999999999407998,7.625403025226022e-41,5.920010441241664e-11
0.9999999999802414,6.524132928318338e-42,1.9758727168840452e-11
0.9913990431270289,1.2064384693319517e-20,0.008600956872971029
0.9947824402629645,7.075397945482525e-22,0.0052175597370354414
4.5969529340632786e-11,0.978858720872675,0.021141279081355366
5.604052795055591e-07,6.9078654760147774e-06,0.9999925317292445
4.104092978910798e-05,2.8306824199745074e-05,0.9999306522460111
0.999997007620121,4.9392888915309135e-29,2.992379878931737e-06
0.00010477015587802773,1.0000718731565164e-09,0.9998952288440501
3.9666526947924426e-05,5.899055859361135e-09,0.9999603275739963
4.527726137514639e-08,0.0001674000451130399,0.9998325546776254
2.020842531993691e-05,5.912185941925822e-08,0.9999797324528207
2.0098332533725124e-06,2.1333031637386962e-07,0.9999977768364303
3.8833625447329e-23,0.9999999978555532,2.1444468800709578e-09
0.0006449861504441739,4.291377652040863e-11,0.999355013806642
1.0655905536528615e-28,0.9999999999975282,2.4717615962997688e-12
0.9994567602790726,9.321678458282175e-25,0.0005432397209275269
0.0003065969460759919,8.161288708001877e-10,0.9996934022377951
0.9998693327846169,6.863078523774728e-26,0.00013066721538326152
1.1182707156910855e-22,0.9999999914338585,8.566141516076478e-09
0.9999999999494551,8.685456429168178e-42,5.054482782938882e-11
5.751110650593762e-12,0.9873252469223164,0.012674753071932419
1.0695844643754657e-09,0.00418224651917675,0.9958177524112389
7.774779617713489e-29,0.9999999999981075,1.892431250275229e-12
1.729505000959049e-14,0.9952258003550222,0.004774199644960636
7.429930461915335e-05,8.650550607967867e-09,0.9999256920448303
8.941847047702994e-05,6.010554416553358e-10,0.9999105809284675
0.9999602259255173,4.0216001517771e-27,3.977407448286004e-05
0.9999999994076407,2.7562829320305893e-38,5.9235920341535e-10
2.3781569610403924e-25,0.9999999997579032,2.4209683220234673e-10
2.357977284198233e-06,3.890429966902663e-07,0.9999972529797192
9.063788212919119e-10,0.8410628325174699,0.15893716657615123
0.9997018147719754,2.0276848240364347e-24,0.00029818522802448815
8.378274353435946e-18,0.9999938780023632,6.1219976369449986e-06
4.047261974867912e-13,0.9973539814279354,0.0026460185716598215
4.730584214329933e-18,0.9998936135584126,0.00010638644158735408
8.053994883487051e-06,0.0001884710644572658,0.9998034749406594
0.9999983312152887,1.085783989156879e-30,1.668784711371727e-06
0.9996096677317494,3.7840157440908294e-25,0.0003903322682506792
0.00023091675593796024,2.6645922030163593e-10,0.9997690829776028
7.222648443414691e-21,0.9999999451453193,5.485468061887665e-08
9.699863879629472e-09,0.0004962674791604708,0.9995037228209758
3.8215445956825524e-05,8.541582103965786e-09,0.9999617760124612
0.0015807778072279488,1.3971279900881573e-11,0.9984192221788007
1.9498371403722173e-16,0.9999815843881023,1.841561189747033e-05
1.1323168607763109e-06,9.342926774130694e-07,0.999997933390462
3.751841465351686e-08,2.2820919989247992e-05,0.999977141561596
0.9999998643549675,2.7258633009832954e-33,1.3564503253044451e-07
0.04034273122023213,1.3299764174548504e-13,0.9596572687796348
2.0647664120210355e-06,5.98407629504545e-08,0.9999978753928249
6.899653745034443e-05,1.5188834122338971e-09,0.9999310019436664
1.3891264490453816e-36,1.0,4.407615319852209e-17
0.9999999999513529,6.087649027782957e-41,4.864710918003083e-11
3.0796631235814687e-28,0.9999999999030131,9.698694378966939e-11
3.335691081373351e-15,0.9999055427702964,9.445722970031181e-05
0.00716238689969841,1.1412500538367826e-11,0.9928376130888891
5.761803025855258e-35,0.9999999999999996,3.8622842969114336e-16
